:020000040800F2
:100000001810002039020008B5240008D123000888
:10001000B1240008D307000871290008000000007F
:10002000000000000000000000000000412900085E
:10003000D707000800000000B92400084329000881
:10004000530200085302000853020008530200083C
:10005000530200085302000853020008530200082C
:10006000530200085302000853020008530200081C
:10007000530200085302000853020008530200080C
:1000800053020008530200085302000853020008FC
:1000900053020008530200085302000853020008EC
:1000A00053020008530200085302000853020008DC
:1000B00053020008530200085302000853020008CC
:1000C00053020008530200085302000853020008BC
:1000D0005302000861290008530200085302000877
:1000E000530200085302000853020008530200089C
:1000F000530200085302000853020008530200088C
:1001000053020008052500085302000853020008A6
:10011000530200085302000853020008530200086B
:10012000530200085302000853020008530200085B
:10013000530200085302000853020008530200084B
:10014000530200085302000853020008530200083B
:10015000530200085302000853020008530200082B
:10016000530200085302000853020008530200081B
:100170005302000853020008530200080000000068
:10018000530200085302000800F002F800F045F89E
:100190000AA090E8000C82448344AAF10107DA45E2
:1001A00001D100F03AF8AFF2090EBAE80F0013F0EF
:1001B000010F18BFFB1A43F001031847DC020300CC
:1001C000FC020300103A24BF78C878C1FAD852075D
:1001D00024BF30C830C144BF04680C6070470000C1
:1001E0000023002400250026103A28BF78C1FBD840
:1001F000520728BF30C148BF0B6070471FB505F0DC
:100200003FFB00F07FF904000020002105F022FBF5
:10021000401C60601FBD10B510BD00F03DFA1146D6
:10022000FFF7ECFF05F074FA00F05BFA03B4FFF798
:10023000F2FF03BC00F05EFA094880470948004716
:10024000FEE7FEE7FEE7FEE7FEE7FEE7FEE7FEE786
:10025000FEE7FEE704480549054A064B70470000E3
:100260004D29000889010008180A002018100020F4
:10027000180C0020180C002010B500F043F9001DE8
:1002800010BD00BFD155000053EA020C00F0698098
:100290002DE9F04B4FF00006002B1FBFB3FA83F59A
:1002A00003FA05F424FA05F65E4012BF1643B2FACB
:1002B00082F502FA05F4C5F120051EBF22FA05FCFD
:1002C00044EA0C04203556EA044C4FEA144418BFA3
:1002D000641C4FF000084FF00009904271EB030CD2
:1002E00039D3002919BFB1FA81F701FA07F6B0FA3C
:1002F00080F700FA07F6C7F120071EBF20FA07FCB7
:1003000046EA0C062037B6FBF4FCA7EB0507103FC6
:1003100007F01F0BCBF120060CFA0BFB2CFA06F6AC
:1003200044BFB3460026202FA4BF5E464FF0000B0B
:100330005BEA060C08BF4FF0010B19EB0B09ABFB96
:10034000027C48EB0608C01B06FB02CC0BFB03CC6F
:1003500071EB0C01C1E70B46024641464846BDE839
:10036000F08B13B54FF000004FF00001AFF30080A9
:10037000BDE81C407047401ECAB210F8011F8A42F7
:1003800002D00029F9D10020704710B5431C02E0CB
:1003900010F8011B71B18107FAD14FF0013202C888
:1003A0008C1A8C4314EAC211F9D0C01A0A0603D081
:1003B000C01E10BDC01A10BD0A0401D0801E10BDA1
:1003C0000902FCD0401E10BD431A28BF9A4240F2D9
:1003D0009D80032A1044114440F2268010F0030F40
:1003E0001EBF11F8013D521E00F8013D10F0030F31
:1003F0007FF4F6AF11F0030300F0E080083AC0F09C
:100400000B8051F8043D083A51F804CD40F8043D02
:1004100040F804CDFFF7F3BF121D5CBF51F8043D57
:1004200040F8043DAFF30080D20724BF11F8013D2E
:1004300011F801CD48BF11F8012C24BF00F8013D8F
:1004400000F801CD48BF00F8012C704710B5203AE4
:10045000C0F00B80B1E81850203AA0E81850B1E87D
:100460001850A0E81850BFF4F5AF5FEA027C24BF33
:10047000B1E81850A0E8185044BF18C918C0BDE82A
:1004800010405FEA827C24BF51F8043B40F8043BF3
:1004900008BF7047D20728BF31F8023B48BF11F8A8
:1004A000012B28BF20F8023B48BF00F8012B704702
:1004B0004FF0000200B5134694469646203922BFFD
:1004C000A0E80C50A0E80C50B1F12001BFF4F7AF48
:1004D000090728BFA0E80C5048BF0CC05DF804EB2A
:1004E000890028BF40F8042B08BF704748BF20F898
:1004F000022B11F0804F18BF00F8012B7047704796
:100500007047704700487047D8090020032A40F21E
:10051000308010F0030C00F0158011F8013BBCF1A5
:10052000020F624498BF11F801CB00F8013B38BFBD
:1005300011F8013BA2F1040298BF00F801CB38BFCB
:1005400000F8013B11F003033FF480AF083AC0F01C
:10055000088051F8043B083A51F804CBA0E8081091
:10056000F5E7121D5CBF51F8043B40F8043BAFF3C4
:100570000080D20724BF11F8013B11F801CB48BF1E
:1005800011F8012B24BF00F8013B00F801CB48BF54
:1005900000F8012B7047431A28BF9A427FF656AFE6
:1005A000104410F0030F11441EBF11F8013D521EFC
:1005B00000F8013D10F0030F7FF4F6AF103AC0F0E1
:1005C0000A8010B531E91850103A20E91850BFF4EC
:1005D000F9AFBDE81040530724BF31E9081020E906
:1005E000081044BF51F8043D40F8043D12F0030FD9
:1005F00008BF7047D20728BF31F8023D48BF11F845
:10060000012C28BF20F8023D48BF00F8012C70479C
:1006100000487047B80900204FF0013C50F8042B07
:1006200051F8043B9A4221D1A2EB0C03934313EA05
:10063000CC1317D150F8042B51F8043B9A4215D132
:10064000A2EB0C03934313EACC130BD150F8042B09
:1006500051F8043B9A4209D1A2EB0C03934313EAED
:10066000CC13DBD04FF00000704700BFD01A01BAA6
:10067000B1FA81F101F0180122FA01F0CB40C1F189
:100680002001DBB2C0B2C01A2CFA01F3D11A914397
:1006900011EAC311E6D170477546FFF7B9FFAE46C0
:1006A00005006946534620F00700854618B020B57E
:1006B000FFF7D0FDBDE820404FF000064FF00007E7
:1006C0004FF000084FF0000B21F00701AC46ACE8FA
:1006D000C009ACE8C009ACE8C009ACE8C0098D4667
:1006E000704710B50446AFF300802046BDE81040C7
:1006F000FFF79CBD01491820ABBEFEE726000200B3
:100700007047704710B504462146024800F0CAFF02
:1007100010BD0000C406002010B5044800F0D5FF4D
:10072000042801D0012010BD0020FCE7C4060020F1
:1007300010B5002400F014F8012801D0012010BDEC
:10074000064801F0E3F8044634B94FF40061034869
:1007500000F05EFE00B101242046F0E7C406002050
:1007600008B5012000909DF8000008BD2DE9F84370
:1007700004460D4616461F464FF0000833462A46EB
:1007800021460548009701F0A1F908B14FF0010892
:100790004046BDE8F8830000C40600207047000012
:1007A0002DE9F84304460D4616461F464FF0000853
:1007B00033462A4621460548009701F0DDFA08B184
:1007C0004FF001084046BDE8F8830000C406002051
:1007D000704700BFFEE7704772B600BFFEE730B556
:1007E00004460D4600222946204600F001F830BD9F
:1007F000F0B50346012500241148407A01281CDA8F
:1008000000200F4E767A0E4FB8553846467A001DB6
:1008100040F82630001F467A083082553E46707AEE
:10082000461C7E72044604F1300008703A2048707D
:100830002F2088700020C87000252846F0BD0000D9
:10084000AC09002070B50446A56D00F071F90646AC
:1008500094F83500022808D08020606500BF002091
:1008600084F8340000BF012070BD2068006820F0CB
:100870001600216808602068406920F08000216827
:100880004861206C08B9A06C28B12068006820F08D
:100890000800216808602068006820F001002168D5
:1008A000086010E000F044F9801B05280BD92020D7
:1008B0006065032084F8350000BF002084F8340010
:1008C00000BF0320D0E72068006800F00100002886
:1008D000E8D194F85C103F208840A860012084F89B
:1008E000350000BF002084F8340000BF00BFBBE724
:1008F000014691F83500022803D080204865012088
:100900007047052081F835000868006820F0010074
:100910000A6810600020F3E770B5044600F008F99B
:1009200006462546681C10B104480078054400BFFF
:1009300000F0FEF8801BA842FAD370BD1000002022
:10094000F8B502460B460025002400200021D5E022
:10095000012606FA01F51E6806EA0504AC4274D1C8
:100960001E7906F00306012E04D01E7906F0030658
:10097000022E13D190684F000326BE40B0434F00B3
:10098000DE68BE4030439060506801268E40B04320
:100990001E79C6F300168E40304350601E7906F073
:1009A0000306032E09D0D0684F000326BE40B04393
:1009B0004F009E68BE403043D0601E7906F00306AB
:1009C000022E13D1CF0802F1200656F827004E0759
:1009D000F70E0F26BE40B0434F07FF0E1E69BE4004
:1009E0003043CF0802F1200646F8270010684F0078
:1009F0000326BE40B0431E7906F003064F00BE40FA
:100A0000304310605E6806F44036002E75D000BF9B
:100A1000002600963B4E366846F48046394F3E60CD
:100A20003E46366806F48046009600BF00BF364E4C
:100A30008F0856F827008E07370F0F26BE40B043A9
:100A4000324EB24202D1002624E056E0304EB2428D
:100A500001D101261EE02F4EB24201D1022619E03B
:100A60002D4EB24201D1032614E02C4EB24201D1E8
:100A700004260FE02A4EB24201D105260AE0294E93
:100A8000B24201D1062605E0274EB24201D1072627
:100A900000E008268F073F0FBE4030431A4E8F08F4
:100AA00046F82700214E3068A0435E6806F4803681
:100AB00006B120431D4E3060361D3068A0435E688D
:100AC00006F4003606B12043184E361D3060361D40
:100AD0003068A0435E6806F4801606B12043134ECA
:100AE00008363060361D3068A0435E6806F4001694
:100AF00006B120430D4E0C363060491C1029FFF41E
:100B000027AFF8BD443802400838014000000240D9
:100B10000004024000080240000C024000100240A5
:100B20000014024000180240001C0240003C01403A
:100B30000148006870470000080000200348006872
:100B400003490978084401490860704708000020FB
:100B50001000002010B50D48006840F400700B49EB
:100B600008600846006840F4806008600846006835
:100B700040F480700860032000F0A2F80F2000F01D
:100B800007F800F02BF8002010BD0000003C0240E8
:100B900070B504460E4800784FF47A71B1FBF0F05E
:100BA0000C490968B1FBF0F5284601F0FDF908B1E0
:100BB000012070BD102C07D200222146501E00F0EB
:100BC00041F80548046001E00120F2E70020F0E769
:100BD00010000020140000200C00002008B500BF09
:100BE000002000900E48006840F480400C490860E6
:100BF0000846006800F48040009000BF00BF00BFBE
:100C000000200090081F006840F08050091F086015
:100C10000846006800F08050009000BF00BF08BD8B
:100C20004438024001460846002809DB00F01F0353
:100C300001229A4043099B0003F1E023C3F80021FD
:100C400000BF70472DE9F05F80460D46164600272D
:100C500004F0D8F8074639462A46334601F0070023
:100C6000C0F1070ABAF1040F02D94FF0040A01E0FB
:100C7000C0F1070AD14600F1040ABAF1070F02D207
:100C80004FF0000A01E0A0F1030AD4464FF0010A38
:100C90000AFA09FAAAF1010A0AEA020A0AFA0CFA9D
:100CA0004FF0010B0BFA0CFBABF1010B0BEA030B42
:100CB0004AEA0B042146404604F090F8BDE8F09F54
:100CC00000BF00F00702064B19684FF6FF031940FA
:100CD000044B0B4343EA0221014B196000BF7047EC
:100CE0000CED00E00000FA0570B504460D460CB9A5
:100CF000012070BD5848006800F00700A84209D2E2
:100D000055490D700846006800F00700A84201D060
:100D10000120EEE7207800F0020002281DD12078A3
:100D200000F00400042805D14C48006840F4E0506D
:100D30004A490860207800F00800082805D1474893
:100D4000006840F46040454908604448006820F06D
:100D5000F000A168084341490860207800F00100D4
:100D6000A8B36068012807D13C4808380068C0F380
:100D70004040B8B90120BCE76068022802D0606832
:100D8000032807D1354808380068C0F3406048B9E7
:100D90000120AEE7314808380068C0F3400008B9C8
:100DA0000120A6E72D48006820F003006168084391
:100DB0002A490860FFF7BCFE064609E0FFF7B8FEC7
:100DC000801B41F28831884202D9032091E707E075
:100DD0002248006800F00C006168B0EB810FEDD193
:100DE0001D48006800F00700A84209D91A490D7093
:100DF0000846006800F00700A84201D0012078E70B
:100E0000207800F00400042807D11448006820F47A
:100E1000E050E168084311490860207800F00800BC
:100E2000082808D10D48006820F46040216940EA94
:100E3000C1000A49086000F03FF808490968C1F399
:100E40000311074A515CC84006490860064800681B
:100E5000FFF79EFE00204CE7003C024008380240AD
:100E6000A0580008140000200C0000200148006871
:100E7000704700001400002000B5FFF7F7FF044999
:100E80000968C1F38221034A515CC84000BD0000DB
:100E900008380240B058000800B5FFF7E7FF0449E2
:100EA0000968C1F34231034A515CC84000BD0000EB
:100EB00008380240B05800082DE9F047002400250A
:100EC0000026A1462548006800F00C0020B1042847
:100ED00005D008283AD105E0DFF8849039E0DFF842
:100EE000849036E01D48001F006800F03F041B4856
:100EF000001F006800F4800078B11A481749091FE4
:100F00000968C1F38811A0FB017001462246002345
:100F10003846FFF7B9F905460EE011480F49091F99
:100F20000968C1F38811A0FB017001462246002325
:100F30003846FFF7A9F905460848001F0068C0F3C6
:100F40000140401C4600B5FBF6F902E0DFF81090C6
:100F500000BF00BF4846BDE8F087000008380240E7
:100F60000024F40040787D01F8B504460CB9012056
:100F7000F8BD207800F00100002874D0F94800681E
:100F800000F00C0004280DD0F648006800F00C00BA
:100F9000082813D1F348001F006800F48000B0F562
:100FA000800F0BD1EF4808380068C0F3404000289C
:100FB00059D06068002856D10120D9E700BF606889
:100FC000B0F5803F08D1E7480838006840F4803029
:100FD000E449083908601EE06068B0F5A02F0DD123
:100FE000E0480838006840F48020DE49083908608D
:100FF0000846006840F4803008600CE0D9480838A2
:10100000006820F48030D749083908600846006835
:1010100020F48020086000BF606890B1FFF788FD71
:10102000054606E0FFF784FD401B642801D9032034
:101030009EE7CC4808380068C0F340400028F1D053
:1010400011E0FFF775FD054606E0FFF771FD401B57
:10105000642801D903208BE7C24808380068C0F330
:1010600040400028F1D1207800F0020002285FD132
:10107000BC48006800F00C0058B1BA48006800F0A5
:101080000C0008281CD1B748001F006800F480003D
:10109000B0B9B44808380068C0F3400020B1E06837
:1010A000012801D0012063E7AE480838006820F02D
:1010B000F800216940EAC100AA490839086037E010
:1010C000E06800B30120A8490860FFF731FD05463C
:1010D00006E0FFF72DFD401B022801D9032047E75A
:1010E000A04808380068C0F340000028F1D09D48AF
:1010F0000838006820F0F800216940EAC1009949E9
:101100000839086014E0002097490860FFF710FDD7
:10111000054606E0FFF70CFD401B022801D903201D
:1011200026E7904808380068C0F340000028F1D155
:10113000207800F0080008282CD16069A8B10120AF
:101140008A490860FFF7F4FC054606E0FFF7F0FC6B
:10115000401B022801D903200AE782486C3000684E
:10116000C0F340000028F1D014E000207F4908605F
:10117000FFF7DEFC054606E0FFF7DAFC401B02281D
:1011800001D90320F4E677486C300068C0F34000D2
:101190000028F1D1207800F00400042870D1002745
:1011A00070483830006800F0805090B900BF0020CF
:1011B00000906C483830006840F080506949383100
:1011C00008600846006800F08050009000BF00BF33
:1011D00001276748006800F48070B0B9644800686F
:1011E00040F4807062490860FFF7A2FC054606E003
:1011F000FFF79EFC401B022801D90320B8E65C489B
:10120000006800F480700028F2D000BFA0680128B8
:1012100008D154486830006840F0010051496831F5
:1012200008601DE0A06805280DD14E4868300068B0
:1012300040F004004B49683108600846006840F0FF
:10124000010008600CE047486830006820F00100A9
:101250004449683108600846006820F004000860CE
:1012600000BFA068A8B1FFF763FC054609E0FFF7DF
:101270005FFC401B41F28831884202D9032077E6A7
:1012800026E0384868300068C0F340000028EED0FF
:1012900013E0FFF74DFC054608E0FFF749FC401B53
:1012A00041F28831884201D9032061E62D48683037
:1012B0000068C0F340000028EFD1012F07D1294872
:1012C0003830006820F0805026493831086000BF6F
:1012D000A069002845D02348006800F00C000828C9
:1012E0005DD0A069022845D100201F490866FFF79C
:1012F0001FFC054606E0FFF71BFC401B022801D936
:10130000032035E6174808380068C0F3406000281D
:10131000F1D1D4E907010843616A40EA8111012251
:10132000A06AC2EB500041EA00412C20005D41EA76
:1013300000600C49091F086001200B490866FFF78F
:10134000F7FB054606E0FFF7F3FB401B022801D937
:1013500003200DE6034808380068C0F34060002809
:10136000F1D049E00838024000004742800E474271
:1013700000700040002021490866FFF7D9FB0546B0
:1013800006E0FFF7D5FB401B022801D90320EFE55B
:101390001B480068C0F340600028F2D12CE0A0692F
:1013A000012800D1E4E51648001D0668A06901285F
:1013B00020D006F48001E06981421BD106F03F0194
:1013C000206A814216D147F6C0703040616AB0EBA6
:1013D000811F0FD106F440310122A06AC2EB5000F8
:1013E000B1EB004F06D106F070612C20005DB1EB2F
:1013F000006F01D00120BBE50020B9E500004742A5
:101400000038024010B50446FFF77BF910BD00001C
:10141000F0B589B004460E460027032084F8340056
:10142000606C032820D0B6F5805F04D1A06B40F03B
:101430008050A0631CE0B6F5006F07D1204603F092
:101440006DF80546A06B2843A06311E03EB9204625
:1014500003F098F80546A06B2843A06308E0A06B52
:1014600040F00060A06303E0A06B40F08050A063F8
:10147000A06B38B1174821688863012084F83400D4
:10148000012713E060680390A0680490E06805906D
:10149000069660690790A069089006A807C88DE8BD
:1014A0000700206803A90EC901F034F84FF4007159
:1014B000206801F0ABF8054635B10648216888631D
:1014C000A06B2843A0630127012084F8340038462C
:1014D00009B0F0BDFF0540007047000010B502469E
:1014E000506E800F0870506EC0F383604870506E6D
:1014F000C0F301608870506E000CC870B2F86400D0
:10150000000A087192F864004871906E000DC8805E
:10151000906EC0F3034008726820805AC0F3C03058
:1015200048726820805AC0F3803088726820805AE0
:10153000C0F34030C8726820805AC0F3003008738E
:1015400000204873506C002836D16820805A8005EE
:10155000030DD06E43EA90700861D06EC0F3C26094
:101560000875D06EC0F302604875D06EC0F342506B
:101570008875D06EC0F38240C875D06EC0F3C2309B
:1015800008760869401C50650B7E506D03F0070318
:101590009B1C01249C4060435065087A00F00F03B7
:1015A000012098409065D2E915035B0A5843D06545
:1015B0004FF40073136621E0506C012813D16820AA
:1015C000805C8006830AD06E43EA10400861086997
:1015D000401C83025365536DD3654FF400739365CC
:1015E000936D13660AE02E4813689863906B40F081
:1015F00080509063012082F8340010BD6C20805A26
:10160000C0F3803001F8190F6C20805AC0F3C61067
:1016100048706C20805C00F07F008870106FC00FF5
:10162000C870106FC0F341700871106FC0F3826012
:101630004871106FC0F383508871106FC0F3405031
:10164000C87100200872106FC0F30040487270200B
:10165000805AC0F3C03088727020805AC0F3803046
:10166000C8727020805AC0F3403008737020805ACE
:10167000C0F3003048737020805AC0F38120887313
:101680007020805AC0F30120C8737020805CC0F3C2
:10169000460008740120487419390020ADE70000A5
:1016A000FF0540000246506C0860906C4860D06CAA
:1016B0008860106DC860506D0861906D4861D06D94
:1016C0008861106EC86100207047F8B5044600209C
:1016D00000906946204602F009FF054615B1A06B4F
:1016E0002843A0630098C0F343263046F8BD0000AD
:1016F00070B50446256B2068406BC0F3C03030B134
:1017000005F0080018B1204602F0D8FDF8E0206886
:10171000406BC0F30020002862D04FF48070216835
:1017200088632068C06B4CF23A3188432168C863F3
:101730002068C06A20F001002168C86205F0080036
:1017400038B305F0020010B905F0200050B1206850
:1017500001F0A0F806462EB1A06B3043A0632046EE
:10176000FFF7BAFE40F23A5021688863012084F8FE
:1017700034000020206305F0010010B905F00200DC
:1017800018B1204600F0EEFABAE0204600F0EFFA79
:10179000B6E005F080000028B8D005F0200050B178
:1017A000206801F077F806462EB1A06B3043A063A5
:1017B0002046FFF791FE05F001000028A6D105F0B4
:1017C00002000028A2D12068C06A20F00800216829
:1017D000C862012084F83400204600F0C8FA8FE087
:1017E0002068406BC0F3803030B105F0080018B1BC
:1017F000204602F009FE83E02068406B40F23A2167
:10180000084008B1012000E00020002878D02068BE
:10181000406BC0F3400018B1A06B40F00200A06321
:101820002068406BC0F3C00018B1A06B40F0080006
:10183000A0632068406BC0F3401018B1A06B40F06B
:101840002000A0632068406BC0F3001018B1A06BAB
:1018500040F01000A0632068406BC0F3402018B136
:10186000A06B40F00800A06340F23A7021688863E2
:101870002068C06B40F23A3188432168C863206811
:1018800001F008F8A16B0843A06305F0080040B11F
:10189000012084F83400002020632046FFF71CFE5E
:1018A0002EE005F0800000B305F0100010B905F03F
:1018B000200050B11348E16B0865E06BFFF718F8A2
:1018C00098B1E06B02F0EEFD1AE005F0010010B9EE
:1018D00005F0020050B10C48216C0865206CFFF740
:1018E00007F810B1206C02F0B9FD09E00020A063F8
:1018F000012084F83400002020632046FFF782FD99
:1019000070BD0000A54400085D44000810B5044601
:101910000CB9012010BD94F8340020B900202077C4
:10192000204600F067F8032084F83400204600F0D9
:101930000BF808B10120EDE70020A063206301202F
:1019400084F834000020E5E770B58AB00446002032
:10195000049005900690079008907620099007A8BB
:1019600007C88DE80700206804A90EC900F0D2FD61
:10197000064616B101200AB070BD00201B49086060
:10198000206800F0E1FD01201849A039C1F8A0004D
:10199000204602F02DFC05463DB1012084F83400BC
:1019A000A06B2843A0630120E5E7204602F0ABFCD2
:1019B00005463DB1012084F83400A06B2843A063A4
:1019C0000120D8E74FF40071206800F01FFE0546A3
:1019D0004DB1074821688863A06B2843A0630120AC
:1019E00084F83400C7E70020C5E70000A080254246
:1019F000FF05400010B586B00446142101A8FEF78B
:101A000057FD2E492068884255D100BF0020009024
:101A10002B48006840F400602949086008460068C7
:101A200000F40060009000BF00BF00BF00200090E5
:101A300023481438006840F0040021491439086034
:101A40000846006800F00400009000BF00BF00BF1F
:101A5000002000900846006840F008000860084632
:101A6000006800F00800009000BF00BF4FF4F8507D
:101A700001900220029001200390032004900C208A
:101A8000059001A90F48FEF75BFF0420019002209A
:101A9000029001200390032004900C20059001A9DE
:101AA0000948FEF74DFF002211463120FFF7CAF822
:101AB0003120FFF7B7F806B010BD0000002C014040
:101AC0004438024000080240000C02402DE9FF4F5C
:101AD00089B004468B469946DDF858A0FFF728F8F0
:101AE00002900B9800905D46BBF1000F07D1A06BF0
:101AF00040F00060A06301200DB0BDE8F08F94F8C5
:101B0000340001287ED10020A063009800EB090179
:101B1000E06D814205D9A06B40F00070A063012008
:101B2000EAE7032084F8340000202168C862606C72
:101B3000012802D00098400200904FF0FF3003903F
:101B40004FEA492004909020059002200690002042
:101B500007900120089003A9206800F0AEFCB9F1BD
:101B6000010F07D9022020632068009900F0B6FD1C
:101B7000804606E0012020632068009900F0CAFD3D
:101B80008046B8F1000F0DD0754821688863A06BBE
:101B900040EA0800A063012084F83400002020639C
:101BA0000120A9E7049E3AE02068406B00F4004061
:101BB000E0B1DEB10020019015E0206800F0CDFC1E
:101BC00007462F706D1C761E380A28706D1C761E15
:101BD000380C28706D1C761E380E28706D1C761E11
:101BE0000198401C019001980828E6D3FEF7A0FF59
:101BF0000299401A504502D2BAF1000F0FD158484D
:101C0000216800E0A6E08863A06B40F00040A0637C
:101C1000012084F834000020206303206CE7206852
:101C2000406B40F22A3108400028BDD02068406B4C
:101C300000F48070D0B1B9F1010F17D9606C03289E
:101C400014D0206800F026FE8046B8F1000F0DD0B9
:101C5000434821688863A06B40EA0800A063012024
:101C600084F8340000202063012045E72068406BA1
:101C700000F0080068B13A4821688863A06B40F022
:101C80000800A063012084F83400002020630120B4
:101C900032E72068406B00F0020068B130482168EC
:101CA0008863A06B40F00200A063012084F8340038
:101CB0000020206301201FE72068406B00F0200017
:101CC00068B1274821688863A06B40F02000A063BA
:101CD000012084F834000020206301200CE729E073
:101CE000206800F03AFC07462F706D1C761E380AFB
:101CF00028706D1C761E380C28706D1C761E380EF0
:101D000028706D1C761EFEF713FF0299401A50458D
:101D100002D2BAF1000F0DD1114821688863A06B7F
:101D200040F00040A063012084F8340000202063CC
:101D30000120E1E62068406B00F4001008B1002E9D
:101D4000CED140F23A5021688863012084F83400F3
:101D50000020D1E6A06B40F00050A0630120CBE64C
:101D6000FF05400010B50446FEF718FD10BD10B584
:101D70000446FEF72DFD10BD2DE9F04F89B0044655
:101D8000894693469846FEF7D3FE0290DA464D46C2
:101D9000B9F1000F07D1A06B40F00060A0630120F3
:101DA00009B0BDE8F08F94F8340001287ED10020FE
:101DB000A0630AEB0801E06D814205D9A06B40F0F9
:101DC0000070A0630120EBE7032084F834000020BA
:101DD0002168C862606C012801D04FEA4A2A4FF09E
:101DE000FF3003904FEA4820049090200590002097
:101DF000069007900120089003A9206800F05DFB81
:101E0000B8F1010F07D9202020635146206800F067
:101E10005FFD064606E0102020635146206800F072
:101E200073FD064666B15F4821688863A06B304346
:101E3000A063012084F83400002020630120AFE774
:101E4000049F43E02068406B00F4804030B32FB320
:101E5000002001901FE0287800906D1C7F1E2878DC
:101E6000009941EA002000906D1C7F1E287800999F
:101E700041EA004000906D1C7F1E2878009941EADD
:101E8000006000906D1C7F1E6946206800F07DFB9D
:101E90000198401C019001980828DCD3FEF748FE09
:101EA0000299411A1298814203D200E074E012981C
:101EB00060B93C4821688863A06B3043A06301206F
:101EC00084F8340000202063032069E72068406B19
:101ED00040F21A3108400028B4D02068406B00F46A
:101EE0008070B8B1B8F1010F14D9606C032811D01B
:101EF000206800F0CFFC064666B12A482168886356
:101F0000A06B3043A063012084F8340000202063DC
:101F1000012045E72068406B00F0080068B12148C7
:101F200021688863A06B40F00800A063012084F85A
:101F3000340000202063012032E72068406B00F06D
:101F4000020068B1174821688863A06B40F0020066
:101F5000A063012084F834000020206301201FE7E3
:101F60002068406B00F0100068B10E48216888635B
:101F7000A06B40F01000A063012084F83400002022
:101F8000206301200CE740F23A5021688863012069
:101F900084F83400002003E7A06B40F00050A063F9
:101FA0000120FDE6FF05400070B504462546681E89
:101FB000B0F1807F01D301200FE0681E4FF0E021D7
:101FC00048610F214FF0FF3002F008FF00204FF072
:101FD000E021886107200861002070BD70477047CC
:101FE0002DE9F84F0446206805682068C668206817
:101FF00047694FF00009CA4605F00F09B9F1000F13
:102000000AD105F0200038B106F0200020B12046AA
:1020100002F002FCBDE8F88FB9F1000F7CD007F0A8
:10202000010018B906F49070002875D005F0010081
:1020300030B106F4807018B1206C40F001002064CB
:1020400005F0040030B107F0010018B1206C40F039
:102050000200206405F0020030B107F0010018B161
:10206000206C40F00400206405F0080048B106F040
:10207000200010B907F0010018B1206C40F00800F2
:102080002064206C002846D005F0200028B106F01E
:10209000200010B1204602F0BFFB20684069C0F369
:1020A000801A206C00F0080010B9BAF1000F2DD092
:1020B000204602F05DFC2068406900F040004028A6
:1020C00020D100BF00BF2168143151E8001F21F06A
:1020D00040002168143141E80002002AF3D100BF1A
:1020E000A06B50B17548A16B0865A06BFEF700FCB2
:1020F00088B1A06B016D88470DE02046FFF76FFFA8
:1021000009E009E02046FFF76AFF04E02046FFF7F8
:1021100066FF002020647DE7206B012876D105F062
:102120001000002872D006F010000028FAD000BF7E
:1021300000200090206800680090206840680090AF
:1021400000BF00BF2068406900F0400040285ED119
:10215000A06B006840681FFA80F8B8F1000F54D0F7
:10216000A08D404551DDA4F82E80A06BC069B0F56C
:10217000807F43D000BF00BF21680C3151E8001FB1
:1021800021F4807021680C3141E80002002AF3D16B
:1021900000BF00BF00BF2168143151E8001F21F0CB
:1021A00001002168143141E80002002AF3D100BF88
:1021B00000BF00BF2168143151E8001F21F040002A
:1021C0002168143141E80002002AF3D100BF202029
:1021D00084F83E000020206300BF00BF21680C315E
:1021E00051E8001F21F0100021680C3141E8000285
:1021F000002AF3D100BFA06BFEF724FBA08DE28D77
:10220000801A81B22046FFF7E9FE03E740E0A08D87
:10221000E18D401A1FFA80F8E08DC0B3B8F1000FCD
:1022200035D000BF00BF21680C3151E8001F21F4F8
:10223000907021680C3141E80002002AF3D100BF00
:1022400000BF00BF2168143151E8001F21F00100D8
:102250002168143141E80002002AF3D100BF202098
:1022600084F83E000020206300BF00BF21680C31CD
:1022700051E8001F21F0100021680C3141E80002F4
:10228000002AF3D100BF41462046FFF7A7FEC1E672
:1022900005F0800030B106F0800018B1204602F051
:1022A00037FBB7E605F0400030B106F0400018B14A
:1022B000204602F093FBADE600BFABE6FD49000807
:1022C00010B504460CB9012010BDA06900B100E0B2
:1022D00000BF94F83D0028B9002084F83C00204657
:1022E00000F028F8242084F83D002068C06820F41D
:1022F00000502168C860204602F078F92068006923
:1023000020F49040216808612068406920F02A008C
:10231000216848612068C06840F400502168C860A6
:1023200000202064202084F83D0084F83E00002036
:10233000CAE7000010B586B00446142101A8FEF7D4
:10234000B7F81F492068884238D100BF00200090AC
:102350001C48006840F010001A49086008460068F0
:1023600000F01000009000BF00BF00BF00200090F0
:1023700014481438006840F001001249143908600C
:102380000846006800F00100009000BF00BF4FF455
:10239000C06001900220029000200390032004906E
:1023A0000720059001A90848FEF7CAFA0022114645
:1023B0002520FEF747FC2520FEF734FC06B010BDB3
:1023C000001001404438024000000240704770474E
:1023D00000BFFEE710B503490348FEF700FA0349C2
:1023E000087010BD030000208C5800080200002077
:1023F00008B500BF002000901548006840F00400B8
:10240000134908600846006800F00400009000BF0F
:1024100000BF00BF002000900846006840F00100A7
:1024200008600846006800F00100009000BF00BF8F
:1024300000BF002000900846006840F008000860D7
:102440000846006800F00800009000BF00BF08BD0B
:1024500030380240064807490860002048600021E3
:1024600004488160C160016141610621816170475A
:10247000002C0140C406002010B50B480B49086031
:102480004FF4E1304860002108488160C16001617B
:102490000C21416100218161C161FFF711FF08B189
:1024A000FEF79AF910BD0000001001404807002017
:1024B00000BFFEE700BFFEE7704710B502460023ED
:1024C0000868506248689062D1E9020420430C69B0
:1024D00020434C6920430343D06A20F0F70018439F
:1024E000D062002010BD01460869C0B270470146A5
:1024F000086800F003007047024602F11400431818
:102500001868704710B50248FFF7F2F810BD0000D8
:10251000C40600200FB410B504460021DDE9030213
:102520001043059A1043069A1043079A1043089ADD
:1025300010430143606847F6FF62904308436060C0
:10254000002010BC5DF814FB10B504460320206089
:102550000220FEF7E1F9002010BD0146D1F880000D
:10256000704710B50246002308689060D1E9010465
:102570002043CC6820430C6920430343D0686FF3A9
:102580000B001843D060002010BD02460868C2F856
:1025900080000020704770B586B005460C46019457
:1025A0003720029040200390002004904FF4806078
:1025B000059001A92846FFF7D4FF41F28832372160
:1025C000284602F045FA0646304606B070BD0000C7
:1025D00070B586B005460C460B4820430190292073
:1025E000029040200390002004904FF480600590FA
:1025F00001A92846FFF7B5FF284602F031FB064641
:10260000304606B070BD00000000108070B586B086
:1026100005460C46019410200290402003900020B3
:1026200004904FF48060059001A92846FFF799FFB8
:1026300041F288321021284602F00AFA0646304656
:1026400006B070BD70B586B005460C4601940620F4
:10265000029040200390002004904FF48060059089
:1026600001A92846FFF77DFF41F28832062128465E
:1026700002F0EEF90646304606B070BD30B585B0C2
:102680000446002000900190029003904FF4806077
:10269000049069462046FFF764FF204602F0B8F92F
:1026A0000546284605B030BD30B585B004464FF428
:1026B000D5700090082001904020029000200390E7
:1026C0004FF48060049069462046FFF74AFF204699
:1026D00002F04EFB0546284605B030BD70B586B009
:1026E00005460C46019412200290402003900020E1
:1026F00004904FF48060059001A92846FFF731FF50
:1027000041F288321221284602F0A2F906463046EC
:1027100006B070BD70B586B005460C460194112018
:10272000029040200390002004904FF480600590B8
:1027300001A92846FFF715FF41F2883211212846EA
:1027400002F086F90646304606B070BDF0B585B099
:10275000064614461D460094072001904020029032
:10276000002003904FF48060049069463046FFF7E4
:10277000F8FE41F288320721304602F069F9074637
:10278000384605B0F0BD30B585B004460020009055
:1027900002200190C0200290002003904FF480603E
:1027A000049069462046FFF7DCFE204602F026FA38
:1027B0000546284605B030BD70B586B005460C46C6
:1027C000019409200290C0200390002004904FF44F
:1027D0008060059001A92846FFF7C3FE284602F055
:1027E0000DFA0646304606B070BD30B585B00446D9
:1027F00000200090332001904020029000200390A0
:102800004FF48060049069462046FFF7AAFE41F22B
:1028100088323321204602F01BF90546284605B0D0
:1028200030BD70B586B005460C4601940D2002906F
:1028300040200390002004904FF48060059001A98F
:102840002846FFF78EFE41F288320D21284602F01D
:10285000FFF80646304606B070BD70B586B0054636
:102860000C4600200190032002904020039000209D
:1028700004904FF48060059001A92846FFF771FE8F
:1028800022460321284602F017FA0646304606B0D3
:1028900070BD000030B585B00446002000900C20CB
:1028A000019040200290002003904FF4806004903B
:1028B00069462046FFF755FE044A0C21204602F0E7
:1028C000C7F80546284605B030BD000000E1F50513
:1028D00070B586B005460C46019419200290402040
:1028E0000390002004904FF48060059001A92846D1
:1028F000FFF737FE41F288321921284602F0A8F886
:102900000646304606B070BD70B586B005460C462A
:1029100001941820029040200390002004904FF46E
:102920008060059001A92846FFF71BFE41F288321E
:102930001821284602F08CF80646304606B070BDD5
:10294000704710B5FEF7FAF810BD000003480068A4
:1029500040F47000014908607047000088ED00E015
:1029600010B50248FFF73CFB10BD000048070020EF
:1029700000BFFEE710B50446012006490870FDF7C8
:10298000D7FE20B9204601F07DFB024908700148BE
:10299000007810BD0100002000B593B0302107A8D9
:1029A000FDF786FD142102A8FDF782FD00BF00207F
:1029B00001902548006840F080502349086008468F
:1029C000006800F08050019000BF00BF00BF0020F1
:1029D00001901E48006840F480401C490860084689
:1029E000006800F48040019000BF00BF0220079003
:1029F00001200A9010200B9002200D9000210E91D2
:102A000008210F91A8211091022111910721129103
:102A100007A8FEF7A9FA08B1FDF7DEFE0F20029025
:102A200002200390002004904FF4A05005904FF432
:102A300080500690052102A8FEF756F908B1FDF76F
:102A4000CBFE13B000BD00004038024000700040D3
:102A500070B505462846FDF798FC064603E00021C0
:102A6000701E06462954002E05DD711E685C02F0BA
:102A700045FE0028F3D1002400E0641C285D02F02C
:102A80003DFE0028F9D1002C05DD301B421C291920
:102A90002846FDF799FC70BD2DE9F04180460C46B3
:102AA00015461E460127BB1E324629462046FDF725
:102AB0005DFE28B900BFFDF72FFE0028FBD10027DF
:102AC0003846BDE8F0810000F0B589B007460D46F4
:102AD000144601261648007800F0010010B10320CA
:102AE00009B0F0BD35B1012D06D0022D0BD0032D5C
:102AF00018D10FE0002617E001A8FDF703FE0798A4
:102B00002060002610E001A8FDF7FCFD0898208059
:102B1000002609E001A8FDF7F5FD0898400A2060AD
:102B2000002601E0042600BF00BF3046D8E70000C1
:102B3000010000202DE9F04180460C4615461E4656
:102B40000127BB1E324629462046FDF729FE28B93B
:102B500000BFFDF7E1FD0028FBD100273846BDE8A6
:102B6000F08110B50446204601F08CFA10BD00003B
:102B7000014600200BE0074A02EB001212688A426D
:102B800004D10022034B03EB00131A60401C0228FF
:102B9000F1D370478C070020F0B503460D461E6840
:102BA000D86A021D680A7789B0FBF7F400BF02CA31
:102BB00009B90020F0BD8C4200D202E0641A121D57
:102BC000F5E700BF10682044F4E70246891E9069CB
:102BD000801E884201D8002070475389D06A01FBCB
:102BE0000300F9E72DE9F34F83B0814604980068AC
:102BF0000190D9F80000D0F80CA000200646054648
:102C000000BF28466D1C01990C5C202C00DA41E0C5
:102C10002F2C01D05C2C0AD100E06D1C0198405D86
:102C20002F28FAD00198405D5C28F6D032E0FF2EC4
:102C300003D3062005B0BDE8F08FE4B2812C13DB8E
:102C4000E0B2FE2810DC28466D1C01990F5C07EBF2
:102C5000042084B2402F01DB7E2F05DD802F01DBB5
:102C6000FE2F01DD0620E5E70121204602F0B4FC3D
:102C700004460CB90620DDE7802C06DA21466FA059
:102C800000F0E4FC08B10620D4E73046761C2AF8B0
:102C90001040B6E700BF0198411904980160202C4C
:102CA00001DA042000E00020804608E0701E3AF8B7
:102CB0001040202C02D02E2C00D002E0761E002ED8
:102CC000F4D100BF00202AF816000EB90620B1E7A3
:102CD0000B22202109F1240000F0F0FD002500E086
:102CE0006D1C3AF815002028FAD03AF815002E2865
:102CF000F6D00DB148F0030800E0761E26B1701E34
:102D00003AF810002E28F8D10020074602904FF024
:102D1000080B00BF28466D1C3AF8104004B963E068
:102D2000202C03D02E2C04D1B54202D048F0030849
:102D3000F0E70298584501D2B54214D1BBF10B0F10
:102D400002D148F003084FE0B54201D048F0030833
:102D5000B54200D948E03546082002904FF00B0BF1
:102D6000B806070ED6E7802C09DB204602F072FC7D
:102D70000021009002F030FC044648F00208FF2CCD
:102D800011DDABF101000299884204D848F0030834
:102D9000CDF808B0BEE722120298411C029109F159
:102DA00024010A5419E024B1214627A000F04EFC6A
:102DB00018B15F2448F003080FE0412C04DB5A2CC3
:102DC00002DC47F0020708E0612C06DB7A2C04DC09
:102DD00047F00107A4F1200084B20298411C02913F
:102DE00009F124010C5495E700BF99F82400E52867
:102DF00002D1052089F82400BBF1080F01D1B806E3
:102E0000070E07F00C000C2803D007F0030003287E
:102E100001D148F0020808F0020058B907F0030099
:102E2000012801D148F0100807F00C00042801D156
:102E300048F0080889F82F800020FBE6222A3A3C57
:102E40003E3F7C7F000000002B2C3B3D5B5D000083
:102E50002DE9F74F8AB000210B9801600A9800F025
:102E600084FB08900898002803DA0B200DB0BDE819
:102E7000F08FB449089851F820400CB90C20F5E7C0
:102E80000B9804600C9800F0FE000C90207878B14C
:102E9000607802F001F8814609F0010040B90C9811
:102EA00020B109F0040008B10A20DFE70020DDE7C7
:102EB0000020207008986070607801F0ABFF8146B8
:102EC00009F0010008B10320D0E70C9820B109F007
:102ED000040008B10A20C9E700273946204600F05F
:102EE00031FE0546022D01D02EDA2DE0002614E039
:102EF0004FF4DF7000EB061104F134000844099030
:102F00000998007920B10998083001F042F800E0F2
:102F1000002002A941F82600761C042EE8D30026E2
:102F200006B1761E00BF02A850F8267027B13946B8
:102F3000204600F007FE00E003200546022D03DBDB
:102F4000701C06460428EED3042D01D101208DE724
:102F5000022D01DB0D2089E704F13F0000F089FC20
:102F6000B0F5007F01D00D2080E704F14A0000F0A9
:102F700080FC8046B8F1000F04D104F1580001F044
:102F800008F88046C4F81C804420005DA070A0783A
:102F9000012804D0A078022801D00D2066E7A0788F
:102FA00008FB00F84120005D6081608918B16089EC
:102FB000411E084008B10D2058E704F1450000F01B
:102FC00058FC2081207A00F00F0008B10D204DE759
:102FD00004F1470000F04DFC8246BAF1000F04D125
:102FE00004F1540000F0D5FF824604F1420000F0E5
:102FF00040FC0190019808B90D2037E70198404442
:10300000218900EB111007900798824501D20D200D
:103010002CE70798AAEB00006189B0FBF1FBBBF13C
:10302000000F01D10D2021E703254FF6F5708345F0
:1030300000D8022540F6F570834500D801250BF134
:103040000200A06127620198384460620798384402
:10305000E062032D13D104F15E0000F00AFC08B118
:103060000D2003E7208908B10D20FFE604F1600080
:1030700000F08FFFA062A0698000069014E0208914
:1030800008B90D20F2E6606A4044A062022D02D128
:10309000A069400007E0207E00F00100A16901EB7B
:1030A000410100EB51000690E169069800F2FF1023
:1030B000B1EB502F01D20D20D8E64FF0FF30606108
:1030C000206180202071032D2CD104F1640000F0D8
:1030D000D0FB012826D1791C204600F0F3F808BB6C
:1030E0000020207104F2322000F0C3FB4AF6552183
:1030F000884217D104F1340000F04BFF1249884296
:1031000010D104F5067000F044FF1049884209D13F
:1031100004F5077000F03DFF606104F5087000F0F1
:1031200038FF206125700A480088401C80B2084999
:103130000880E0800748E0602046FFF719FD002086
:1031400094E6000018000020525261417272416101
:103150001C000020AC0700202DE9F3410446264660
:10316000D6F8008002E00198401C01900198007898
:103170002F28F8D0019800785C28F4D00020B060A7
:1031800001980078202808D280212F2001550021A5
:10319000204600F0B1FA05462BE000BF01A9204609
:1031A000FFF720FD054605B122E0204600F068FD4E
:1031B00005462F20075D35B1042D03D107F004002B
:1031C00000B9052514E007F0040000B110E0B07963
:1031D00000F0100008B905250AE0A08AC0F3080233
:1031E00008F134001118404600F0C0FEB060D5E789
:1031F00000BF2846BDE8FC812DE9FF4F83B007469C
:1032000091461E460B223846049900F04AFB052ED3
:1032100019D9B04612E039F802BB00250CE0584637
:1032200068F35F0080464FEA6B0B08F4803010B102
:10323000234888EA00086D1C102DF0D3B9F800006F
:103240000028E8D14646072500BF06F00F0000F130
:10325000300ABAF1390F03DD0AF1070000F0FF0A66
:1032600028466D1E01A901F800A03609002EECD1F8
:103270007E20485500240BE0385D812807DB385D4F
:10328000FE2804DC681EA04200D106E0641C641C19
:10329000AC4202D2385D2028EED100BF00BF082D1D
:1032A00004D228466D1C01A9095C00E020212046BB
:1032B000641C3954082CF2D307B0BDE8F08F00002D
:1032C0002110010070B504460D460026206BA8426F
:1032D00010D0204600F010F806465EB96078012351
:1032E0002A4604F1340101F0BFFD10B14FF0FF3563
:1032F00001262563304670BD2DE9F04104460027C4
:10330000E078F8B1256B607801232A4604F1340196
:1033100001F0D0FD08B1012714E00020E070606AE0
:10332000281AE16988420DD2A67809E0E0690544CF
:10333000607801232A4604F1340101F0BBFD761EBA
:10334000022EF3D23846BDE8F0812DE9F0478246DF
:103350008946DAF80040B9F1000F06D1276917B1A4
:10336000A069B84215D8012713E04946504600F03D
:1033700010FA0646022E02D20120BDE8F087701C2A
:1033800008B93046F9E7A069B04201D93046F4E700
:103390004F463D4600BF6D1CA069A84204D80225D7
:1033A000BD4201D90020E8E72946504600F0F1F976
:1033B000064606B909E0012E01D0701C08B9304656
:1033C000DBE7BD42E7D10020D7E700BF4FF0FF3277
:1033D0002946204600F07BFA8046B8F1000F08D15C
:1033E000B9F1000F05D02A464946204600F06FFA91
:1033F0008046B8F1000F0DD12561D4E90510801E7B
:10340000814202D86069401E6061207940F001006D
:10341000207107E0B8F1010F02D14FF0FF3000E05A
:10342000012005462846A8E72DE9FE4F04462668F8
:103430002F20005D00F0A00010B10620BDE8FE8F37
:103440004FF0000901E009F10109F06830F81900B6
:103450000028F8D10C2204F12401684600F021FA7A
:103460009DF80B0000F0010028B340212F200155EA
:103470004FF001080EE04346694604F12400F2686B
:10348000FFF7BAFE204600F0FBFB054605B104E05D
:1034900008F10108B8F1640FEDD300BFB8F1640F73
:1034A00001D10720CAE7042D01D02846C6E79DF8C0
:1034B0000B102F2001559DF80B0000F0020030B1D9
:1034C00009F10C000D21B0FBF1F0401C00E00120DF
:1034D00007463946204600F0A4FD05464DBB781E40
:1034E000071E26D06069A0EB4711204600F004F9C2
:1034F0000546F5B904F1240000F0CCFA824600BF7D
:103500003046E169FFF7DEFE054605B110E0FAB28C
:10351000216A5346F06800F077FA0120F07000212C
:10352000204600F02BFC054615B9781E071EE7D192
:1035300000BFC5B93046E169FFF7C4FE054695B93D
:1035400020220021206A00F0B9F90B2204F12401A5
:10355000206A00F0A6F92F20005D00F01800216A13
:1035600008730120F070284668E770B502464FF0F6
:10357000FF301568DDB1116800E0491C0D78202D81
:1035800002D30D783A2DF8D10D783A2D0ED114686A
:1035900014F8015BA5F130030A2B06D28C4204D14A
:1035A0001BB918464D1C2946156070BD002000BF90
:1035B000FBE72DE9F04781460E4617464FF000081D
:1035C000D9F80040022E02D3A069B04202D80220EE
:1035D000BDE8F08767B100BF4FF0FF3239462046A3
:1035E00000F075F98046B8F1000F01D04046EFE7D2
:1035F00000BF3146484600F0CCF8054605B922E048
:10360000012D01D10220E3E7681C08B90120DFE7A2
:1036100000223146204600F05AF98046B8F1000FEA
:1036200001D04046D4E7D4E90510801E814206D27D
:103630006069401C6061207940F0010020712E46D5
:10364000A069B042D5D800BF0020C1E7024600E023
:10365000521C107810B110788842F9D11078704758
:103660002DE9F04780460C4604F11A0000F001F9FC
:1036700010B10020BDE8F087207800F03F00401E28
:1036800000EB800101EBC0054FF00109002621E0AD
:103690001849895D081900F0ECF80746B9F1000FE8
:1036A00011D0FF2D0BD2384601F0D4FF82462946B7
:1036B0006D1C38F8110001F0CDFF824501D00020CB
:1036C000D8E7B94605E04FF6FF70874201D00020E9
:1036D000D0E7761C0D2EDBD3207800F0400038B107
:1036E000B9F1000F04D038F8150008B10020C1E787
:1036F0000120BFE7B85800082DE9F04104460D4607
:103700002668B5F5001F02D205F01F0010B1022097
:10371000BDE8F0816561A7681FB93078032800DB38
:10372000B76A47B93089B0EB551F01D80220EFE7DF
:10373000B06AE0611CE070894FEA402811E0394628
:10374000204600F026F80746781C08B90120DFE77C
:10375000022F02D3B069B84201D80220D8E7A5EB06
:1037600008054545EBD239463046FFF72EFAE061B1
:10377000A761E06908B90220CAE7E06900EB5520BB
:10378000E061C5F3080106F134000844206200201E
:10379000BEE72DE9F04781460C46D9F80050022CCF
:1037A00002D3A869A04202D84FF001085EE04FF0B2
:1037B000FF382878012804D002282CD0032851D1C2
:1037C0003CE0264606EB5606686A00EB5621284682
:1037D000FFF778FD00B148E03046761CC0F30801E1
:1037E00005F13400475C686A00EB56212846FFF774
:1037F00069FD00B139E0C6F3080105F13400405C11
:1038000047EA002704F0010008B1380901E0C7F3D6
:103810000B00804629E0686A00EB14212846FFF778
:1038200051FD00B121E040F2FF1101EA440205F12F
:103830003401501800F01DF8804616E0686A00EB6D
:10384000D4112846FFF73EFD00B10EE040F2FF1113
:1038500001EA840205F13401501800F09AFB20F0CF
:10386000704802E04FF0010800BF00BF4046BDE8CD
:10387000F087014648780A7842EA00207047F0B5A0
:1038800003461D460C46002000BF15F8017B14F8C6
:1038900001CBA7EB0C00561E321E01D00028F4D03D
:1038A000F0BD30B503460C463AB100BF14F8015BD9
:1038B00003F8015B551E2A1EF8D130BD10B5034632
:1038C00000BF03F8011B541E221EFAD110BD2DE9C2
:1038D000F04704460D4616464FF00209022D74D3F8
:1038E000A069A84271D92078012804D0022849D0C3
:1038F00003280DD15EE02F4607EB5707606A00EB07
:1039000057212046FFF7DEFC8146B9F1000F00D0B9
:1039100075E038467F1CC0F3080104F1340001EB68
:10392000000805F0010028B1F1B298F8000061F339
:103930001F1000E0304688F800000120E070606A47
:1039400000EB57212046FFF7BDFC8146B9F1000F7F
:1039500000D054E0C7F3080104F1340001EB000883
:1039600005F0010010B1C6F3071006E098F800005A
:1039700000F0F000C6F30321084388F8000001209E
:10398000E0703CE0606A00EB15212046FFF79AFCEE
:103990008146B9F1000F00D031E0B1B240F2FF1220
:1039A00002EA450304F13402981800F06DF8012092
:1039B000E07024E0606A00EBD5112046FFF782FC3E
:1039C0008146B9F1000F01D019E019E040F2FF1172
:1039D00001EA850204F13401501800F0DAFA66F3C6
:1039E0001B00064640F2FF1101EA850204F1340192
:1039F0005018314600F0EBFA0120E07000BF00BF24
:103A00004846BDE8F08700002DE9F04707460C4620
:103A10001546984684F80D800F20E0720020207330
:103A2000002104F11A0000F02FF8681E00EB80015D
:103A300001EBC00900200646824600BF4FF6FF702A
:103A4000864204D0484609F1010937F810600D4953
:103A500011F80A100819314600F016F80EB94FF6A1
:103A6000FF760AF1010082460D28E7D34FF6FF707A
:103A7000864202D037F8190008B945F04005257094
:103A8000BDE8F087B858000800F8011B091200F8DB
:103A9000011B704730B5014600200B2200BF4310C8
:103AA00003EBC01411F8015B6319D8B2531E1A1E40
:103AB000F5D130BD70B504462046FFF71DFC054624
:103AC000002D38D1207803282ED1207901282BD140
:103AD0004202002104F13400FFF7F0FE4AF65521BE
:103AE00004F23220FFF7D0FF144904F1340000F053
:103AF0006EFA134904F5067000F069FA04F50770D0
:103B0000616900F064FA04F50870216900F05FFA59
:103B1000206A401C20636078012304F13401226B89
:103B200001F0C8F90020207160780022114601F0F0
:103B300087F900B10125284670BD0000525261414D
:103B40007272416170B504460D460020E070401E5F
:103B5000206329462046FFF7B5FB08B1042070BD5D
:103B600004F23220FFF785FE4AF65521884201D043
:103B70000320F4E794F83400E92807D094F83400DF
:103B8000EB2817D13620005D902813D104F16A008C
:103B900000F0FFF920F07F400749884201D1002062
:103BA000DDE704F1860000F0F4F90449884201D110
:103BB0000020D4E70220D2E7464154004641543366
:103BC00030B502460B460020044601461CE01A4868
:103BD00000EB01100068A8B1174800EB0110006865
:103BE0001568A8420FD1144800EB01104068956891
:103BF000A84208D1104800EB011080685569A8421E
:103C000001D103E00124491C0229E0D300BF0229AD
:103C100006D10CB9022B01D1002030BD1220FCE7E7
:103C200033B9054800EB01108089B0F5807F01D1E0
:103C30001020F2E70020F0E78C07002010B50246C4
:103C4000531E1A46022B17D20C4B03EB0213998911
:103C5000B1F5807F00D10021002901DD4B1E99B212
:103C6000064B03EB0213998121B90023034C04EBAB
:103C700002142360002000E0022010BD8C07002009
:103C80002DE9F0470446D4F800A000212046FFF7B4
:103C900033FD064616B13046BDE8F0874FF0FF0809
:103CA000C1464FF0FF30206300BF5046E169FFF787
:103CB00009FB064606B15EE0206A05780DB90426C8
:103CC00059E0206AC07A00F03F07A771E52D04D0C3
:103CD00007F0080038B10F2F05D04FF0FF084FF064
:103CE000FF30206340E00F2F22D12F20005D00F035
:103CF000400098BB05F0400038B1206A90F80D9064
:103D000005F0BF05A8466069206345450CD1206ACF
:103D1000407B484508D1216ADAF80C00FFF7A0FC87
:103D200010B1A8F1010000E0FF2000F0FF081BE047
:103D3000B8F1000F05D1206AFFF7ACFE484500D16D
:103D400019E02F20005D00F0010040B90B2204F1C2
:103D50002401206AFFF793FD08B90CE004E04FF05E
:103D6000FF084FF0FF3020630021204600F006F8E6
:103D70000646002E99D000BF30468DE72DE9F0476A
:103D8000044689462568606900F12007E06910B1A2
:103D9000B7F5001F02D30420BDE8F087C7F3080081
:103DA000002868D1E069401CE061A06938B9288921
:103DB000B0EB571F5FD80020E0610420ECE7688972
:103DC000401E00EA5720002855D12046A169FFF780
:103DD000E0FC0646012E01D80220DDE7701C08B980
:103DE0000120D9E7A869B0423FD8B9F1000F03D14B
:103DF0000020E0610420CFE72046A169FFF7A5FA83
:103E000006460EB90720C7E7012E01D10220C3E7FD
:103E1000701C08B90120BFE72846FFF76DFA08B10A
:103E20000120B9E74FF40072002105F13400FFF7DB
:103E300045FD4FF0000831462846FEF7C6FE2863D0
:103E40000CE00120E8702846FFF756FA08B101207F
:103E5000A2E708F10108286B401C286368894045E7
:103E6000EFD8286BA0EB08002863A66131462846EE
:103E7000FEF7ABFEE0616761C7F3080105F13400AE
:103E800008442062002087E7002100E0491C022945
:103E900005D2064800EB011000680028F6D102297F
:103EA00001D0012070470020FCE700008C070020B3
:103EB00010B502460B46002116E02B4800EB01101E
:103EC00000681468A0420ED1274800EB011040683A
:103ED0009468A04207D1244800EB0110806854691F
:103EE000A04200D102E0491C0229E6D300BF02290A
:103EF00022D1002100E0491C022905D21A4800EB1A
:103F0000011000680028F6D1022901D1002010BD5F
:103F1000154C04EB011410682060134C04EB0114E1
:103F200090686060104C04EB01145069A0600020A0
:103F30000D4C04EB0114A08133B10B4800EB0110D0
:103F4000808908B10020E2E713B14FF4807004E0EB
:103F5000054800EB01108089401C034C04EB011460
:103F6000A081481CD3E700008C07002070B50546EF
:103F70000C4604F11A00FFF77CFC0646287803285B
:103F800005D104F11400FFF774FC46EA0046304600
:103F900070BD0146C8788A7842EA00204A7842EA31
:103FA00000200A7842EA0020704770B506460C46A9
:103FB0001546A9B204F11A00FFF766FD3078032810
:103FC00004D1290C04F11400FFF75EFD70BD00F868
:103FD000011B090A00F8011B090A00F8011B090A64
:103FE00000F8011B704770B504460D4609268CB1D8
:103FF000206878B12068007860B1A0882168C988FD
:10400000884207D12168487800F046FF00F001009F
:1040100000B900260EB9206800E000202860304674
:1040200070BD2DE9F04104460E46D4F80080002111
:104030002046FFF761FB0546EDB9002700BF40466B
:10404000E169FFF73FF9054605B113E0206A007802
:10405000E52802D0206A007820B9781C0746B042D3
:1040600001D107E0002701212046FFF787FE054622
:10407000002DE4D000BF042D00D107252846BDE85F
:10408000F081000010B50446012007490870FCF7D4
:1040900043FB28B90448007820F001000249087069
:1040A0000148007810BD0000010000202DE9F04318
:1040B00089B004460F46FCF73BFD81464FF00008EF
:1040C0000020019002903E4608212068FEF79EFAEB
:1040D00005461DB1284609B0BDE8F0835022125BA9
:1040E00011042068FEF757FA05460DB12846F2E79D
:1040F0004FF0FF30039008200490302005900220FC
:104100000690002007900120089003A92068FEF780
:10411000D4F92068FEF769FB05460DB12846DAE7B9
:104120001CE02068406B00F4001040B12068FEF7EE
:1041300014FA01A941F8280008F1010805E02068F7
:10414000406B00F4005000B90EE0FCF7F1FCA0EB6E
:104150000900401C10B94FF00040BCE72068406BDC
:1041600000F02A000028DCD000BF2068406B00F07F
:10417000080018B1082021688863ACE72068406B0C
:1041800000F0020018B1022021688863A3E72068CC
:10419000406B00F0200018B12020216888639AE766
:1041A00040F23A502168886302980006029901F4AF
:1041B0007F4140EA0120029901F47F0140EA112089
:1041C000029940EA11603060361D0198000601999D
:1041D00001F47F4140EA0120019901F47F0140EAA6
:1041E0001120019940EA11603060002073E700005F
:1041F000F8B5044600200090002600272068FEF74E
:104200003DFA05460DB12846F8BD2068FEF74CFA88
:10421000054645B10021A1642068FEF72FFA054646
:104220001DB12846F0E70121A164A06C012808D146
:1042300000212068FEF7AFF9054615B14FF0805018
:10424000E2E71DE000212068FEF7A5F905460DB163
:104250002846D9E718492068FEF7BAF9054615B18E
:104260004FF08050D0E700212068FEF745F9064660
:10427000012080EAD67080F001070098401C009071
:104280004FF6FF710098884201D2002FDAD04FF626
:10429000FF710098884202D34FF08070B4E706F0B7
:1042A0008040B0F1804F02D10120606401E0002025
:1042B00060640020A8E70000000010C12DE9F04173
:1042C0000546AC6AEF6AE7B14FF0000814E02868D1
:1042D000FEF743F906462670641C7F1E300A2070E4
:1042E000641C7F1E300C2070641C7F1E300E2070FA
:1042F000641C7F1E08F10108B8F1080FE7D3AC6217
:10430000EF62BDE8F08130B58FB004460120039024
:104310002068FEF7ECF818B94FF080600FB030BDA0
:10432000606C03281BD02068FEF72DFA05460DB1FE
:104330002846F3E700212068FEF7DEF860670421D5
:104340002068FEF7D9F8A06708212068FEF7D4F8A6
:10435000E0670C212068FEF7CFF880210851606CDF
:10436000032807D003A92068FEF777FA05460DB1A8
:104370002846D3E7606C032820D0BDF80C102165D7
:104380005022125B11042068FEF716FA05460DB1A3
:104390002846C3E700212068FEF7AEF860660421D6
:1043A0002068FEF7A9F8A06608212068FEF7A4F8A7
:1043B000E0660C212068FEF79FF820670421206842
:1043C000FEF79AF8010DE16404A92046FDF786F88E
:1043D00010B14FF08050A1E75020005B01040A4665
:1043E00000232068FEF7B2F905460DB1284695E78F
:1043F000D4E90412A069CDE90012029094E80F00FC
:10440000FEF788F8002089E7F8B505462C6A6E6A41
:104410001EB300271DE020780090641C761E2078D3
:10442000009941EA00200090641C761E20780099D3
:1044300041EA00400090641C761E2078009941EA11
:1044400000600090641C761E69462868FEF79DF89F
:104450007F1C082FDFD32C626E62F8BD70B5054655
:10446000AC6B40F23A50216888632046FDF72DF985
:104470000646012084F8340000202063062E01D077
:10448000052E05D12068FEF705FAA16B0843A0634D
:10449000A06B18B92046FCF7B5FF02E02046FDF7F7
:1044A0001BF870BD70B50546AC6B40F23A50216800
:1044B00088632046FDF709F90646012084F8340098
:1044C00000202063062E01D0052E05D12068FEF7BE
:1044D000E1F9A16B0843A063A06B18B92046FCF773
:1044E00091FF02E02046FCF7F7FF70BD70B504466F
:1044F0000D4615B94FF0006070BD5022125B1104DB
:104500002068FEF78EF906460EB13046F4E700212A
:104510002068FDF7F1FF28600020EDE77CB5044638
:1045200000200090019000212068FDF7E5FF00F0D9
:104530000070B0F1007F02D14FF400607CBD69468D
:104540002046FFF7B3FD05460DB12846F6E7019872
:1045500000F4802098B15022125B11042068FEF70D
:104560001AF805460DB12846E8E702212068FEF753
:1045700069F805460DB12846E0E70020DEE74FF078
:104580008060DBE77CB504460020009001900021AC
:104590002068FDF7B1FF00F00070B0F1007F02D19C
:1045A0004FF400607CBD69462046FFF77FFD05465D
:1045B0000DB12846F6E7019800F4803098B15022FA
:1045C000125B11042068FDF7E6FF05460DB1284691
:1045D000E8E700212068FEF735F805460DB12846CA
:1045E000E0E70020DEE74FF08060DBE72DE9F84FE1
:1045F00004462068006920F44050E16808432168BF
:1046000008612169A068084361690843E1690843BA
:1046100000902068C06849F20C6188430099084303
:104620002168C8602068406920F44070A16908438F
:104630002168486176492068884203D0754920681E
:10464000884203D1FCF728FC814602E0FCF714FC09
:104650008146E069B0F5004F6CD102206168A0FB93
:10466000015003461920A9FB007001462A4638462E
:10467000FBF70AFE6421B0FBF1F04FEA001A0220BA
:104680006168A0FB01510B461920A9FB00712A4665
:104690003846FBF7F9FD834602206168A0FB015014
:1046A00003461920A9FB00712A463846FBF7ECFDAA
:1046B0006421B0FBF1F000EBC00101EB0010ABEBAB
:1046C0008000322101EBC0006421B0FBF1F000F06A
:1046D000F8000AEB400A02206168A0FB0150034683
:1046E0001920A9FB007001462A463846FBF7CCFD8D
:1046F000834602206168A0FB015003461920A9FBF4
:1047000000712A463846FBF7BFFD6421B0FBF1F08B
:1047100000EBC00101EB0010ABEB8000322101EB9C
:10472000C0006421B0FBF1F000F0070050442168A4
:1047300088606AE004206168A0FB015003461920EC
:10474000A9FB007001462A463846FBF79DFD8246CC
:1047500004206168A0FB015003461920A9FB0070EA
:1047600001462A463846FBF78FFD6421B0FBF1F085
:1047700000EBC00101EB0010AAEB8000322101EB3D
:1047800000106421B0FBF1F000F0F00A0420616831
:10479000A0FB017003461920A9FB00513A462846A8
:1047A000FBF772FD6421B0FBF1F00AEB001A042064
:1047B0006168A0FB01510B461920A9FB00712A4634
:1047C0003846FBF761FD834604206168A0FB015079
:1047D00003461920A9FB007001462A463846FBF71C
:1047E00053FD6421B0FBF1F000EBC00101EB0010C0
:1047F000ABEB8000322101EB00106421B0FBF1F043
:1048000000F00F00504421688860BDE8F88F000078
:104810000010014000140140F8B5044694F83E0031
:10482000222873D1A068B0F5805F0CD1206950B9FF
:104830000025A66A20684068C0F308003080A06A9E
:10484000801CA06215E0A56A0026A068B0F5805F14
:1048500003D0A06828B9206918B92068406828707A
:1048600004E02068406800F07F002870A06A401CC7
:10487000A062E08D401E80B2E085002844D120680F
:10488000C06820F020002168C8602068C06820F45B
:1048900080702168C8602068406920F001002168AC
:1048A0004861202084F83E00206B012826D100209A
:1048B000206300BF00BF21680C3151E8001F21F0C8
:1048C000100021680C3141E80002002AF3D100BF3A
:1048D0002068006800F0100010280AD100BF0020F6
:1048E000009020680068009020684068009000BF39
:1048F00000BFA18D2046FDF771FB02E02046FDF7C9
:1049000065FD0020F8BD01E00020FBE70220F9E78B
:10491000014691F83D00212828D18868B0F5805FD4
:104920000BD1086948B90A6A1088C0F308000B68FF
:104930005860086A801C086205E00B6A581C08620F
:1049400018780B685860C88C401E80B2C88458B96B
:104950000868C06820F080000B68D8600868C068EC
:1049600040F040000B68D860002070470220FCE750
:1049700000BF00BF02680C3252E8002F22F4907191
:1049800002680C3242E80013002BF3D100BF00BFD5
:1049900000BF0268143252E8002F22F001010268C1
:1049A000143242E80013002BF3D100BF016B012940
:1049B0000ED100BF00BF02680C3252E8002F22F077
:1049C000100102680C3242E80013002BF3D100BF43
:1049D000202180F83E1000210163704710B5044685
:1049E0002068C06820F040002168C860202084F85A
:1049F0003D002046FDF7EBFC002010BD70B50546DC
:104A0000AC6B0020E085E0842046FDF7E8FA70BD3D
:104A100001460E480068C0084FF47A73B0FBF3F00B
:104A200041F2883300FB03F200BF101EA2F1010225
:104A300002D14FF000407047486B00F08000002822
:104A4000F3D0C52088630020F5E7000014000020A3
:104A50002DE9F04305460F46904666480068C008B9
:104A60004FF47A71B0FBF1F000FB08F900BFB9F127
:104A70000000A9F1010903D14FF00040BDE8F08327
:104A80006E6B06F045000028F1D006F400600028A7
:104A9000EDD1686B00F0040010B10420A863EDE7CD
:104AA000686B00F0010010B10120A863E6E7C520A3
:104AB000A8632846FDF717FDB84201D00120DDE7C5
:104AC00000212846FDF718FD04464B48204008B950
:104AD0000020D3E704F00040B0F1004F02D14FF0C6
:104AE0000070CBE704F08040B0F1804F01D140204E
:104AF000C4E704F00050B0F1005F01D18020BDE7B1
:104B000004F08050B0F1805F02D14FF48070B5E7BF
:104B100004F00060B0F1006F02D14FF40070ADE717
:104B200004F08060B0F1806F02D14FF48060A5E79F
:104B300004F08070B0F1807F02D14FF400609DE7F7
:104B400004F40000B0F5000F02D14FF4805095E757
:104B500004F48000B0F5800F02D14FF400508DE7CF
:104B600004F40010B0F5001F02D14FF4804085E737
:104B700004F48010B0F5801F02D14FF400407DE7AF
:104B800004F48020B0F5802F02D14FF4003075E797
:104B900004F40030B0F5003F02D14FF480206DE7FF
:104BA00004F48030B0F5803F02D14FF4002065E777
:104BB00004F40040B0F5004F02D14FF480105DE7DF
:104BC00004F48040B0F5804F02D14FF4001055E757
:104BD00004F40050B0F5005F02D14FF480004DE7BF
:104BE00004F00800082801D1000547E74FF48030A1
:104BF00044E700001400002008E0FFFD10B5014666
:104C000016480068C0084FF47A74B0FBF4F041F223
:104C1000883400FB04F300BF181EA3F1010302D186
:104C20004FF0004010BD4A6B02F045000028F3D061
:104C300002F400600028EFD1486B00F0040010B1CE
:104C400004208863EEE7486B00F0010010B10120FA
:104C50008863E7E7C52088630020E3E714000020AD
:104C600010B5014613480068C0084FF47A74B0FBD1
:104C7000F4F041F2883400FB04F300BF181EA3F1E6
:104C8000010302D14FF0004010BD4A6B02F0450015
:104C90000028F3D002F400600028EFD1486B00F048
:104CA000040010B104208863EEE7C520886300206B
:104CB000EAE70000140000202DE9F04304460F4607
:104CC00090462A480068C0084FF47A71B0FBF1F0B2
:104CD00041F2883100FB01F900BFB9F10000A9F1F0
:104CE000010903D14FF00040BDE8F083666B06F088
:104CF00045000028F1D006F400600028EDD1606B7B
:104D000000F0040010B10420A063EDE7606B00F038
:104D1000010010B10120A063E6E72046FDF7E3FBA8
:104D2000B84201D00120DFE7C520A0630021204662
:104D3000FDF7E2FB054605F4604020B9280CA8F811
:104D400000000020D0E705F48040B0F5804F02D18C
:104D50004FF40050C8E705F40040B0F5004F02D111
:104D60004FF48050C0E74FF48030BDE714000020BE
:104D700010B5014618480068C0084FF47A74B0FBBB
:104D8000F4F041F2883400FB04F300BF181EA3F1D5
:104D9000010302D14FF0004010BD4A6B02F0450004
:104DA0000028F3D002F400600028EFD1486B00F037
:104DB000040010B104208863EEE7486B00F00100A6
:104DC00010B101208863E7E7486B00F0400008B1AC
:104DD000402088630020DFE71400002010B5002881
:104DE00004DB0A07130E054A135406E00A07140EE3
:104DF000034A00F00F031B1FD45410BD00E400E071
:104E000018ED00E002480068C0F30220704700007F
:104E10000CED00E070B5044600250848005D58B967
:104E200001200649085501F10802105D0A1D52F8DB
:104E30002420116888470546284670BDAC0900202B
:104E40002DE9F04104460D4616460649085D091F46
:104E500051F8241032460B692946984707463846D0
:104E6000BDE8F081B40900202DE9F04104460D466B
:104E700016461F460749085D091F51F824103B4696
:104E80003246D1F808C02946E04780464046BDE892
:104E9000F0810000B409002070B50446044A105D9A
:104EA000121F52F82420516888470546284670BDD5
:104EB000B40900202DE9F04104460D4616461F4670
:104EC0000749085D091F51F824103B463246D1F8C6
:104ED0000CC02946E04780464046BDE8F08100000E
:104EE000B409002038B50546284600F02FFA0446DC
:104EF00064B969462846FFF776F8044634B928694C
:104F0000FEF79CFE04460CB900202860204638BD00
:104F1000F7B582B016460398019001A8FEF725FB6D
:104F20000546002D02DA0B2005B0F0BD0F4850F801
:104F3000254024B12046FDF71BFE0020207002987A
:104F400010B10020029908700849029841F8250024
:104F5000029808B1012E01D00020E5E7002202A945
:104F600003A8FDF775FF07463846DDE71800002067
:104F70002DE9F74F90B0044616461CB9092013B02E
:104F8000BDE8F08F06F03F06324602A911A8FDF7F2
:104F90005FFF0546002D79D10298039003A811996F
:104FA000FEF7DAF805468DB99DF83B0000F0800069
:104FB00008B106250AE026F0010008B1012000E052
:104FC0000020014603A8FEF7FBFD054606F01C0085
:104FD00000285CD06DB1042D08D1FEF755FF18B143
:104FE00003A8FEF721FA00E01220054646F0080665
:104FF0000AE09DF8120000F0110008B1072503E057
:1050000006F0040000B10825002D51D106F008007B
:1050100000284DD000F070FB01900B9901F10E00BB
:105020000199FEF7D4FF0B9901F116000199FEF7E3
:10503000CEFF20200B99C8720B990298FEF796FFBD
:10504000814600220B990298FEF7AFFF0B9901F100
:105050001C000021FEF7BBFF01200299C870B9F1C6
:10506000000F25D00298006B01900022494603A84A
:10507000FEF79FFA0546DDB9DDE90110FEF722F9DA
:105080000546A9F101000299086111E075E07DB9BA
:105090009DF8120000F0100008B1042508E006F0A9
:1050A000020028B19DF8120000F0010000B10725B0
:1050B000BDB906F0080008B146F040060298006B42
:1050C00060620B98A06226F0010008B1012000E0A8
:1050D0000020014603A8FEF7EBFE2061206900B91D
:1050E0000225002D57D10B990298FEF73FFFA060D3
:1050F0000B9901F11C00FEF74CFFE0600020E0621C
:10510000029820600298C088A080267500206075F3
:105110002062A0614FF40072002104F13000FEF71C
:10512000CDFB06F0200040B3E06830B3E068A0613A
:10513000029840894FEA402AA768D4F80C800CE016
:1051400039462046FEF725FB0746012F00D80225E9
:10515000781C00B90125A8EB0A080DB9D045EFD895
:10516000E76155B9C8F3080038B139460298FDF730
:105170002CFDB0F1000B01D102250CE00BEB582007
:105180002062226A02994878012304F13001FFF776
:105190006BFE00B101250DB1002020602846EEE62F
:1051A0002DE9FF4F85B0044615469A46DDF818B044
:1051B0000020CAF8000003A92046FEF714FF04905F
:1051C000049810B9607D049018B1049809B0BDE846
:1051D000F08F207D00F0010008B90720F6E7A169F3
:1051E000E068401A01900198854200D9019DA8E02D
:1051F000208BC0F30800002874D103984089401E1A
:10520000A16900EA5129B9F1000F1FD1A06910B9B5
:10521000A06802900CE0E06A28B12046A169FDF781
:10522000BBFC029004E02046E169FEF7B2FA02906E
:105230000298022802D202206075C7E70298401C3B
:1052400010B901206075C1E70298E061E169039837
:10525000FDF7BBFC064616B902206075B6E74E4462
:105260004FEA5528B8F1000F29D009EB080003993F
:105270004989884203D903984089A0EB090803991A
:105280004878434632465946FFF7EEFD10B10120FB
:1052900060759BE7207D00F0800068B1206A801B6C
:1052A000404509D2216A891B0BEB41204FF4007263
:1052B00004F13001FEF7F5FA4FEA482737E0206A9B
:1052C000B04220D0207D00F0800080B1226A039996
:1052D0004878012304F13001FFF7ECFD18B10120FB
:1052E000607573E710E0207D00F07F002075039962
:1052F00048780123324604F13001FFF7B5FD10B1C3
:105300000120607562E72662208BC0F30800C0F5BB
:105310000077AF4200D92F46208BC0F3080204F17A
:10532000300011183A465846FEF7BBFA00BFBB449E
:10533000A0693844A061DAF800003844CAF80000D7
:10534000ED1B002D7FF454AF00203FE7F8B5044675
:1053500069462046FEF747FE0646002E44D1207DD2
:1053600000F0400000283FD0207D00F0800070B1A8
:10537000226A00994878012304F13001FFF79AFD71
:1053800008B10120F8BD207D00F07F00207500F0FD
:10539000B3F90746616A0098FDF794FF06461EBB05
:1053A000A56AE87A40F02000E8722946A2682068E1
:1053B000FEF7FBFD05F11C00E168FEF708FE39462B
:1053C00005F11600FEF703FE002105F11200FEF7BD
:1053D0005BFB01200099C8700098FEF76BFB064646
:1053E000207D00F0BF0020753046CBE72DE9FF4F50
:1053F00083B0044615469B46049800900020CBF8E5
:10540000000001A92046FEF7EEFD0290029810B9B7
:10541000607D029018B1029807B0BDE8F08F207D42
:1054200000F0020008B90720F6E7A0692844A16946
:10543000884202D2A069C0F1FF35C3E0208BC0F3DF
:10544000080000287DD101984089401EA16900EA2A
:10545000512ABAF1000F26D1A06938B9A76897B9C7
:1054600000212046FDF771FF07460CE0E06A28B1F5
:105470002046A169FDF790FB074604E02046E1695C
:10548000FDF763FF074607B99FE0012F02D1022015
:105490006075C1E7781C10B901206075BCE7E76151
:1054A000A06800B9A760207D00F0800078B1226A72
:1054B00001994878012304F13001FFF7FBFC10B19A
:1054C00001206075A8E7207D00F07F002075E1696C
:1054D0000198FDF77AFB064616B9022060759BE736
:1054E00056444FEA5529B9F1000F2BD00AEB0900B9
:1054F00001994989884203D901984089A0EB0A099A
:10550000019948784B4632460099FFF7D3FC10B119
:105510000120607580E7206A801B48450ED2206A12
:10552000801B009A02EB40214FF4007204F130001E
:10553000FEF7B7F9207D00F07F0020754FEA49287B
:105540002BE013E0206AB0420FD0E168A0698842E6
:105550000BD2019948780123324604F13001FFF75C
:1055600083FC10B10120607556E72662208BC0F3E2
:105570000800C0F50078A84500D9A846218BC1F3E2
:10558000080204F13001501842460099FEF789F9EB
:10559000207D40F08000207500BF009840440090BE
:1055A000A0694044A061E168A069884201D9A0696E
:1055B00000E0E068E060DBF800004044CBF8000069
:1055C000A5EB0805002D7FF439AF00BF207D40F02A
:1055D0004000207500201FE72DE9F04102460F46EC
:1055E000802A01DA10462FE01FB1184B45F22056F1
:1055F00002E0174B45F220560025102416E0A6EBDA
:10560000050C0CEBDC7805EB68014FEA410C33F834
:105610001CC0944500D10BE04FEA410C33F81CC08C
:10562000944501DA0D4600E00E46641E002CE6D1DA
:1056300000BF34B14FF0010C0CEB410C33F81CC02F
:1056400001E04FF0000C6046BDE8F08166AD010856
:10565000E258000830B5B0F5805F01DA244D00E073
:10566000244D294600BF31F8022B0AB1904200DADE
:105670003CE031F8023B1C12DBB2D518854230DD2C
:10568000092C2CD2DFE804F005090F13171B1F2388
:105690002700851A31F8150021E0851A05F001056B
:1056A000451BA8B21BE0A0F11005A8B217E0A0F1BD
:1056B0002005A8B213E0A0F13005A8B20FE0A0F1D8
:1056C0001A05A8B20BE000F10805A8B207E0A0F1A6
:1056D0005005A8B203E0A0F5E355A8B200BF00BF93
:1056E00004E0002CBFD101EB4301BCE700BF30BD9B
:1056F000EA010308DC0303080020704710B50446E4
:10570000FAF7BAFD0068005D00F0010010BD00006E
:1057100088B0FBF71FFAFDF73FF9FCF769FEFCF7CD
:1057200099FEFCF757FEFCF7A7FE012237A1384887
:10573000FFF7EEFB374908700846007808B1FBF721
:105740004BF80A2234A13748FFF712FC31490870A0
:1057500008460078A0B9182233A102A8FAF776FE0D
:1057600002A8FAF712FE064601AB324602A92D48FE
:10577000FFF73CFE274908702A48FFF7B3FB00BF3C
:1057800001222FA12748FFF7F3FB224908700846A2
:10579000007870B907AB40F2FF122D492148FFF79E
:1057A000FFFC00202A49079A88541E48FFF79AFBFD
:1057B00001E0FBF711F8264D24E00A273946284678
:1057C000FAF7D9FD044600BF0CB10020207028462E
:1057D000FAF7DBFD18B904B915E0651C12E028469C
:1057E000FAF7D3FD064636B1701E285C0D2802D1AB
:1057F0000021701E29542846FDF72AF904B902E059
:10580000651C00BFD9E700BF00BFFEE70000000035
:105810002000002000000020746578742E747874D5
:10582000000000005402002048656C6C6F20535447
:105830004D333246343239205344494F210D0A004A
:10584000636F6D6D616E64732E7478740000000078
:105850008404002010B500290AD00878002807D059
:1058600005487844FAF7D8FE002801D0002010BD82
:105870000248784410BD000056AC02004EAC020055
:105880004FF04070E1EE100A7047000075290008E3
:10589000632B0008992A0008352B0008C92A000844
:1058A00000000000000000000102030406070809D0
:1058B000000000000102030401030507090E101295
:1058C0001416181C1E000100040010004000000106
:1058D0000002000001000200040008001000200087
:1058E0000000A400E8A1A700ECA1A800A7A1B000B7
:1058F000E3A1B100C0A1B700A4A1D700C1A1E000FD
:10590000A4A8E100A2A8E800A8A8E900A6A8EA00C7
:10591000BAA8EC00ACA8ED00AAA8F200B0A8F30069
:10592000AEA8F700C2A1F900B4A8FA00B2A8FC0022
:10593000B9A80101A1A81301A5A81B01A7A82B01C3
:10594000A9A84401BDA84801BEA84D01ADA86B019E
:10595000B1A8CE01A3A8D001ABA8D201AFA8D401B1
:10596000B3A8D601B5A8D801B6A8DA01B7A8DC015A
:10597000B8A85102BBA86102C0A8C702A6A1C9026B
:10598000A5A1CA0240A8CB0241A8D90242A891030E
:10599000A1A69203A2A69303A3A69403A4A695038B
:1059A000A5A69603A6A69703A7A69803A8A699035B
:1059B000A9A69A03AAA69B03ABA69C03ACA69D032B
:1059C000ADA69E03AEA69F03AFA6A003B0A6A103FB
:1059D000B1A6A303B2A6A403B3A6A503B4A6A603C7
:1059E000B5A6A703B6A6A803B7A6A903B8A6B10390
:1059F000C1A6B203C2A6B303C3A6B403C4A6B5032B
:105A0000C5A6B603C6A6B703C7A6B803C8A6B903FA
:105A1000C9A6BA03CAA6BB03CBA6BC03CCA6BD03CA
:105A2000CDA6BE03CEA6BF03CFA6C003D0A6C1039A
:105A3000D1A6C303D2A6C403D3A6C503D4A6C60366
:105A4000D5A6C703D6A6C803D7A6C903D8A60104FE
:105A5000A7A71004A1A71104A2A71204A3A71304C7
:105A6000A4A71404A5A71504A6A71604A8A717049D
:105A7000A9A71804AAA71904ABA71A04ACA71B046A
:105A8000ADA71C04AEA71D04AFA71E04B0A71F043A
:105A9000B1A72004B2A72104B3A72204B4A723040A
:105AA000B5A72404B6A72504B7A72604B8A72704DA
:105AB000B9A72804BAA72904BBA72A04BCA72B04AA
:105AC000BDA72C04BEA72D04BFA72E04C0A72F047A
:105AD000C1A73004D1A73104D2A73204D3A733041D
:105AE000D4A73404D5A73504D6A73604D8A73704DD
:105AF000D9A73804DAA73904DBA73A04DCA73B04AA
:105B0000DDA73C04DEA73D04DFA73E04E0A73F0479
:105B1000E1A74004E2A74104E3A74204E4A7430449
:105B2000E5A74404E6A74504E7A74604E8A7470419
:105B3000E9A74804EAA74904EBA74A04ECA74B04E9
:105B4000EDA74C04EEA74D04EFA74E04F0A74F04B9
:105B5000F1A75104D7A710205CA9132043A8142053
:105B6000AAA1152044A81620ACA11820AEA1192086
:105B7000AFA11C20B0A11D20B1A1252045A8262041
:105B8000ADA13020EBA13220E4A13320E5A13520E6
:105B900046A83B20F9A1AC2080000321E6A1052105
:105BA00047A8092148A81621EDA1212159A9602162
:105BB000F1A26121F2A26221F3A26321F4A2642185
:105BC000F5A26521F6A26621F7A26721F8A2682155
:105BD000F9A26921FAA26A21FBA26B21FCA2702121
:105BE000A1A27121A2A27221A3A27321A4A2742155
:105BF000A5A27521A6A27621A7A27721A8A2782125
:105C0000A9A27921AAA29021FBA19121FCA1922114
:105C1000FAA19321FDA1962149A897214AA898218C
:105C20004BA899214CA80822CAA10F22C7A1112272
:105C3000C6A115224DA81A22CCA11D22D8A11E2230
:105C4000DEA11F224EA82022CFA123224FA8252269
:105C5000CEA12722C4A12822C5A12922C9A12A2276
:105C6000C8A12B22D2A12E22D3A13422E0A1352219
:105C7000DFA13622C3A13722CBA13D22D7A14822E2
:105C8000D6A14C22D5A1522250A86022D9A16122CE
:105C9000D4A16422DCA16522DDA1662251A867227D
:105CA00052A86E22DAA16F22DBA1952292A8992236
:105CB000D1A1A522CDA1BF2253A81223D0A1602437
:105CC000D9A26124DAA26224DBA26324DCA26424C8
:105CD000DDA26524DEA26624DFA26724E0A2682498
:105CE000E1A26924E2A27424C5A27524C6A2762486
:105CF000C7A27724C8A27824C9A27924CAA27A2488
:105D0000CBA27B24CCA27C24CDA27D24CEA27E2457
:105D1000CFA27F24D0A28024D1A28124D2A2822427
:105D2000D3A28324D4A28424D5A28524D6A28624F7
:105D3000D7A28724D8A28824B1A28924B2A28A2417
:105D4000B3A28B24B4A28C24B5A28D24B6A28E2437
:105D5000B7A28F24B8A29024B9A29124BAA2922407
:105D6000BBA29324BCA29424BDA29524BEA29624D7
:105D7000BFA29724C0A29824C1A29924C2A29A24A7
:105D8000C3A29B24C4A20025A4A90125A5A902257C
:105D9000A6A90325A7A90425A8A90525A9A906251B
:105DA000AAA90725ABA90825ACA90925ADA90A25EB
:105DB000AEA90B25AFA90C25B0A90D25B1A90E25BB
:105DC000B2A90F25B3A91025B4A91125B5A912258B
:105DD000B6A91325B7A91425B8A91525B9A916255B
:105DE000BAA91725BBA91825BCA91925BDA91A252B
:105DF000BEA91B25BFA91C25C0A91D25C1A91E25FB
:105E0000C2A91F25C3A92025C4A92125C5A92225CA
:105E1000C6A92325C7A92425C8A92525C9A926259A
:105E2000CAA92725CBA92825CCA92925CDA92A256A
:105E3000CEA92B25CFA92C25D0A92D25D1A92E253A
:105E4000D2A92F25D3A93025D4A93125D5A932250A
:105E5000D6A93325D7A93425D8A93525D9A93625DA
:105E6000DAA93725DBA93825DCA93925DDA93A25AA
:105E7000DEA93B25DFA93C25E0A93D25E1A93E257A
:105E8000E2A93F25E3A94025E4A94125E5A942254A
:105E9000E6A94325E7A94425E8A94525E9A946251A
:105EA000EAA94725EBA94825ECA94925EDA94A25EA
:105EB000EEA94B25EFA9502554A8512555A85225E8
:105EC00056A8532557A8542558A8552559A85625EE
:105ED0005AA857255BA858255CA859255DA85A25BE
:105EE0005EA85B255FA85C2560A85D2561A85E258E
:105EF00062A85F2563A8602564A8612565A862255E
:105F000066A8632567A8642568A8652569A866252D
:105F10006AA867256BA868256CA869256DA86A25FD
:105F20006EA86B256FA86C2570A86D2571A86E25CD
:105F300072A86F2573A8702574A8712575A872259D
:105F400076A8732577A8812578A8822579A8832546
:105F50007AA884257BA885257CA886257DA8872509
:105F60007EA8882580A8892581A88A2582A88B25D6
:105F700083A88C2584A88D2585A88E2586A88F25A5
:105F800087A8932588A8942589A895258AA8A0255F
:105F9000F6A1A125F5A1B225F8A1B325F7A1BC254D
:105FA0008BA8BD258CA8C625F4A1C725F3A1CB25B8
:105FB000F0A1CE25F2A1CF25F1A1E2258DA8E32500
:105FC0008EA8E4258FA8E52590A80526EFA1062632
:105FD000EEA1092691A84026E2A14226E1A10030C7
:105FE000A1A10130A2A10230A3A10330A8A10530D4
:105FF000A9A1063065A9073096A90830B4A10930D7
:10600000B5A10A30B6A10B30B7A10C30B8A10D3044
:10601000B9A10E30BAA10F30BBA11030BEA1113012
:10602000BFA1123093A81330FEA11430B2A11530D5
:10603000B3A11630BCA11730BDA11D3094A81E30ED
:1060400095A8213040A9223041A9233042A924300B
:1060500043A9253044A9263045A9273046A9283030
:1060600047A9293048A94130A1A44230A2A4433015
:10607000A3A44430A4A44530A5A44630A6A4473028
:10608000A7A44830A8A44930A9A44A30AAA44B30F8
:10609000ABA44C30ACA44D30ADA44E30AEA44F30C8
:1060A000AFA45030B0A45130B1A45230B2A4533098
:1060B000B3A45430B4A45530B5A45630B6A4573068
:1060C000B7A45830B8A45930B9A45A30BAA45B3038
:1060D000BBA45C30BCA45D30BDA45E30BEA45F3008
:1060E000BFA46030C0A46130C1A46230C2A46330D8
:1060F000C3A46430C4A46530C5A46630C6A46730A8
:10610000C7A46830C8A46930C9A46A30CAA46B3077
:10611000CBA46C30CCA46D30CDA46E30CEA46F3047
:10612000CFA47030D0A47130D1A47230D2A4733017
:10613000D3A47430D4A47530D5A47630D6A47730E7
:10614000D7A47830D8A47930D9A47A30DAA47B30B7
:10615000DBA47C30DCA47D30DDA47E30DEA47F3087
:10616000DFA48030E0A48130E1A48230E2A4833057
:10617000E3A48430E4A48530E5A48630E6A4873027
:10618000E7A48830E8A48930E9A48A30EAA48B30F7
:10619000EBA48C30ECA48D30EDA48E30EEA48F30C7
:1061A000EFA49030F0A49130F1A49230F2A4933097
:1061B000F3A49B3061A99C3062A99D3066A99E30F2
:1061C00067A9A130A1A5A230A2A5A330A3A5A430A0
:1061D000A4A5A530A5A5A630A6A5A730A7A5A8303B
:1061E000A8A5A930A9A5AA30AAA5AB30ABA5AC300B
:1061F000ACA5AD30ADA5AE30AEA5AF30AFA5B030DB
:10620000B0A5B130B1A5B230B2A5B330B3A5B430AA
:10621000B4A5B530B5A5B630B6A5B730B7A5B8307A
:10622000B8A5B930B9A5BA30BAA5BB30BBA5BC304A
:10623000BCA5BD30BDA5BE30BEA5BF30BFA5C0301A
:10624000C0A5C130C1A5C230C2A5C330C3A5C430EA
:10625000C4A5C530C5A5C630C6A5C730C7A5C830BA
:10626000C8A5C930C9A5CA30CAA5CB30CBA5CC308A
:10627000CCA5CD30CDA5CE30CEA5CF30CFA5D0305A
:10628000D0A5D130D1A5D230D2A5D330D3A5D4302A
:10629000D4A5D530D5A5D630D6A5D730D7A5D830FA
:1062A000D8A5D930D9A5DA30DAA5DB30DBA5DC30CA
:1062B000DCA5DD30DDA5DE30DEA5DF30DFA5E0309A
:1062C000E0A5E130E1A5E230E2A5E330E3A5E4306A
:1062D000E4A5E530E5A5E630E6A5E730E7A5E8303A
:1062E000E8A5E930E9A5EA30EAA5EB30EBA5EC300A
:1062F000ECA5ED30EDA5EE30EEA5EF30EFA5F030DA
:10630000F0A5F130F1A5F230F2A5F330F3A5F430A9
:10631000F4A5F530F5A5F630F6A5FC3060A9FD3002
:1063200063A9FE3064A90531C5A80631C6A80731A6
:10633000C7A80831C8A80931C9A80A31CAA80B31B1
:10634000CBA80C31CCA80D31CDA80E31CEA80F3181
:10635000CFA81031D0A81131D1A81231D2A8133151
:10636000D3A81431D4A81531D5A81631D6A8173121
:10637000D7A81831D8A81931D9A81A31DAA81B31F1
:10638000DBA81C31DCA81D31DDA81E31DEA81F31C1
:10639000DFA82031E0A82131E1A82231E2A8233191
:1063A000E3A82431E4A82531E5A82631E6A8273161
:1063B000E7A82831E8A82931E9A82032E5A221324E
:1063C000E6A22232E7A22332E8A22432E9A2253251
:1063D000EAA22632EBA22732ECA22832EDA2293221
:1063E000EEA231325AA9A33249A98E334AA98F337A
:1063F0004BA99C334CA99D334DA99E334EA9A13383
:106400004FA9C43350A9CE3351A9D13352A9D233A5
:1064100053A9D53354A9004EBBD2014EA1B6024EAA
:106420004081034EDFC6044E4181054E4281064E37
:106430004381074EF2CD084EC9D5094EFDC80A4E1C
:10644000CFC90B4EC2CF0C4EA2D80D4EBBB20E4ED2
:10645000EBD30F4E4481104EA4D8114EF3B3124E1D
:106460004581134EA8D7144ED2C7154EA7D8164E45
:10647000C0CA174E4681184EF0C7194EFBB11A4ECE
:10648000B5D21B4ED4B41C4EABB61D4EBFCB1E4E68
:10649000A9D81F4E4781204E4881214E4981224E66
:1064A000AAB6234E4A81244EBDC1254ECFD1264ED9
:1064B0004B81274EA5C9284EADD8294E4C812A4E76
:1064C000F6B82B4EBED12C4EDCE32D4ED0D62E4E40
:1064D0004D812F4E4E81304EE1B7314E4F81324EBD
:1064E000AEB4334E5081344ED9C1354E5181364E03
:1064F000BCD8374E5281384EE8CD394EA4B53A4E0D
:10650000AACE3B4EF7D63C4E53813D4EF6C03E4E92
:10651000D9BE3F4EAFD8404E5481414E5581424E78
:106520005681434ECBC4444E5781454EC3BE464E62
:106530005881474EB1D8484EB4C3494EE5D24A4E71
:1065400059814B4EAED64C4EDACE4D4EA7D54E4E5F
:10655000F5BA4F4EA6B7504ED6C0514E5A81524E44
:10656000B9C6534ED2C5544EC7C7554E5B81564E21
:10657000D4B9574E5C81584ECBB3594ED2D25A4EF5
:106580005D815B4E5E815C4EBFD85D4EC5BE5E4E8A
:10659000F2C65F4EB2D2604EB0CF614EE7CF624ED0
:1065A0005F81634E6081644E6181654E6281664E9B
:1065B000E9CA674E6381684E6481694EC0D86A4EED
:1065C00065816B4E66816C4E67816D4E68816E4E43
:1065D00069816F4E6A81704EF2C2714ED2C2724EA4
:1065E0006B81734EE9C8744E6C81754E6D81764E29
:1065F0006E81774E6F81784E7081794E71817A4EBF
:1066000072817B4E73817C4E74817D4E75817E4E8E
:10661000ACC77F4E7681804E7781814E7881824EE5
:106620007981834E7A81844E7B81854E7C81864E32
:10663000CBC1874E7D81884EE8D3894EF9D58A4EED
:106640007E818B4EC2CA8C4EFEB68D4EA1D88E4E28
:10665000DAD38F4EF7BF904E8081914EC6D4924EC2
:10666000A5BB934EC1D8944EE5CE954EAEBE964E88
:106670008181974E8281984EA8D8994E83819A4EF7
:10668000C7D19B4EA9D09C4E84819D4E85819E4E44
:1066900086819F4EBDD8A04EEFD9A14EF6CDA24E19
:1066A000BABFA34E8781A44EBBBDA54EA5BAA64EC8
:1066B000E0D2A74EFAB2A84EE0BAA94EB6C4AA4E8E
:1066C0008881AB4EEDCFAC4EA9BEAD4EA4CDAE4E43
:1066D000C1C1AF4E8981B04E8A81B14E8B81B24E1D
:1066E000D7C7B34EF1D9B44E8C81B54EF4D9B64E5E
:1066F0008D81B74E8E81B84E8F81B94E9081BA4E42
:10670000CBC8BB4EE9D8BC4E9181BD4E9281BE4EE6
:106710009381BF4EDAD2C04EB2CAC14ECAC8C24E71
:10672000ECD8C34EEAD8C44EC6D8C54EF6BDC64E48
:10673000CDC6C74EF0B3C84E9481C94EEBD8CA4EF1
:10674000F1BDCB4EE9BDCC4E9581CD4ED4C8CE4ED9
:10675000D3B4CF4E9681D04E9781D14ED8C2D24E6F
:106760009881D34ED6B2D44ED0D7D54ECBCAD64EC2
:10677000FBCBD74ECCD5D84EB6B8D94EC9CFDA4E12
:106780009981DB4E9A81DC4E9B81DD4EDAD9DE4E5B
:10679000F0D8DF4EAAC7E04E9C81E14EEED8E24E23
:1067A0009D81E34EFAB4E44EEEC1E54ED4D2E64EFE
:1067B0009E81E74E9F81E84EEDD8E94EA081EA4EDA
:1067C000C7D2EB4EEFD8EC4EC7C3ED4EA181EE4ED3
:1067D000A281EF4EA381F04EF6D1F14EA481F24E8C
:1067E000D9D6F34EF2D8F44EA581F54EF5D8F64E33
:1067F000FEBCF74EDBBCF84EA681F94EA781FA4EDF
:10680000A881FB4ECEC8FC4EA981FD4EDDB7FE4EE1
:10681000AA81FF4EC2B7004FAB81014FF3C6024FB2
:10682000AC81034FAD81044FAE81054FAF81064F60
:10683000B081074FB181084FB281094FF8D80A4F94
:10684000C1D20B4FB3810C4FB4810D4FE9CE0E4F27
:10685000BFBC0F4FFCB7104FA5B7114FDDD0124F83
:10686000B581134FB681144FB781154FB881164FBC
:10687000B981174FDAD6184FC5D3194FEFBB1A4F4E
:10688000E1BB1B4FF1D81C4FBA811D4FBB811E4F7E
:10689000A1C91F4FB0CE204FABB4214FBC81224FB6
:1068A000F3D8234FBD81244FCBC9254FF6D8264FAF
:1068B000D7C2274FF7D8284FBE81294FBF812A4F13
:1068C000B1CE2B4FF9D82C4FC0812D4FC1812E4F07
:1068D000C2812F4FAEB2304FC0B9314FC381324F5A
:1068E000A3D9334FC481344FE9B0354FC581364FFA
:1068F000E6C1374FC681384FECC9394FC7813A4F8F
:10690000C5CB3B4FC8813C4FC6CB3D4FA4D93E4F72
:10691000C9813F4FCA81404FCB81414FCC81424F0B
:10692000CD81434FE8B5444FCE81454FCF81464F8F
:10693000ABB5474FD081484FD181494FD2814A4FA3
:10694000D3814B4FD4814C4FD5814D4FBBCE4E4F51
:10695000CDB54F4FA1D7504FF4D7514FD3D3524F4E
:10696000D681534FE5CC544FD781554FCEBA564FB1
:10697000D881574FA2D9584FDCD9594FE0D35A4F3D
:10698000FDD85B4FF0B75C4FF7D75D4FFED85E4F39
:10699000FAD85F4FA1D9604FE3C4614FD981624FEC
:1069A000DA81634FB6D3644FF4D8654FDDD9664FB3
:1069B000DB81674FFBD8684FDC81694FE5C56A4FC3
:1069C000DD816B4FDE816C4FD0C06D4FDF816E4F2C
:1069D000E0816F4FF0D1704FDBB0714FE181724FAA
:1069E000E281734FD1BC744FA6D9754FE381764FC6
:1069F000A5D9774FE481784FE581794FE6817A4FC9
:106A0000E7817B4FACD97C4FAED97D4FE8817E4F7B
:106A1000ABD97F4FB9CA804FE981814FEA81824F5C
:106A2000EB81834FA9D9844FB6D6854FEC81864F31
:106A3000ED81874FEE81884FDEB3894FA8D98A4F09
:106A4000EF818B4FFDC08C4FF0818D4FCCCA8E4FA4
:106A5000F1818F4FAAD9904FF281914FA7D9924FD0
:106A6000F381934FF481944FB0D9954FF581964FB0
:106A7000F681974FB1B6984FF781994FF8819A4FA9
:106A8000F9819B4FA9B99C4FFA819D4FC0D29E4F6F
:106A9000FB819F4FFC81A04FC0CFA14FFD81A24F32
:106AA000FE81A34FC2C2A44F4082A54FC4BDA64FD2
:106AB000ECD5A74FE0B2A84FC8C7A94FEBBFAA4F6C
:106AC000ADD9AB4F4182AC4FAFD9AD4F4282AE4F43
:106AD000EACEAF4FEEBAB04F4382B14F4482B24FCD
:106AE0004582B34F4682B44F4782B54FD6C7B64FA3
:106AF0004882B74F4982B84F4A82B94F4B82BA4F4A
:106B00004C82BB4F4D82BC4F4E82BD4F4F82BE4F19
:106B10005082BF4FE3B1C04F5182C14F5282C24F2A
:106B20005382C34FD9B4C44FEDB6C54FB4D9C64F85
:106B30005482C74F5582C84F5682C94F5782CA4F99
:106B4000A1BFCB4F5882CC4F5982CD4F5A82CE4FE6
:106B5000DED9CF4FCEC7D04FFEC0D14FB8D9D24F1C
:106B60005B82D34F5C82D44F5D82D54F5E82D64F1D
:106B70005F82D74FD7CBD84FFDB7D94F6082DA4F5E
:106B8000B5D9DB4F6182DC4FB7D9DD4FA3B1DE4F02
:106B9000E1D3DF4FB9D9E04F6282E14FC5D0E24F78
:106BA0006382E34FB6D9E44F6482E54F6582E64FD6
:106BB000B1D9E74F6682E84FB2D9E94FA9C1EA4F90
:106BC000B3D9EB4F6782EC4F6882ED4FF3BCEE4FC9
:106BD000DED0EF4FA9B8F04F6982F14FE3BEF24F1C
:106BE0006A82F34FBDD9F44F6B82F54F6C82F64F3A
:106BF0006D82F74F6E82F84FBAD9F94F6F82FA4F14
:106C0000B3B0FB4F7082FC4F7182FD4F7282FE4F1A
:106C1000C2D9FF4F738200507482015075820250B6
:106C2000768203507782045078820550798206502C
:106C30007A8207507B8208507C8209507D820A50FC
:106C40007E820B5080820C50C4D90D50B6B10E50CC
:106C500081820F50BFD9105082821150838212500E
:106C6000B9B5135084821450F3BE15508582165066
:106C70008682175087821850C8CC1950F2BA1A5021
:106C8000D0D21B5088821C50C3D91D5089821E50FF
:106C90008A821F50E8BD20508B822150ABB3225016
:106CA0008C8223508D8224508E822550C5D9265047
:106CB000EBBE27508F822850C6D92950BBD92A5005
:106CC000DFC42B5090822C50BED92D50C1D92E50EC
:106CD000C0D92F50918230509282315093823250DD
:106CE0009482335095823450968235509782365034
:106CF00098823750998238509A8239509B823A5004
:106D0000AED53B509C823C50B5D63D509D823E5006
:106D1000E3C73F509E8240509F824150A082425024
:106D2000A1824350C8D94450A2824550A382465004
:106D3000A4824750D9BC4850CAD94950A5824A506C
:106D4000A6824B50A7824C50BCD94D50A8824E50C1
:106D5000CBD94F50ABC65050A9825150AA82525045
:106D6000AB825350AC825450AD825550C9D9565065
:106D7000AE825750AF825850B0825950B1825A50AB
:106D8000F6D75B50B2825C50A3CD5D50B3825E50AB
:106D9000B4825F50B5826050B6826150B782625053
:106DA000B8826350B9826450BA826550A1BD665002
:106DB000BB826750BC826850BD826950BE826A50F7
:106DC000BF826B50C0826C50CCD96D50C1826E5066
:106DD000C2826F50C3827050C4827150C58272509B
:106DE000C6827350C7827450C8827550C98276506B
:106DF000BCC57750B5CD7850CA827950CB827A50D5
:106E0000CC827B50CDD97C50CD827D50CE827E50BD
:106E1000C7D97F50A5B38050FEBF8150CF8282502A
:106E2000D0828350D1828450D2828550B5B88650AA
:106E3000D3828750D4828850FCC08950D5828A5032
:106E4000D6828B50D7828C50D8828D50F8B08E501D
:106E5000D9828F50DA829050DB829150DC8292503E
:106E6000DD829350DE829450DF829550E08296500E
:106E7000E1829750E2829850E3829950E4829A50DE
:106E8000E5829B50E6829C50E7829D50E8829E50AE
:106E9000E9829F50EA82A050EB82A150EC82A2507E
:106EA000ED82A350F6B4A450EE82A550CED9A650E0
:106EB000EF82A750CFD9A850A2B4A950D0D9AA50D8
:106EC000F082AB50F182AC50DFB4AD50F282AE50E4
:106ED000F382AF50F482B050F582B150F682B250D6
:106EE000C1B0B350F782B450F882B550F982B650B1
:106EF000FA82B750FB82B850FC82B950FD82BA507A
:106F0000D1D9BB50B5C9BC50FE82BD504083BE50E4
:106F10004183BF504283C0504383C1504483C25019
:106F20004583C3504683C4504783C5504883C650E9
:106F30004983C7504A83C8504B83C9504C83CA50B9
:106F40004D83CB504E83CC504F83CD505083CE5089
:106F50005183CF50F1CFD0505283D1505383D25070
:106F60005483D3505583D4505683D5505783D6502D
:106F7000D2D9D7505883D8505983D9505A83DA5030
:106F8000C5C1DB505B83DC505C83DD505D83DE502C
:106F90005E83DF505F83E0506083E1506183E250A5
:106FA0006283E3506383E4506483E5506583E65075
:106FB000D6D9E750AEC9E8506683E9506783EA50F6
:106FC0006883EB506983EC50D5D9ED50D4D9EE509D
:106FD000D7D9EF506A83F0506B83F1506C83F25035
:106FE0006D83F350DBCBF4506E83F550A9BDF650A2
:106FF0006F83F7507083F8507183F9507283FA50A1
:107000007383FB50A7C6FC507483FD507583FE50FC
:107010007683FF5077830051788301517983025141
:107020007A8303517B8304517C8305517D83065110
:10703000D3D90751D8D908517E83095180830A5189
:1070400081830B51D9D90C5182830D5183830E5109
:1070500084830F5185831051868311518783125188
:10706000E5C8135188831451898315518A831651B9
:107070008B8317518C8318518D8319518E831A512C
:107080008F831B5190831C5191831D5192831E51FC
:1070900093831F519483205195832151DCC0225149
:1070A00096832351978324519883255199832651A0
:1070B0009A8327519B8328519C8329519D832A5170
:1070C0009E832B519F832C51A0832D51A1832E5140
:1070D000A2832F51A3833051A4833151A583325110
:1070E000A6833351A7833451A8833551A9833651E0
:1070F000AA833751AB833851AC833951AD833A51B0
:10710000AE833B51AF833C51B0833D51B1833E517F
:10711000B2833F51F9B64051A3D84151CAD442512C
:10712000B3834351AAD44451D6D04551E4B3465118
:10713000D7D54751B4834851C8CF4951E2B94A51D4
:10714000B5834B51CBBF4C51B6834D51E2C34E5129
:10715000B7834F51B8835051B9835151D2B6525170
:10716000BA835351BB835451C3CD5551EED95651B7
:10717000F0D95751BC835851BD835951BE835A51E0
:10718000B3B55B51BF835C51B5B65D51C0835E51F1
:10719000C1835F51C2836051C3836151C483625113
:1071A000A4BE6351C5836451C6836551EBC8665163
:1071B000C7836751C8836851ABC86951C9836A5195
:1071C000CA836B51CBB06C51ABB96D51F9C16E51E3
:1071D000E2D96F51CB837051BCC07151B2B97251B9
:1071E000CC837351D8B97451CBD07551F8B1765165
:1071F000E4C67751DFBE7851E4B57951C8D77A51EA
:10720000CD837B51F8D17C51E6BC7D51DECA7E51E5
:10721000CE837F51CF838051BDBC8151E6D982514D
:10722000E7D88351D0838451D1838551DAC4865104
:10723000D2838751D3838851D4B88951BDC88A512C
:10724000D4838B51D5838C51E1B28D51D9D48E51D9
:10725000D6838F51D7839051D8839151D98392513E
:10726000B0C39351DA839451DB839551E1C39651B6
:10727000A2DA9751DFC89851DC839951B4D09A5162
:10728000DD839B51FCBE9C51A9C59D51DE839E515F
:10729000DF839F51E083A051DAB9A151E183A2516C
:1072A000A3DAA351E283A451A9D4A551A4DAA6512B
:1072B000E383A751E483A851E583A951E683AA514A
:1072C000E783AB51FBD9AC51ACB6AD51E883AE51BD
:1072D000E983AF51EBB7B051F9B1B151FCD9B2511B
:1072E000E5B3B351F6BEB451EA83B551F6BFB6511A
:1072F000B1D2B751E4C0B851EB83B951EC83BA5164
:10730000ED83BB51B3B6BC51FED9BD51FDD9BE51C1
:10731000EE83BF51EF83C051BBBEC151F083C25158
:10732000F183C351F283C451E0C6C551F383C65102
:10733000BCD7C751A1DAC851F483C951B9C1CA51E8
:10734000F583CB51F2B5CC51E8C1CD51F683CE5186
:10735000F783CF51F5BCD051F883D151D5B4D25178
:10736000F983D351FA83D451FB83D551FC83D65191
:10737000FD83D751FE83D8514084D9514184DA51DD
:107380004284DB51DDC1DC514384DD51FDC4DE515B
:107390004484DF514584E051B8BCE151B2B7E251B9
:1073A0004684E3514784E451EFB7E5514884E65100
:1073B0004984E7514A84E8514B84E9514C84EA51AD
:1073C0004D84EB51ECD9EC514E84ED51BEC6EE51DB
:1073D0004F84EF51ADBFF051CBBBF1515084F2510E
:1073E0005184F351CAB5F4515284F551C9DBF651B9
:1073F000D7D0F7515384F851B9CDF951BCB0FA51F7
:10740000F6B3FB51F7BBFC51CADBFD51AFBAFE51DD
:107410005484FF51E4D40052B6B50152F3B5025280
:10742000D6D80352D0C80452558405525684065209
:10743000D6B70752D0C70852D7D8095257840A5234
:10744000AFBF0B5258840C5259840D52BBDB0E5205
:10745000D8D80F525A8410525B841152CCD0125299
:10746000AEBB13525C8414525D8415525E84165276
:10747000BEEB1752D0C11852F5C11952F2D41A52AC
:10748000D5B81B52B4B41C525F841D52F5B31E52C2
:1074900060841F5261842052BEC9215262842252EC
:1074A0006384235264842452D0C5255265842652B5
:1074B0006684275267842852D9C52952FBC02A52B4
:1074C00068842B52F0B12C5269842D52D9D82E5297
:1074D000CEB92F526A843052BDB531526B843252CC
:1074E0006C843352DAD834526D8435526E843652FD
:1074F000C6D63752A2CB3852AFC83952B2C93A5267
:10750000CCB43B52CCBF3C526F843D52F4B93E5296
:1075100070843F52DBD84052DCD84152E7B6425229
:10752000C1BC4352EACC44527184455272844652E3
:1075300073844752748448527584495276844A52FF
:10754000F7CF4B5277844C52DDD84D52B0C74E52D4
:1075500078844F5279845052D0B95152A3BD5252BF
:107560007A8453527B845452DECC55527C845652DA
:10757000CAC657527D8458527E84595280845A52CA
:1075800081845B5282845C52E0D85D5283845E5277
:10759000DED85F528484605285846152DFD86252A3
:1075A000868463528784645288846552FEB0665232
:1075B00089846752E7BE68528A846952A3CA6A52B4
:1075C000F4BC6B528B846C528C846D528D846E52E1
:1075D0008E846F52B1B870528F84715290847252FF
:1075E000EEB8735291847452928475529384765299
:1075F00094847752958478529684795297847A52FB
:1076000098847B5299847C529A847D52E2D87E522F
:107610009B847F52CBBD80529C848152E4D882529D
:10762000E3D883529D8484529E8485529F848652DF
:10763000A0848752A1848852FCC58952A2848A52B0
:10764000A3848B52A4848C52A5848D52A6848E521E
:10765000A7848F52A8849052E5D89152A98492525F
:10766000AA849352E6D89452AB849552AC84965235
:10767000AD849752AE849852AF849952B0849A5296
:10768000B1849B52A6C19C52B2849D52B0C89E52F6
:10769000ECB09F52A6B9A052D3BCA152F1CEA252D7
:1076A000BDDBA352D3C1A452B384A552B484A65265
:1076B000B584A752B684A852AFB6A952FAD6AA5238
:1076C000ACC5AB52D9BDAC52BEDBAD52BFDBAE5286
:1076D000B784AF52B884B052B984B152F8C0B25234
:1076E000A2BEB352CDC0B452BA84B552BB84B65216
:1076F000BC84B752BD84B852BE84B952BF84BA525A
:10770000C084BB52C184BC52C284BD52C384BE5229
:10771000C0DBBF52C6CAC052C484C152C584C25263
:10772000C684C352AAB2C452C784C552C884C652C2
:10773000C984C752C2D3C852CA84C952E3C3CA5209
:10774000CB84CB52ABD1CC52CC84CD52CD84CE5253
:10775000CE84CF52CF84D052C2DBD152D084D25209
:10776000D5C0D352D184D452D284D552D384D652E8
:10777000C3DBD752D484D852B1BFD952D584DA52A0
:10778000D684DB52D784DC52D884DD52D984DE52D1
:10779000DA84DF52BCC4E052DB84E152DC84E25282
:1077A000DD84E352DE84E452DAC7E552DF84E65238
:1077B000E084E752E184E852E284E952E384EA5249
:1077C000E484EB52E584EC52E684ED52E784EE5219
:1077D000E884EF52E984F052C4DBF152EA84F252B9
:1077E000EB84F352EC84F452ED84F552EE84F652BD
:1077F000EF84F752F084F852F184F952E8D9FA5242
:10780000D7C9FB52F284FC52F384FD52F484FE5239
:10781000B4B9FF52F0CE0053C8D40153F5840253DB
:10782000F6840353F7840453F8840553FCB00653DD
:10783000D2B40753F9840853D9D00953FA840A53B0
:10784000FB840B53FC840C53FD840D53E9D90E5378
:10785000FE840F53CBDE1053EBD9115340851253E6
:10786000418513534285145343851553B0D816539D
:10787000AFBB1753B1B1185344851953D7B31A533B
:10788000CED81B5345851C5346851D53D1D41E535A
:1078900047851F5348852053B3BD2153EFBF225363
:1078A00049852353BBCF24534A8525534B85265303
:1078B000D0D827534C8528534D8529534E852A53BC
:1078C000CBB72B534F852C5350852D5351852E53B9
:1078D000D1D82F5352853053538531535485325369
:1078E000558533535685345357853553588536530C
:1078F000598537535A8538535B853953A5C63A5352
:10790000F8C73B53BDD23C535C853D535D853E5328
:10791000D2D83F53E4C440535E854153AECA42536C
:107920005F854353A7C7445360854553A6D8465344
:1079300061854753FDC94853E7CE4953DCBB4A53E1
:10794000EBB04B5362854C5363854D5364854E5366
:10795000AABB4F53ADD0505365855153B0B152536C
:10796000E4D75353BFD7545366855553A5B55653E3
:10797000F4C25753CFC458536785595368855A5337
:10798000A9B25B5369855C53B7B25D536A855E5398
:10799000E5B15F53B2DF6053BCD56153A8BF6253FA
:1079A000ACC26353D5D86453B1C265536B8566537B
:1079B000D4D86753D4CE68536C856953E0DA6A53E0
:1079C0006D856B53C0CE6C536E856D536F856E5352
:1079D000B4D86F53AEC37053A1D37153A3CE7253B7
:1079E00070857353B4BC7453B4C87553D1C2765305
:1079F00071857753EDBE7853B6D0795372857A533B
:107A0000E1DA7B5373857C5374857D5375857E5392
:107A100076857F53E4C78053778581537885825379
:107A2000A7B3835379858453F2B68553FCCC865330
:107A3000FAC087537A8588537B858953F7C08A5368
:107A40007C858B53B9D18C53E1D18D53C7D88E53DC
:107A50007D858F537E859053808591538185925388
:107A6000828593538385945384859553DEB29653D0
:107A70008585975386859853E5C0995387859A5392
:107A8000F1BA9B5388859C5389859D53C8D89E53D2
:107A90008A859F53ADD4A0538B85A1538C85A25367
:107AA000E1CFA353C9D8A4538D85A553CAD8A653F3
:107AB000C3CFA7538E85A853F8B3A953C7BEAA5303
:107AC0008F85AB539085AC539185AD539285AE5362
:107AD000CBD8AF539385B0539485B1539585B253AA
:107AE0009685B3539785B4539885B5539985B65306
:107AF000CCDBB7539A85B8539B85B9539C85BA5351
:107B00009D85BB53A5C8BC539E85BD539F85BE5361
:107B1000A085BF53D8CFC053A185C153FEC8C2535F
:107B2000CEB2C353A285C453A385C553A485C653FF
:107B3000A585C753A685C853D6D3C953E6B2CA5341
:107B4000B0BCCB53D1D3CC53ABCBCD53B4B7CE53C6
:107B5000A785CF53A885D053A985D153A2B7D253B7
:107B6000AA85D353AB85D453E5CAD553AC85D65338
:107B7000A1C8D753DCCAD853E4B1D953F0D0DA53F3
:107B8000AD85DB53D1C5DC53AE85DD53AF85DE5308
:107B9000B085DF53C5DBE053FEB5E153B185E25359
:107BA000B285E353DABFE453C5B9E553E4BEE65307
:107BB000EDC1E753B385E853B6DFE953B5DFEA53C8
:107BC000BBD6EB53D0BDEC53D9D5ED53C8B0EE5373
:107BD000A3B6EF53C9BFF053A8CCF153B3DFF253B0
:107BE000B7CAF353D2D3F453B485F553CFD8F65371
:107BF000B6D2F753C5BAF853BECBF953BECCFA533D
:107C0000B585FB53B7DFFC53F0B5FD53B4DFFE532E
:107C1000B685FF53B7850054B8850154F5D3025497
:107C2000B9850354D4B30454F7B80554BA8506543F
:107C3000BADF0754BB850854CFBA0954AABC0A540A
:107C4000F5B50B54BC850C54ACCD0D54FBC30E5490
:107C5000F3BA0F54F4C01054C2CD1154F2CF1254E1
:107C6000B8DF1354C5CF1454BD851554C0C2165483
:107C7000B9DF1754F0C21854BE851954BF851A5481
:107C8000C0851B54FDBE1C54C1851D54DFC11E544C
:107C9000CCCD1F54F7D22054CDB72154C1DF22548C
:107CA000C2852354C4DF2454C3852554C485265477
:107CB000F1B72754C9B02854D6B62954D4B72A549A
:107CC000C5852B54ACBA2C54FDCC2D54D4BF2E54A6
:107CD000B1CB2F54F4C63054C6853154A8D6325493
:107CE000C5DF3354C7853454E2CE3554B3B336546C
:107CF000C8853754C9853854FCCE3954B5B43A5484
:107D0000CA853B54C7CE3C54F0BA3D54CB853E5453
:107D1000E1CE3F54CC854054BDD14154CD85425431
:107D2000CE854354C0DF4454CF854554D085465456
:107D3000F4B44754D1854854CAB34954D2854A54FF
:107D4000E6B84B54BBDF4C54D3854D54D4854E54C8
:107D5000D5854F54D6855054C5C45154D7855254F7
:107D6000BCDF5354BDDF5454BEDF5554BBC556541D
:107D7000BFDF5754C2DF5854B1D45954C3DF5A54EB
:107D8000D8855B54BAC75C54D8CE5D54D9855E544F
:107D9000DA855F54DB856054DC856154DD8562548F
:107DA000D8C46354DE856454CADF6554DF856654E5
:107DB000CFDF6754E0856854DCD66954E1856A54A6
:107DC000E2856B54E3856C54E4856D54E5856E540F
:107DD000E6856F54E7857054E8857154C9DF7254A5
:107DE000DADF7354B6CE7454E9857554C7BA765445
:107DF000CEDF7754C8DF7854DEC57954EA857A54EB
:107E0000EB857B54EBC97C54F4BA7D54FCC37E549F
:107E1000EC857F54ED858054D7BE8154EE85825425
:107E2000C6DF8354EF858454CDDF8554F0858654B6
:107E3000D8C58754F1858854F2858954F3858A54CE
:107E4000F4858B54A6D58C54CDBA8D54F5858E54BB
:107E5000CCBE8F54BDD39054C0B89154F685925483
:107E6000E4D69354F7859454C7DF9554BEB996541D
:107E7000A7BF9754F8859854F9859954FCC19A5432
:107E8000CBDF9B54CCDF9C54FA859D54D0DF9E54AD
:107E9000FB859F54FC85A054FD85A154FE85A2540A
:107EA0004086A354DBDFA454E5DFA5544186A654E5
:107EB000D7DFA754D6DFA854C9D7A954E3DFAA5403
:107EC000E4DFAB54EBE5AC54A7D2AD54D2DFAE54F3
:107ED0004286AF54A9BFB0544386B154DBD4B254E8
:107EE0004486B354C8BFB454D4DFB5544586B654A1
:107EF0004686B7544786B854CCCFB9544886BA544E
:107F00004986BB54DDDFBC544A86BD54CAD1BE5439
:107F10004B86BF54DEDFC054A7B0C154B7C6C254AD
:107F2000D3DFC3544C86C454E5BAC5544D86C654F9
:107F3000DFB6C754DBCDC854FEB9C954D5D4CA5432
:107F40004E86CB544F86CC54DFDFCD54ECCFCE548D
:107F5000A5B0CF54E7DFD054D1DFD154C6D1D2542D
:107F6000D5DFD354D8DFD454D9DFD554DCDFD65491
:107F70005086D754A9BBD8545186D954E0DFDA547F
:107F8000E1DFDB545286DC54E2DFDD54E6DFDE5411
:107F9000E8DFDF54B4D3E0545386E1545486E2540E
:107FA0005586E3545686E4545786E554E7B8E654BC
:107FB000B6C5E754EADFE854DAC9E954A8C1EA547F
:107FC000C4C4EB545886EC545986ED54DEBFEE54CD
:107FD000F8CFEF545A86F0545B86F1545C86F25425
:107FE000DCD5F354EEDFF4545D86F5545E86F6542A
:107FF0005F86F7546086F8546186F9546286FA54B5
:10800000B8B2FB546386FC54DFBAFD54ECDFFE5477
:108010006486FF54C1DB005565860155E4D10255E5
:108020006686035567860455688605556986065534
:10803000F4CB0755BDB408556A860955A6B00A5554
:108040006B860B556C860C556D860D556E860E55E0
:108050006F860F55F1DF1055C6CC1155F2DF125562
:108060007086135571861455EDDF155572861655B9
:1080700073861755748618557586195576861A5560
:1080800077861B55E9DF1C5578861D5579861E5568
:108090007A861F557B862055EBDF21557C8622553D
:1080A000EFDF2355F0DF2455BDBB25557D862655D2
:1080B0007E862755F3DF28558086295581862A55E7
:1080C000F4DF2B5582862C55A3BB2D5583862E5568
:1080D000DBCA2F55A8CE3055A7E03155AAB332558B
:1080E00084863355A6E034558586355586863655C3
:1080F00087863755A1E038558886395589863A559F
:108100008A863B558B863C55FEDF3D558C863E5519
:10811000D9CD3F55FCDF40558D864155FADF42559C
:108120008E864355D0BF4455C4D745558F86465596
:10813000CCC947559086485591864955F8DF4A5530
:10814000A1B04B5592864C5593864D5594864E550D
:1081500095864F5596865055FDDF51559786525559
:1081600098865355998654559A865555FBDF565532
:10817000A2E057559B8658559C8659559D865A5561
:108180009E865B559F865C55A8E05D55A0865E5532
:10819000A1865F55A2866055A3866155C8B7625512
:1081A000A4866355A5866455A1C66555B6C96655AE
:1081B000B2C06755F5DF6855A6866955A7866A552A
:1081C000BEC56B55A8866C55C4D86D55F9DF6E5584
:1081D000F6C46F55A9867055AA867155AB8672553F
:1081E000AC867355AD867455AE867555A3E076554D
:1081F000A4E07755A5E07855A5D07955AF867A5596
:10820000B0867B55B4E07C55E4CC7D55B1867E5577
:10821000B1E07F55B2868055A6BF8155AFE082554B
:10822000B9CE8355ABE08455C6C98555B38686550E
:10823000B4868755AEC08855AEE08955EDBA8A55EB
:10824000B0BA8B55A9E08C55B5868D55B6868E553E
:10825000B7868F55F6DF9055B8869155B3E09255A5
:10826000B9869355BA869455B8E09555BB86965510
:10827000BC869755BD869855ADB49955B9E09A55C9
:10828000BE869B55BF869C55B2CF9D55C8BA9E559C
:10829000C0869F55B0E0A055C186A155C286A255A3
:1082A000C386A355C486A455C586A555C686A655BE
:1082B000C786A755FAD0A855C886A955C986AA5514
:1082C000CA86AB55CB86AC55CC86AD55CD86AE5562
:1082D000CE86AF55CF86B055D086B155ACE0B255FD
:1082E000D186B355FBD4B455D286B555F7DFB65514
:1082F000D386B755E7C5B855D486B955ADE0BA555C
:10830000D586BB55F7D3BC55D686BD55B6E0BE5510
:10831000B7E0BF55D786C055D886C155D986C25556
:10832000DA86C355DB86C455C4E0C555E1D0C655D1
:10833000DC86C755DD86C855DE86C955BCE0CA5502
:10834000DF86CB55E086CC55C9E0CD55CAE0CE5589
:10835000E186CF55E286D055E386D155BEE0D255B1
:10836000AAE0D355A4C9D455C1E0D555E486D65565
:10837000B2E0D755E586D855E686D955E786DA5571
:10838000E886DB55E986DC55C8CADD55C3E0DE5515
:10839000EA86DF55B5E0E055EB86E155CBCEE255F8
:1083A000EC86E355C3CBE455CDE0E555C6E0E65594
:1083B000C2E0E755ED86E855CBE0E955EE86EA5593
:1083C000BAE0EB55BFE0EC55C0E0ED55EF86EE5559
:1083D000F086EF55C5E0F055F186F155F286F2557D
:1083E000C7E0F355C8E0F455F386F555CCE0F655F3
:1083F000F486F755BBE0F855F586F955F686FA553B
:10840000F786FB55F886FC55F986FD55D4CBFE550D
:10841000D5E0FF55FA860056D6E00156D2E0025666
:10842000FB860356FC860456FD860556FE860656D8
:108430004087075641870856D0E00956CEBC0A56F9
:1084400042870B5643870C56D1E00D5644870E5693
:10845000C2B80F56C5D810564587115646871256D2
:108460004787135648871456498715564A87165624
:108470004B8717564C871856EAD019564D871A560F
:108480004E871B56EFC21C564F871D5650871E56EF
:10849000CFE01F56BDE02056518721565287225605
:1084A00053872356D4E02456D3E0255654872656C6
:1084B00055872756D7E028565687295657872A5674
:1084C00058872B5659872C56DCE02D56D8E02E566F
:1084D0005A872F565B8730565C873156F6D6325610
:1084E000B0B333565D873456ECD735565E87365673
:1084F000BBCB37565F87385660873956DAE03A5635
:1085000061873B56FBCE3C5662873D5663873E569D
:1085100064873F56D9BA40566587415666874256AA
:108520006787435668874456698745566A87465623
:108530006B8747566C8748566D8749566E874A56F3
:108540006F874B5670874C56E1E04D56DDE04E5636
:10855000ADD24F5671875056728751567387525617
:108560007487535675875456E2E0555676875656AB
:1085700077875756DBE05856D9E05956DFE05A5610
:1085800078875B5679875C56E0E05D567A875E5661
:108590007B875F567C8760567D8761567E876256F3
:1085A000DEE0635680876456E4E065568187665650
:1085B0008287675683876856F7C66956ACD86A566D
:1085C000EBD46B56E6E06C56C9CA6D5684876E567E
:1085D00085876F568687705687877156E5E0725695
:1085E00088877356898774568A8775568B8776561F
:1085F000C1B877568C8778568D8779568E877A568C
:108600008F877B56E7E07C56E8E07D5690877E5664
:1086100091877F569287805693878156948782569A
:10862000958783569687845697878556E9E08656C0
:10863000E3E0875698878856998789569A878A569D
:108640009B878B569C878C569D878D569E878E5612
:10865000BFBA8F56E7CC90569F879156A087925607
:10866000A1879356EAE09456A2879556A38796561B
:10867000A4879756A5879856A6879956A7879A568E
:10868000A8879B56A9879C56AA879D56AB879E565E
:10869000AC879F56AD87A056AE87A156AF87A2562E
:1086A000B087A356F9CFA456B187A556B287A65670
:1086B000B387A756B487A856B587A956B687AA56D2
:1086C000B787AB56B887AC56B987AD56BA87AE56A2
:1086D000BB87AF56EBE0B056BC87B156BD87B256EC
:1086E000BE87B356BF87B456C087B556C187B65646
:1086F000C287B756C2C8B856C387B956C487BA56D8
:10870000C587BB56C687BC56C0BDBD56C787BE56BB
:10871000C887BF56C987C056CA87C156CB87C256BD
:10872000CC87C356CD87C456CE87C556CF87C6568D
:10873000D087C756D187C856D287C956D387CA565D
:10874000D2C4CB56D487CC56D587CD56D687CE56F5
:10875000D787CF56D887D056D987D156DA87D25601
:10876000DB87D356DC87D456ECE0D556DD87D6566A
:10877000DE87D756EDE0D856DF87D956E087DA5640
:10878000F4C7DB56C4CBDC56E187DD56EEE0DE569F
:10879000D8BBDF56B6D8E056F2D2E156EFE0E2564B
:1087A000C5CDE356E287E456DAB6E556E387E656EA
:1087B000E487E756E587E856E687E956E787EA560D
:1087C000E887EB56F1E0EC56E987ED56B0D4EE566B
:1087D000EA87EF56EB87F056A7C0F156D1B4F256B0
:1087E000EC87F356ED87F456A7CEF556F0E0F65633
:1087F000EE87F756EF87F856F087F956F2E0FA560B
:10880000CCB9FB56F187FC56F287FD56FAB9FE56F5
:10881000BCCDFF56F3E00057F3870157F4870257AA
:10882000F5870357D4C60457F4E00557F687065773
:10883000B2D40757F7870857A6C80957F6E00A5772
:10884000F5E00B57F8870C57F9870D57FA870E5745
:10885000FB870F57FC871057FD871157FE8712576C
:108860004088135741881457428815574388165734
:1088700044881757458818574688195747881A5704
:1088800048881B5749881C57F7E01D574A881E57D0
:108890004B881F57C1CD20574C8821574D882257F0
:1088A0004E882357A5CA24574F88255750882657E6
:1088B0005188275752882857DAD42957D7DB2A57A7
:1088C000D9DB2B5753882C57D8DB2D57E7B92E57B8
:1088D000DCDB2F57DDDB3057D8B5315754883257A2
:1088E00055883357DADB345756883557578836570B
:1088F00058883757598838575A883957DBDB3A57E1
:10890000A1B33B57DFDB3C575B883D575C883E5744
:10891000F8BB3F575D884057B7D641575E884257EE
:10892000E0DB43575F884457608845576188465766
:1089300062884757F9BE48576388495764884A5741
:10894000BBB74B5765884C57D0DB4D57AECC4E5715
:10895000B2BF4F57B5BB5057F8D75157D3BF525737
:10896000668853576788545768885557698856579B
:108970006A885757E9BF58576B8859576C885A57B8
:10898000E1BC5B57B3CC5C57DEDB5D57D3B05E57C1
:10899000EBCE5F57D8B76057B9D76157C2C6625799
:1089A0006D8863576E886457A4C065576F88665793
:1089B000B9CC675770886857E7DB6957E1DB6A57BE
:1089C000BAC66B57E3DB6C5771886D57E8DB6E579F
:1089D00072886F57F7C570577388715774887257CC
:1089E00075887357EADB745776887557778876579A
:1089F000E9DB7757C0BF78577888795779887A57F5
:108A00007A887B57E6DB7C57E5DB7D577B887E5792
:108A10007C887F577D8880577E88815780888257E1
:108A2000B9B48357ACC08457A2C28557E2DB8657DE
:108A3000E4DB8757818888578288895783888A57DB
:108A400084888B57CDD08C57EDDB8D5785888E571A
:108A500086888F578788905788889157898892573A
:108A6000DDC09357F2DB94578A8895578B889657C9
:108A70008C8897578D8898578E8899578F889A57E2
:108A800090889B57E2B69C5791889D5792889E5735
:108A900093889F579488A057F3DBA157D2DBA25746
:108AA000B8B9A357ABD4A457ECDBA5579588A65704
:108AB000D1BFA757F0DBA8579688A957D1DBAA5793
:108AC0009788AB57E6B5AC579888AD57EBDBAE57F8
:108AD000E5BFAF579988B0579A88B1579B88B2576E
:108AE000EEDBB3579C88B457F1DBB5579D88B6577A
:108AF0009E88B7579F88B857F9DBB957A088BA57EF
:108B0000A188BB57A288BC57A388BD57A488BE576D
:108B1000A588BF57A688C057A788C157A888C2573D
:108B2000A1B9C357A3B0C457A988C557AA88C657C7
:108B3000AB88C757AC88C857AD88C957AE88CA57E5
:108B4000AF88CB57F1C2CC57B088CD57B188CE573C
:108B5000C7B3CF57EFDBD057B288D157B388D257BE
:108B6000F8DBD357B488D457D2C6D557F4DBD657E1
:108B7000B588D757B688D857F5DBD957F7DBDA571A
:108B8000F6DBDB57B788DC57B888DD57FEDBDE57EE
:108B9000B988DF57F2D3E057BAB2E157BA88E25743
:108BA000BB88E357BC88E457FDDBE557BD88E65733
:108BB000BE88E757BF88E857C088E957C188EA5799
:108BC000C288EB57C388EC57C488ED57A4DCEE5736
:108BD000C588EF57FBDBF057C688F157C788F257B7
:108BE000C888F357C988F457FADBF557CA88F6578F
:108BF000CB88F757CC88F857FCDBF957E0C5FA5714
:108C0000F9BBFB57CD88FC57CE88FD57A3DCFE5738
:108C1000CF88FF57D0880058A5DC0158D18802586A
:108C2000C3CC0358D2880458D3880558D488065832
:108C3000D1B60758C0DD0858D5880958D6880A58D3
:108C4000D7880B58A1DC0C58D8880D58A2DC0E58D8
:108C5000D9880F58DA881058DB881158B5C71258D0
:108C6000DC881358DD881458DE881558E9B6165884
:108C7000DF881758E0881858E1881958A7DC1A5877
:108C8000E2881B58E3881C58E4881D58E5881E5864
:108C9000A6DC1F58E6882058A9DC2158A4B1225828
:108CA000E7882358E8882458CCB52558E988265801
:108CB000EA882758EB882858EC882958ED882A58E4
:108CC000B0BF2B58EE882C58EF882D58F0882E58BE
:108CD000F1882F58F2883058DFD13158F388325854
:108CE000F4883358F5883458F6883558C2B6365863
:108CF000F7883758F8883858F9883958FA883A5830
:108D0000FB883B58FC883C58FD883D58FE883E58FF
:108D100040893F58418940584289415843894258C7
:108D20004489435845894458A8DC455846894658E3
:108D30004789475848894858498949584A894A586B
:108D40004B894B584C894C58FACB4D58F3EB4E5845
:108D50004D894F584E8950584F895158DCCB525845
:108D60005089535851895458FECB555852895658FA
:108D70005389575854895858C1CC595855895A580D
:108D800056895B5857895C5858895D5859895E588F
:108D9000FBC85F585A8960585B8961585C89625882
:108DA0005D8963585E8964585F896558AADC665896
:108DB00060896758618968586289695863896A5807
:108DC00064896B58EECC6C58ABDC6D5865896E5875
:108DD00066896F58678970586889715869897258AF
:108DE0006A8973586B8974586C8975586D8976587F
:108DF0006E8977586F8978587089795871897A584F
:108E000072897B5873897C5874897D5875897E581E
:108E1000D3DB7F5876898058AFDC8158ACDC825830
:108E200077898358B3BE845878898558FBCA865899
:108E3000798987587A8988587B898958ADDC8A581E
:108E40007C898B587D898C587E898D5880898E5875
:108E500081898F5882899058838991588489925842
:108E6000CAC99358B9C49458858995588689965823
:108E7000878997588889985889899958BDC79A5879
:108E8000AEDC9B588A899C588B899D588C899E584A
:108E9000F6D49F58E6D0A0588D89A1588E89A25843
:108EA0008F89A3589089A4589189A5589289A6586A
:108EB0009389A7589489A858ABC4A958D5B6AA587D
:108EC0009589AB589689AC589789AD589889AE5812
:108ED0009989AF589A89B0589B89B1589C89B258E2
:108EE0009D89B3589E89B4589F89B558A089B658B2
:108EF000A189B758A289B858A389B958A489BA5882
:108F0000A589BB58A689BC58D4DBBD58A789BE58D3
:108F1000A889BF58A989C058AA89C158DAB1C258CE
:108F2000AB89C358AC89C458AD89C558D5DBC65880
:108F3000AE89C758AF89C858B089C958B189CA58CD
:108F4000B289CB58B389CC58B489CD58B589CE589D
:108F5000B689CF58B789D058B889D158D6DBD258FE
:108F6000B989D358BA89D458BB89D558BEBAD6580E
:108F7000BC89D758BD89D858BE89D958BF89DA5815
:108F8000C089DB58C189DC58C289DD58C389DE58E5
:108F9000C489DF58C589E058C689E158C789E258B5
:108FA000C889E358C989E458C0C8E558CA89E65851
:108FB000CB89E758CC89E858CD89E958CE89EA5859
:108FC000CF89EB58BFCAEC58C9C8ED58D089EE58C4
:108FD000B3D7EF58D189F058F9C9F158D289F2586E
:108FE000D389F358C7BFF458D489F558D589F658B2
:108FF000F8BAF758D689F858D789F958BCD2FA5830
:10900000D889FB58D989FC58DA89FD58DB89FE5884
:10901000DC89FF58DD890059DE890159DF89025951
:10902000BAE20359E0890459A6B40559E189065901
:10903000E2890759B8B10859E3890959E4890A59FD
:10904000E5890B59E6890C59E7890D59B4B80E59D1
:10905000E8890F59C4CF1059E9891159EA89125981
:10906000EB891359EC891459E7D91559A6CF16592C
:10907000E2CD1759ED891859EE891959EDD91A59C8
:10908000E0B61B59EF891C59B9D21D59F0891E59F8
:10909000F1891F59BBB92059F2892159F389225905
:1090A000F4892359F5892459B9E22559B7E226599B
:1090B000F6892759F3B42859F7892959ECCC2A594C
:1090C000ABCC2B59F2B72C59F8892D59B2D82E595F
:1090D000EBD12F59BBBA3059F9893159A7CA325946
:1090E000FA893359FB893459B7CD3559FC8936593A
:1090F000FD893759C4D23859E4BF3959D0BC3A59DF
:10910000E1B63B59FE893C59C5DE3D59408A3E597E
:10911000418A3F59428A4059438A4159C6DE4259E1
:10912000BCDB4359448A4459D9D14559458A4659EB
:10913000468A4759E6C64859CEC44959EEB74A59F6
:10914000478A4B59DCB74C59488A4D59498A4E5980
:10915000FCBF4F59E0D750594A8A5159F5C6525968
:109160004B8A53594C8A5459BCB15559C8DE56598B
:10917000B1BD5759D7CC5859CADE59594D8A5A5999
:10918000C9DE5B594E8A5C594F8A5D59508A5E59D7
:10919000518A5F59528A6059ECB56159538A6259B4
:1091A000DDC96359548A6459558A6559C2B06659F4
:1091B000568A6759578A6859588A6959598A6A5923
:1091C0005A8A6B595B8A6C595C8A6D595D8A6E59F3
:1091D0005E8A6F595F8A7059608A7159618A7259C3
:1091E000628A7359AEC57459ABC57559638A76598D
:1091F000CCC47759648A7859E9BC7959FDCB7A593E
:10920000658A7B59668A7C59678A7D59C3BA7E59BB
:10921000688A7F59698A80596A8A8159F9E5825931
:10922000E7C88359FAE58459FDCD85596B8A86597B
:10923000B1D78759BEB88859E8C289596C8A8A590A
:10924000D1C88B596D8A8C596E8A8D59FBE58E5920
:109250006F8A8F59708A9059718A9159728A92597E
:10926000CAB69359CBBC9459738A9559748A965946
:10927000FDD19759A1E69859758A9959EEC39A5923
:10928000768A9B59778A9C59788A9D59798A9E5902
:10929000A4E69F597A8AA0597B8AA1597C8AA2594F
:1092A0007D8AA359FEE5A459A5E6A559D7CDA659AF
:1092B0007E8AA759808AA859C1B7A959FCE5AA593D
:1092C000FDE5AB59A3E6AC59818AAD59828AAE5906
:1092D000DDC4AF59A8E6B059838AB159848AB2591E
:1092E000A7E6B359858AB459868AB559878AB6598B
:1092F000888AB759898AB8598A8AB959C3C3BA5969
:109300008B8ABB59DEC6BC598C8ABD598D8ABE5921
:10931000AAE6BF598E8AC0598F8AC159908AC2590C
:10932000918AC359928AC459938AC559948AC65955
:10933000B7C4C759958AC859968AC959978ACA59CC
:10934000A2E6CB59BCCACC59988ACD59998ACE5934
:109350009A8ACF599B8AD059E3BDD159C3B9D25902
:10936000A6E6D359D5D0D459AFCED5599C8AD65973
:109370009D8AD759A9E6D859B0E6D9599E8ADA59B3
:10938000A6D2DB599F8ADC59AABDDD59ADE6DE596C
:10939000A08ADF59A18AE059A28AE159A38AE25939
:1093A000A48AE359AFE6E459A58AE559D1C0E65944
:1093B000A68AE759A78AE859CCD2E959A88AEA5976
:1093C000A98AEB59AA8AEC59A7BCED59AB8AEE5988
:1093D000AC8AEF59AD8AF059AE8AF159AF8AF25989
:1093E000B08AF359B18AF459B28AF559B38AF65959
:1093F000B48AF759B58AF859B68AF959B1E6FA59D3
:10940000B78AFB59F6D2FC59B88AFD59B98AFE5978
:10941000BA8AFF59CBD7005ABB8A015AFECD025AED
:10942000BC8A035ADECD045AA6C2055AABE6065AD8
:10943000ACE6075ABFBD085AAEE6095AB3E60A5A67
:10944000BD8A0B5ABE8A0C5AB2E60D5ABF8A0E5A12
:10945000C08A0F5AC18A105AC28A115AB6E6125AE5
:10946000C38A135AB8E6145AC48A155AC58A165ABA
:10947000C68A175AC78A185AEFC4195AC88A1A5A7C
:10948000C98A1B5ACA8A1C5AC8C41D5ACB8A1E5A7A
:10949000CC8A1F5AEABE205AEFC9215ACD8A225AD5
:1094A000CE8A235AB7E6245ACF8A255AF0B6265ACE
:1094B000D08A275AD18A285AD28A295AE4C32A5AEA
:1094C000D38A2B5AD48A2C5AD58A2D5AD68A2E5A08
:1094D000D78A2F5AD88A305AD98A315AE9D3325A80
:1094E000B4E6335ADA8A345AB5E6355ADB8A365A44
:1094F000A2C8375ADC8A385ADD8A395ADE8A3A5A83
:10950000DF8A3B5AE08A3C5ABDE63D5AE18A3E5A20
:10951000E28A3F5AE38A405AB9E6415AE48A425AFB
:10952000E58A435AE68A445AE78A455AE88A465AFF
:10953000C5C6475AE98A485AEA8A495AF1CD4A5A71
:10954000BBE64B5AEB8A4C5AEC8A4D5AED8A4E5A7E
:10955000EE8A4F5AEF8A505AF08A515AF18A525A7B
:10956000F28A535AF38A545AF48A555ABCE6565A28
:10957000F58A575AF68A585AF78A595AF88A5A5A1F
:10958000E9BB5B5AF98A5C5AFA8A5D5AFB8A5E5AD1
:10959000FC8A5F5AFD8A605AFE8A615A408B625A81
:1095A000BEE6635A418B645A428B655A438B665AB6
:1095B000448B675ABAE6685A458B695A468B6A5A91
:1095C000B7C06B5A478B6C5A488B6D5A498B6E5A91
:1095D0004A8B6F5A4B8B705A4C8B715A4D8B725A07
:1095E0004E8B735A4F8B745AA4D3755ABFE6765A72
:1095F000F4C9775AC3E6785A508B795A518B7A5A04
:10960000C4E67B5A528B7C5A538B7D5A548B7E5ABC
:10961000558B7F5AF6D0805A568B815A578B825A77
:10962000588B835A598B845A5A8B855A5B8B865A2E
:109630005C8B875A5D8B885A5E8B895A5F8B8A5AFE
:10964000608B8B5A618B8C5A628B8D5A638B8E5ACE
:10965000648B8F5A658B905A668B915A678B925A9E
:10966000BDC3935A688B945A698B955A6A8B965AE4
:109670006B8B975A6C8B985A6D8B995A6E8B9A5A42
:10968000C4C39B5AC2E69C5A6F8B9D5A708B9E5ADC
:10969000718B9F5A728BA05A738BA15A748BA25AEA
:1096A000758BA35A768BA45A778BA55A788BA65ABA
:1096B000798BA75A7A8BA85A7B8BA95A7C8BAA5A8A
:1096C000C1E6AB5A7D8BAC5A7E8BAD5A808BAE5ABD
:1096D000818BAF5A828BB05A838BB15A848BB25A2A
:1096E000C7E6B35AB1CFB45A858BB55AF4EBB65A24
:1096F000868BB75A878BB85ACAE6B95A888BBA5A3A
:10970000898BBB5A8A8BBC5A8B8BBD5A8C8BBE5AA9
:10971000C5E6BF5A8D8BC05A8E8BC15ADEBCC25A69
:10972000A9C9C35A8F8BC45A908BC55A918BC65AFC
:10973000928BC75A938BC85A948BC95AB5BCCA5AD4
:10974000958BCB5A968BCC5AD3CFCD5A978BCE5A7A
:10975000988BCF5A998BD05A9A8BD15A9B8BD25ACD
:10976000C8E6D35A9C8BD45AC9E6D55A9D8BD65A93
:10977000CEE6D75A9E8BD85AD0E6D95A9F8BDA5A62
:10978000A08BDB5AA18BDC5AD1E6DD5AA28BDE5AC4
:10979000A38BDF5AA48BE05ACBE6E15AD5B5E25A47
:1097A000A58BE35ACCE6E45AA68BE55AA78BE65A7A
:1097B000CFE6E75AA88BE85AA98BE95ADBC4EA5AE4
:1097C000AA8BEB5AC6E6EC5AAB8BED5AAC8BEE5A31
:1097D000AD8BEF5AAE8BF05AAF8BF15ACDE6F25A01
:1097E000B08BF35AB18BF45AB28BF55AB38BF65A4D
:1097F000B48BF75AB58BF85AB68BF95AB78BFA5A1D
:10980000B88BFB5AB98BFC5ABA8BFD5ABB8BFE5AEC
:10981000BC8BFF5ABD8B005BBE8B015BBF8B025BB9
:10982000C08B035BC18B045BC28B055BC38B065B88
:10983000C48B075BC58B085BC68B095BD2E60A5BF2
:10984000C78B0B5BC88B0C5BC98B0D5BCA8B0E5B2C
:10985000CB8B0F5BCC8B105BCD8B115BCE8B125BFC
:10986000CF8B135BD08B145BD18B155BD28B165BCC
:10987000D4E6175BD3E6185BD38B195BD48B1A5BEA
:10988000D58B1B5BD68B1C5BD78B1D5BD88B1E5B74
:10989000D98B1F5BDA8B205BDB8B215BDC8B225B44
:1098A000DD8B235BDE8B245BDF8B255BE08B265B14
:1098B000E18B275BE28B285BE38B295BE48B2A5BE4
:1098C000E58B2B5BE68B2C5BE78B2D5BE88B2E5BB4
:1098D000E98B2F5BEA8B305BEB8B315BEC8B325B84
:1098E000D5E6335BED8B345BF8D9355BEE8B365BBD
:1098F000EF8B375BD6E6385BF08B395BF18B3A5BED
:10990000F28B3B5BF38B3C5BF48B3D5BF58B3E5BFF
:10991000F68B3F5BF78B405BD7E6415BF88B425B96
:10992000F98B435BFA8B445BFB8B455BFC8B465BA3
:10993000FD8B475BFE8B485B408C495B418C4A5BEF
:10994000428C4B5B438C4C5B448C4D5B458C4E5B3B
:10995000468C4F5B478C505BD3D7515BDDE6525B47
:10996000488C535BDEE6545BD7BF555BD0D4565B67
:10997000498C575BD6D7585BE6B4595BEFCB5A5B43
:10998000DAE65B5BC3D85C5BCED75D5BA2D05E5B87
:109990004A8C5F5BCFC3605B4B8C615B4C8C625BC2
:1099A000DFE6635BBEBC645BC2B9655BDBE6665B3E
:1099B000A7D1675B4D8C685B4E8C695BA2BA6A5B12
:1099C000CFC26B5B4F8C6C5BABD86D5B508C6E5BAE
:1099D000518C6F5B528C705BEBCA715BEEE5725B16
:1099E000538C735BDCE6745B548C755BF5B7765B0C
:1099F000558C775B568C785B578C795B588C7A5B8F
:109A0000E6C87B5B598C7C5B5A8C7D5BF5C47E5BC6
:109A10005B8C7F5B5C8C805BB2E5815BFEC4825BB0
:109A20005D8C835BFCCB845BB3E5855BACD5865BEF
:109A30005E8C875BEED3885BD8CA895BB2B08A5BE9
:109A40005F8C8B5BCECB8C5BEACD8D5B608C8E5B51
:109A5000618C8F5BEABA905B628C915B638C925BEA
:109A6000648C935BB5E5945B658C955BB4E5965B24
:109A7000668C975BDAD7985BD9B9995BE6D69A5B27
:109A8000A8B69B5BF0CD9C5BCBD29D5BA6B19E5BE9
:109A9000B5CA9F5B678CA05BE8B3A15BF3C9A25B0F
:109AA000CDBFA35BFBD0A45BD2CAA55BB6E5A65B2A
:109AB000C2BBA75B688CA85B698CA95B6A8CAA5B3C
:109AC000DCCFAB5BACB9AC5B6B8CAD5B6C8CAE5B79
:109AD0006D8CAF5B6E8CB05BD7D4B15B6F8CB25BBF
:109AE000708CB35BA6BAB45BE7D1B55BFCCFB65B59
:109AF000D2BCB75B718CB85BB7E5B95BDDC8BA5B4C
:109B0000728CBB5B738CBC5B748CBD5BEDBFBE5B4E
:109B1000F6B1BF5BDECBC05B758CC15B768CC25B84
:109B2000C5BCC35B778CC45BC4BCC55BFAD2C65BE7
:109B3000DCC3C75BDCBFC85B788CC95B798CCA5B54
:109B40007A8CCB5B7B8CCC5BBBB8CD5B7C8CCE5BEF
:109B50007D8CCF5B7E8CD05BC2C3D15B808CD25BB3
:109B6000AEBAD35BA2D4D45B818CD55B828CD65B3E
:109B7000838CD75B848CD85B858CD95B868CDA5BD5
:109B8000878CDB5B888CDC5B898CDD5BDEC7DE5B16
:109B9000AFC4DF5BECB2E05B8A8CE15BD1B9E25B26
:109BA0008B8CE35B8C8CE45BBBE5E55BC8C1E65B5F
:109BB0008D8CE75B8E8CE85BAFD5E95B8F8CEA5BC5
:109BC000908CEB5B918CEC5B928CED5B938CEE5B01
:109BD000BCE5EF5B948CF05BBEE5F15B958CF25BD2
:109BE000968CF35B978CF45B988CF55B998CF65BA9
:109BF0009A8CF75B9B8CF85BE7B4F95BD4B6FA5BA5
:109C0000C2CBFB5BB0D1FC5BBCB5FD5B9C8CFE5B4F
:109C10009D8CFF5BD9CA005C9E8C015CE2B7025C44
:109C20009F8C035CA08C045CE4C9055CA18C065C81
:109C3000ABBD075CA28C085CA38C095CBECE0A5C41
:109C4000F0D70B5CA48C0C5CA58C0D5CA68C0E5C18
:109C5000A78C0F5CA1D0105CA88C115CD9C9125CD8
:109C6000A98C135CAA8C145CFBB6155CD8E6165C58
:109C7000E2BC175CAB8C185CBEB3195CAC8C1A5C94
:109C8000D0C91B5CAD8C1C5CD9E61D5CA2B31E5C0C
:109C9000AE8C1F5CAF8C205CB08C215CB18C225CE4
:109CA000CCDE235CB28C245CC8D3255CCDDE265C84
:109CB000B38C275CA2D2285CB48C295CB58C2A5C5E
:109CC000B68C2B5CB78C2C5CCEDE2D5CB88C2E5CFD
:109CD000B98C2F5CBA8C305CBB8C315CCDBE325CF5
:109CE000BC8C335CBD8C345CCFDE355CBE8C365CAA
:109CF000BF8C375CC08C385CACCA395CFCD23A5C37
:109D0000DFB33B5CEAE53C5CE1C43D5CA1BE3E5C8C
:109D1000B2CE3F5CF2C4405CD6BE415CA8C6425C99
:109D2000E3B2435CC18C445CC28C455CD3BE465CF0
:109D3000C38C475CC48C485CFCC7495CEBCC4A5C78
:109D4000ECBD4B5CDDCE4C5CC58C4D5CC68C4E5C7A
:109D5000BACA4F5CC1C6505CECE5515CBCD0525CE9
:109D6000C78C535CC88C545CC98C555CB9D5565CA7
:109D7000CA8C575CCB8C585CCC8C595CEDE55A5C3A
:109D8000CD8C5B5CCE8C5C5CCF8C5D5CD08C5E5C87
:109D9000F4CA5F5CD18C605CC0CD615CC5C2625CA2
:109DA000D28C635CEFE5645CD38C655CC4C2665C9A
:109DB000F0E5675CD48C685CD58C695CD68C6A5C99
:109DC000D78C6B5CD88C6C5CD98C6D5CDA8C6E5CDF
:109DD000F8E56F5CCDCD705CDB8C715CBDC9725CED
:109DE000DC8C735CDD8C745CDE8C755CDF8C765C8B
:109DF000E08C775CE18C785CE28C795CD9D27A5C1F
:109E0000A8E17B5CE38C7C5CE48C7D5CE58C7E5C17
:109E1000E68C7F5CECD3805CE78C815CEACB825C77
:109E2000F1C6835CE88C845CE98C855CEA8C865C9A
:109E3000EB8C875CEC8C885CACE1895CED8C8A5C9B
:109E4000EE8C8B5CEF8C8C5CA7E18D5CA9E18E5C69
:109E5000F08C8F5CF18C905CAAE1915CAFE1925C3C
:109E6000F28C935CF38C945CEDB2955CF48C965C14
:109E7000ABE1975CDAB8985CADE1995CAEE19A5CD5
:109E8000B0E19B5CBAB59C5CB1E19D5CF58C9E5CDD
:109E9000F68C9F5CF78CA05CF88CA15CF98CA25CC2
:109EA000B3E1A35CB8E1A45CFA8CA55CFB8CA65C76
:109EB000FC8CA75CFD8CA85CFE8CA95CD2D1AA5C52
:109EC000408DAB5CB6E1AC5CB5E1AD5CEBC1AE5CCA
:109ED000418DAF5C428DB05C438DB15CB7E1B25C4B
:109EE000448DB35CC0D4B45C458DB55CB2E1B65C66
:109EF000468DB75CBAE1B85CB6B0B95C478DBA5C68
:109F0000488DBB5C498DBC5C4A8DBD5CB4E1BE5CD8
:109F10004B8DBF5CF9BFC05C4C8DC15CB9E1C25CCC
:109F20004D8DC35C4E8DC45CBBE1C55C4F8DC65C82
:109F3000508DC75C518DC85C528DC95C538DCA5C15
:109F4000548DCB5CBEE1CC5C558DCD5C568DCE5C2A
:109F5000578DCF5C588DD05C598DD15C5A8DD25CB9
:109F6000BCE1D35C5B8DD45C5C8DD55C5D8DD65CD7
:109F70005E8DD75C5F8DD85C608DD95CC5D6DA5CB0
:109F8000618DDB5C628DDC5C638DDD5C648DDE5C31
:109F9000658DDF5C668DE05C678DE15CBFCFE25C68
:109FA000688DE35C698DE45CBDE1E55CBFE1E65C86
:109FB000CDC2E75C6A8DE85CEBB6E95C6B8DEA5C70
:109FC000F8D3EB5C6C8DEC5C6D8DED5CCDC7EE5C1D
:109FD0006E8DEF5C6F8DF05CE5B7F15C708DF25CBF
:109FE000718DF35C728DF45C738DF55C748DF65C31
:109FF000758DF75C768DF85C778DF95C788DFA5C01
:10A00000798DFB5CFEBEFC5C7A8DFD5C7B8DFE5C1D
:10A010007C8DFF5C7D8D005D7E8D015D808D025DA0
:10A02000C0E1035DC1E1045D818D055D828D065D4A
:10A03000C7E1075DE7B3085D838D095D848D0A5D27
:10A04000858D0B5D868D0C5D878D0D5D888D0E5D1C
:10A05000E9C60F5D898D105D8A8D115D8B8D125D56
:10A060008C8D135D8D8D145DDEB4155D8E8D165D4A
:10A07000C2D1175D8F8D185D908D195D918D1A5D20
:10A08000928D1B5DC8E11C5D938D1D5D948D1E5DE1
:10A09000C6E11F5D958D205D968D215D978D225DBA
:10A0A000988D235D998D245DC5E1255D9A8D265D92
:10A0B000C3E1275DC2E1285D9B8D295DC0B12A5DAA
:10A0C0009C8D2B5D9D8D2C5D9E8D2D5DB8D52E5D5F
:10A0D000C4E12F5D9F8D305DA08D315DA18D325D1E
:10A0E000A28D335DA38D345DCBE1355DA48D365DEE
:10A0F000A58D375DA68D385DA78D395DA88D3A5D3C
:10A10000A98D3B5DAA8D3C5DAB8D3D5DCCE13E5D97
:10A11000CAE13F5DAC8D405DAD8D415DAE8D425D70
:10A12000AF8D435DB08D445DB18D455DB28D465DB3
:10A13000B38D475DFAEF485DB48D495DB58D4A5DDD
:10A14000D3E14B5DD2E14C5DB6C74D5DB68D4E5D42
:10A15000B78D4F5DB88D505DB98D515DBA8D525D33
:10A16000BB8D535DBC8D545DBD8D555DBE8D565D03
:10A17000BF8D575DC08D585DC9E1595DC18D5A5D78
:10A18000C28D5B5DCEE15C5DC38D5D5DD0E15E5DEA
:10A19000C48D5F5DC58D605DC68D615DC78D625D7F
:10A1A000C88D635DC98D645DCA8D655DCB8D665D4F
:10A1B000CC8D675DCD8D685DCE8D695DD4E16A5DC6
:10A1C000CF8D6B5DD1E16C5DCDE16D5DD08D6E5D50
:10A1D000D18D6F5DCFE1705DD28D715DD38D725D7C
:10A1E000D48D735DD58D745DD5E1755DD68D765D4D
:10A1F000D78D775DD88D785DD98D795DDA8D7A5D73
:10A20000DB8D7B5DDC8D7C5DDD8D7D5DDE8D7E5D42
:10A21000DF8D7F5DE08D805DE18D815DE28D825D12
:10A22000D6E1835DE38D845DE48D855DE58D865D9E
:10A23000E68D875DE78D885DE88D895DE98D8A5DB6
:10A24000EA8D8B5DEB8D8C5DEC8D8D5DED8D8E5D86
:10A25000EE8D8F5DEF8D905DF08D915DF18D925D56
:10A26000F28D935DF38D945DF48D955DF58D965D26
:10A27000F68D975DF78D985DF88D995DD7E19A5DC4
:10A28000F98D9B5DFA8D9C5DFB8D9D5DD8E19E5D9A
:10A29000FC8D9F5DFD8DA05DFE8DA15D408EA25D5C
:10A2A000418EA35D428EA45D438EA55D448EA65D66
:10A2B000458EA75D468EA85D478EA95D488EAA5D36
:10A2C000498EAB5D4A8EAC5D4B8EAD5D4C8EAE5D06
:10A2D0004D8EAF5D4E8EB05D4F8EB15D508EB25DD6
:10A2E000518EB35D528EB45D538EB55D548EB65DA6
:10A2F000558EB75DDAE1B85D568EB95D578EBA5DA1
:10A30000588EBB5D598EBC5D5A8EBD5D5B8EBE5D49
:10A310005C8EBF5D5D8EC05D5E8EC15D5F8EC25D19
:10A32000608EC35D618EC45D628EC55DDBE1C65D1E
:10A33000638EC75D648EC85D658EC95D668ECA5DBD
:10A34000678ECB5D688ECC5D698ECD5DA1CECE5D16
:10A350006A8ECF5D6B8ED05D6C8ED15D6D8ED25D61
:10A360006E8ED35D6F8ED45D708ED55D718ED65D31
:10A37000728ED75D738ED85D748ED95D758EDA5D01
:10A38000768EDB5DDDE7DC5D778EDD5DA8B4DE5DBE
:10A39000DDD6DF5D788EE05D798EE15DB2D1E25D84
:10A3A000B2B3E35D7A8EE45D7B8EE55DA4B9E65DD4
:10A3B000F3D7E75DC9C7E85DDEBEE95DAEB9EA5D2A
:10A3C0007C8EEB5DD7CEEC5D7D8EED5D7E8EEE5DA1
:10A3D000EEB2EF5DCFDBF05D808EF15DBABCF25D79
:10A3E000D1D2F35DC8CBF45DCDB0F55D818EF65D65
:10A3F000828EF75DEFCFF85D838EF95D848EFA5D16
:10A40000858EFB5D868EFC5D878EFD5DE3D9FE5DEE
:10A41000EDBDFF5D888E005E898E015ED2B1025E69
:10A42000D0CA035EBCB2045E8A8E055EA7CB065E10
:10A43000ABB7075E8B8E085EA6CA095E8C8E0A5E7D
:10A440008D8E0B5E8E8E0C5EA3CF0D5E8F8E0E5E9C
:10A45000908E0F5EF8E0105ECAD5115EFBE0125ED2
:10A46000918E135E928E145EFAE0155EC1C5165E83
:10A47000FBCC175E938E185EB1C1195EF9E01A5ECF
:10A48000E3D61B5EAFB21C5EC4D61D5EDBB51E5E9E
:10A49000948E1F5E958E205E968E215E978E225E34
:10A4A000988E235E998E245E9A8E255E9B8E265E04
:10A4B000F8B4275EA1D6285E9C8E295E9D8E2A5E0A
:10A4C0009E8E2B5E9F8E2C5EA08E2D5EAFCF2E5E5D
:10A4D000EFB02F5EA18E305EA28E315EFCE0325E68
:10A4E000A38E335EA48E345EA58E355EA68E365E58
:10A4F000A78E375EA1E1385EA3B3395EA88E3A5EBF
:10A50000A98E3B5EFDE03C5EFEE03D5EB1C33E5E7B
:10A51000AA8E3F5EAB8E405EAC8E415EAD8E425EDB
:10A52000DDC3435EAE8E445EA2E1455EF9B7465E92
:10A53000AF8E475EB08E485EB18E495EB28E4A5E87
:10A54000B38E4B5EB48E4C5ECFBB4D5EB58E4E5E11
:10A55000B68E4F5EB78E505EB88E515EB98E525E2B
:10A56000BA8E535EBB8E545EA3E1555EBBC4565E8D
:10A57000BC8E575EBD8E585EBE8E595EBF8E5A5ED3
:10A58000C08E5B5EA4E15C5EC18E5D5EC28E5E5E6F
:10A59000A5E15F5EC38E605EC48E615EA6E1625E11
:10A5A000B1B4635EC58E645EC68E655EC78E665E40
:10A5B000C88E675EC98E685ECA8E695ECB8E6A5E23
:10A5C000CC8E6B5ECD8E6C5ECE8E6D5ECF8E6E5EF3
:10A5D000D08E6F5ED18E705ED28E715ED38E725EC3
:10A5E000C9B8735EBDC6745EEAC4755ED48E765E0D
:10A5F000A2B2775ED58E785ED2D0795ED68E7A5E44
:10A60000DBE77B5EC3BB7C5ED7D37D5EC4D37E5E5F
:10A61000D78E7F5EE3B9805ECFE2815ED88E825EA8
:10A62000D98E835EDA8E845EAFD7855EDB8E865EE2
:10A63000ECC7875ED3B1885EDC8E895EDD8E8A5E74
:10A64000B2B48B5ED1E28C5EDE8E8D5EDF8E8E5E6E
:10A65000E08E8F5EF2D0905EAEC2915ED0E2925EEE
:10A66000E18E935EE2BF945EA6D3955ED7B5965E0B
:10A67000D2E2975EEAB5985EE28E995EEDC39A5E8D
:10A68000FDB89B5EE38E9C5EAEB89D5EE48E9E5EE2
:10A69000D3C59F5ECFB7A05ED4E2A15EE58EA25E79
:10A6A000E68EA35EE78EA45EE88EA55ED3E2A65E8C
:10A6B000C8B6A75EF9D7A85EE98EA95EEA8EAA5E43
:10A6C000EB8EAB5EEC8EAC5EED8EAD5EA5CDAE5E80
:10A6D000EE8EAF5EEF8EB05EF08EB15EF18EB25E4A
:10A6E000F28EB35ED8E2B45EF38EB55ED6E2B65EAD
:10A6F000FCCAB75EB5BFB85EB9D3B95ED5E2BA5E83
:10A70000F48EBB5EF58EBC5EF68EBD5EF78EBE5ED1
:10A71000D7E2BF5EF88EC05EF98EC15EFA8EC25E71
:10A72000FB8EC35EFC8EC45EFD8EC55EFE8EC65E75
:10A73000408FC75E418FC85E428FC95EAEC1CA5EA0
:10A74000C8C0CB5E438FCC5E448FCD5E458FCE5E5E
:10A75000468FCF5E478FD05E488FD15EDBE2D25E00
:10A76000DAE2D35EAAC0D45E498FD55E4A8FD65E48
:10A77000CEC1D75E4B8FD85E4C8FD95E4D8FDA5EDF
:10A780004E8FDB5EDCE2DC5E4F8FDD5E508FDE5E87
:10A79000518FDF5E528FE05E538FE15E548FE25E39
:10A7A000558FE35E568FE45E578FE55E588FE65E09
:10A7B000598FE75E5A8FE85EDDE2E95E5B8FEA5E05
:10A7C000DEE2EB5E5C8FEC5E5D8FED5E5E8FEE5EDB
:10A7D0005F8FEF5E608FF05E618FF15E628FF25E81
:10A7E000638FF35E648FF45EC8DBF55E658FF65EA3
:10A7F000D3D1F75EA2CDF85E668FF95E678FFA5E01
:10A80000A8BDFB5E688FFC5E698FFD5E6A8FFE5E91
:10A81000C3DEFF5EA5D8005FAABF015FCDDB025F8C
:10A82000ECD2035FFAC6045FAAC5055F6B8F065FB3
:10A830006C8F075F6D8F085FC4DE095F6E8F0A5FE4
:10A84000D7B10B5FAEDF0C5F6F8F0D5F708F0E5F48
:10A85000718F0F5FBDCA105F728F115FB1DF125F22
:10A86000738F135FADB9145F748F155FFDD2165FE0
:10A87000758F175FA5B8185FEBBA195F768F1A5FEF
:10A88000778F1B5FDAB31C5F788F1D5F798F1E5F38
:10A890007A8F1F5FDCB5205FC5D5215F7B8F225F7C
:10A8A0007C8F235F7D8F245F7E8F255FD6C3265FDD
:10A8B000D2CF275FA1BB285F808F295FF3E52A5F96
:10A8C000F2E52B5F818F2C5F828F2D5FF4E52E5F89
:10A8D000838F2F5FE4CD305F848F315FF5C8325FA7
:10A8E000858F335F868F345F878F355F888F365FC4
:10A8F000898F375F8A8F385F8B8F395FAFB53A5F4B
:10A90000BFC73B5F8C8F3C5FF6E53D5F8D8F3E5F41
:10A910008E8F3F5F8F8F405FB0EC415F908F425FC3
:10A92000918F435F928F445F938F455F948F465F13
:10A93000958F475F968F485F978F495F988F4A5FE3
:10A94000998F4B5F9A8F4C5F9B8F4D5F9C8F4E5FB3
:10A950009D8F4F5F9E8F505FE6E5515F9F8F525FE7
:10A96000E9B9535FB1B5545FA08F555FBCC2565F64
:10A97000E8E5575FE7E5585FE9E5595FA18F5A5F62
:10A98000A28F5B5FA38F5C5FA48F5D5FCDD25E5FA4
:10A99000A58F5F5FA68F605FA78F615FEAE1625F4F
:10A9A000CED0635FA88F645FAECD655FA98F665F11
:10A9B000E5D1675FAA8F685FAB8F695FCAB26A5FD4
:10A9C000EBB16B5FAC8F6C5FF2B16D5FEDC56E5F2D
:10A9D000AD8F6F5FAE8F705FC3D5715FB0D3725FA5
:10A9E000AF8F735FDCE1745FB08F755FB18F765F9F
:10A9F000B28F775FDDE1785FB38F795FDBD27A5F0B
:10AA0000B48F7B5FB9B37C5FCBB17D5FB58F7E5F69
:10AA1000B68F7F5FB78F805FF9CD815FF7D5825F9B
:10AA2000DEE1835FB88F845FB6BE855FFDB4865F6D
:10AA3000B98F875FDFE1885FDCBA895FE0E18A5F19
:10AA4000B2BB8B5FC9C28C5FE1E18D5FBA8F8E5F55
:10AA5000BB8F8F5FBC8F905FECD0915FBD8F925F9B
:10AA6000BDCD935FBE8F945FBF8F955FE2E1965F30
:10AA7000C08F975FC3B5985FC7C5995FE3E19A5FE1
:10AA8000C18F9B5FC28F9C5FE4E19D5FC38F9E5F20
:10AA9000C48F9F5FC58FA05FC68FA15FF9D3A25FF0
:10AAA000C78FA35FC88FA45FC98FA55FCA8FA65F3A
:10AAB000CB8FA75FCC8FA85FE5E1A95FCD8FAA5FA1
:10AAC000ADD1AB5FCE8FAC5FCF8FAD5FE6E1AE5F58
:10AAD000A2CEAF5FD08FB05FD18FB15FD28FB25FA8
:10AAE000D38FB35FD48FB45FD58FB55FE7E1B65F27
:10AAF000D68FB75FC2B5B85FD78FB95FD88FBA5F4F
:10AB0000D98FBB5FDA8FBC5FE8E1BD5FD5BBBE5FAD
:10AB1000DB8FBF5FDC8FC05FDD8FC15FDE8FC25F09
:10AB2000DF8FC35FC4D0C45FE0E2C55FD8B1C65F4A
:10AB3000E4D2C75FE08FC85FE18FC95FE1E2CA5F1F
:10AB4000E28FCB5FE38FCC5FC9BCCD5FCCC8CE5F5B
:10AB5000E48FCF5FE3E2D05FFEECD15FFDECD25F2C
:10AB6000AFDFD35FE58FD45FE68FD55FE78FD65F2A
:10AB7000E2E2D75FBED6D85FFCCDD95FA6C3DA5F6D
:10AB8000E88FDB5FE98FDC5FEA8FDD5FC3E3DE5FC9
:10AB9000EB8FDF5FEC8FE05FD2D6E15FE7E2E25F51
:10ABA000ED8FE35FEE8FE45FE8E2E55FEF8FE65F56
:10ABB000F08FE75FC7D3E85FF18FE95FF28FEA5F5D
:10ABC000ECE2EB5FECBFEC5FF38FED5FEDE2EE5F8D
:10ABD000E5E2EF5FF48FF05FF58FF15FC0B3F25FF6
:10ABE000F68FF35FF78FF45FF88FF55FEEC4F65FD3
:10ABF000F98FF75FFA8FF85FEEE2F95FFB8FFA5F8C
:10AC0000FC8FFB5FC3D0FC5FFD8FFD5FF6BAFE5F7C
:10AC1000E9E2FF5FDEB70060B3BB0160ACCC02606D
:10AC2000CBCB0360E4E20460E6E20560EAE20660A2
:10AC3000EBE20760FE8F08604090096041900A6077
:10AC4000F7E20B6042900C6043900D60F4E20E60FE
:10AC5000F5D40F60F3E210604490116045901260EB
:10AC6000ADC5136046901460FAD51560C2C5166074
:10AC7000C0B217604790186048901960EFE21A6000
:10AC800049901B60F2E21C60AFC11D60BCCB1E602E
:10AC90004A901F604B902060A1B52160F9E22260CC
:10ACA0004C9023604D9024604E902560B1BC26608E
:10ACB000F1E22760D4D02860B9D42960F5E22A6097
:10ACC000D6B92B60F6E22C604F902D6050902E602C
:10ACD00051902F60D3C730605290316053903260F2
:10ACE000549033605590346056903560F0E2366091
:10ACF0005790376058903860599039605A903A6050
:10AD00005B903B60DCD73C60A1ED3D605C903E60B9
:10AD10005D903F60F8E240605E904160A5ED42606A
:10AD2000FEE24360D1CA44605F9045606090466037
:10AD300061904760629048606390496064904A60A7
:10AD400065904B60B5C14C6066904D60D0BB4E6065
:10AD500067904F6068905060D6BF516069905260B4
:10AD6000E3BA53606A9054606B905560A1CB566013
:10AD70006C9057606D9058606E905960A6ED5A6067
:10AD8000A3ED5B606F905C6070905D60A2ED5E60B3
:10AD900071905F60729060607390616074906260A7
:10ADA000D6BB6360A7ED6460F4D0656075906660A3
:10ADB00076906760A4ED6860DEBA6960F7B66A6095
:10ADC000A1E36B60B2B66C60F1CC6D60A7B96E6048
:10ADD00077906F60A2CF7060A1C771607890726049
:10ADE00079907360D2BF74607A9075607B90766062
:10ADF000F1B677607C907860FAE27960FBE27A6085
:10AE0000FDE27B60FCE27C60D5C47D60A2E37E60F5
:10AE10007D907F60C1D380607E90816080908260F1
:10AE200081908360A7E38460C4C785608290866058
:10AE3000839087608490886085908960A4CF8A60C1
:10AE400086908B6087908C60A9E38D60B7BA8E6026
:10AE500088908F60899090608A9091608B909260CA
:10AE6000A8E393608C909460DABB95608D909660B7
:10AE7000A3E397608E9098608F90996090909A600D
:10AE8000A4E39B60AAE39C6091909D60A6E39E6012
:10AE900092909F60F2CEA060C6D3A1609390A26012
:10AEA0009490A360BCBBA4609590A5609690A660AA
:10AEB000C3D4A7609790A860FAC4A9609890AA60CC
:10AEC0009990AB60A8EDAC60FCD0AD60A5E3AE603E
:10AED0009A90AF60F5C3B0609B90B160ADE3B26093
:10AEE000AFB1B3609C90B460B2E3B5609D90B660C2
:10AEF0009E90B7609F90B860C2BCB960A090BA60E5
:10AF0000A190BB60ACE3BC60BFB5BD60A290BE6069
:10AF1000A390BF60A490C060A590C160A690C260DD
:10AF2000A790C360A890C460A990C560E9C7C66037
:10AF3000B0E3C760AA90C860AB90C960AC90CA602B
:10AF4000AABECB60EFCDCC60AD90CD60AE90CE60B0
:10AF5000AF90CF60B090D060B190D160F3BBD260C1
:10AF6000B290D360B390D460B490D560E8CCD66092
:10AF7000B590D760B690D860AFE3D960B790DA608B
:10AF8000B1E3DB60B890DC60A7CFDD60AEE3DE60EC
:10AF9000B990DF60A9CEE060DDBBE160BA90E2600D
:10AFA000BB90E360BC90E460BD90E560BE90E6605D
:10AFB000EBB5E760E5BEE860D2B2E960CDB3EA6028
:10AFC000BF90EB60B9B1EC60ABE3ED60D1B2EE6085
:10AFD000ACB5EF60DFB9F060E8B6F160C090F26048
:10AFE000C190F360EBCFF460B7E3F560C290F66018
:10AFF000CCBBF760C390F860C490F960C7C8FA6032
:10B00000CAD0FB60C590FC60C690FD60C790FE6032
:10B01000C890FF60C9900061B8E30161EEB30261BE
:10B02000CA900361CB900461CC900561CD9006611C
:10B03000A9ED0761CE900861FAD30961E4D30A61F2
:10B04000CF900B61D0900C61D1900D61AAED0E6193
:10B05000B9E30F61E2D21061D2901161D390126115
:10B06000D4901361D5901461D6901561B5E3166143
:10B07000D7901761D8901861D9901961DA901A6148
:10B08000DED31B61DB901C61DC901D61DD901E61D5
:10B09000DE901F61D0B82061B3E32161DF902261AF
:10B0A000E0902361B6E32461DFB72561E19026617A
:10B0B000B4E32761A2C02861E2902961E3902A618C
:10B0C000E4902B61BAE32C61E5902D61E6902E614E
:10B0D000E7902F61E8903061E9903161EA90326148
:10B0E000EB903361EC903461ED903561EE90366118
:10B0F000EF903761F0903861F1903961F2903A61E8
:10B10000F3903B61F4903C61F5903D61F6903E61B7
:10B11000F7903F61B8D44061F8904161F990426185
:10B12000FA904361FB904461FC904561FD9046615B
:10B13000FE90476140914861C8B4496141914A61BC
:10B14000BBE34B6142914C61C5BB4D6143914E6184
:10B15000F7C94F614491506145915161E5C9526110
:10B16000469153614791546148915561BDC4566100
:10B17000499157614A9158614B9159614C915A617B
:10B180004D915B614E915C614F915D61ABED5E6194
:10B1900050915F615191606152916161539162611F
:10B1A000FDC2636154916461559165615691666118
:10B1B00057916761DBBB6861AEBF696158916A6195
:10B1C00059916B615A916C615B916D615C916E619B
:10B1D0005D916F615E917061BFCE71615F917261CF
:10B1E000609173616191746162917561BCE3766194
:10B1F00063917761B6BF78616491796165917A6195
:10B2000066917B6167917C6168917D6169917E61E6
:10B210006A917F616B9180616C9181616D918261B6
:10B220006E9183616F918461709185617191866186
:10B2300072918761739188617491896175918A6156
:10B2400076918B61EFB18C6177918D6178918E6190
:10B25000F7D48F61799190617A9191617B9192613C
:10B260007C9193617D919461BEE395617E9196613D
:10B2700080919761819198618291996183919A619E
:10B2800084919B6185919C6186919D61ADED9E61EC
:10B2900087919F618891A0618991A1618A91A26142
:10B2A0008B91A3618C91A4618D91A5618E91A66112
:10B2B0008F91A761BFE3A861A9BAA961ACEDAA61AA
:10B2C0009091AB619191AC61BDE3AD619291AE6142
:10B2D0009391AF619491B0619591B1619691B26192
:10B2E0009791B3619891B4619991B5619A91B66162
:10B2F0009B91B761C0E3B8619C91B9619D91BA61BE
:10B300009E91BB619F91BC61A091BD61A191BE6105
:10B31000B6BABF61A291C061A391C161A491C2619B
:10B32000AEB6C361A591C461A691C561A791C6617E
:10B33000A891C761A991C861B8D0C961AA91CA6131
:10B34000C3B0CB61AEEDCC61AB91CD61AC91CE61C0
:10B35000AD91CF61AE91D061AF91D161AFEDD261CE
:10B36000C1C0D361B091D461C1E3D561B191D6615F
:10B37000B291D761B391D861B491D961B591DA61D5
:10B38000B691DB61B791DC61B891DD61B991DE61A5
:10B39000BA91DF61BB91E061BC91E161BD91E26175
:10B3A000BE91E361BF91E461C091E561C191E66145
:10B3B000B3C5E761C291E861C391E961C491EA61F3
:10B3C000C591EB61C691EC61C791ED61C891EE61E9
:10B3D000C991EF61CA91F061CB91F161CC91F261B9
:10B3E000CD91F361CE91F461CF91F561C2E3F66145
:10B3F000D091F761D191F861D291F961D391FA615D
:10B40000D491FB61D591FC61D691FD61D791FE612C
:10B41000D891FF61B2DC0062D9910162DA910262D7
:10B42000DB910362DC910462DD910562DE910662CC
:10B43000B0ED0762DF910862EAB80962E0910A6242
:10B44000ECCE0B62A7EA0C62E7D00D62F9CA0E627D
:10B45000D6C80F62B7CF1062C9B31162D2CE1262E2
:10B46000E4BD1362E1911462E2911562DEE31662BB
:10B47000F2BB1762A8EA1862BDD51962E3911A629D
:10B48000DDC61B62A9EA1C62E4911D62E5911E62A1
:10B49000E6911F62AAEA2062E7912162ACEA226289
:10B4A000ABEA2362E8912462AEEA2562ADEA266245
:10B4B000E9912762EA912862EB912962EC912A6274
:10B4C000D8BD2B62ED912C62AFEA2D62EE912E6217
:10B4D000BEC22F62EF913062F0913162F19132621F
:10B4E000F2913362C1B43462F7B43562F3913662DB
:10B4F000F4913762A7BB3862F5913962F6913A62EE
:10B50000F7913B62F8913C62F9913D62E6EC3E6254
:10B51000E5EC3F62BFB74062F9CB4162E2B1426203
:10B52000FA914362E7EC4462FB914562FC9146620A
:10B53000FD914762C8C94862E8EC4962E9EC4A6299
:10B54000FE914B62D6CA4C62D0DE4D62C5B24E62ED
:10B55000FAD44F624092506241925162CBC652621D
:10B56000C7B05362F2B45462D3C855624292566275
:10B570004392576244925862D0CD596245925A62C2
:10B5800046925B62B8BF5C6247925D6248925E62BF
:10B5900049925F624A9260624B9261624C9262622F
:10B5A0004D926362DBBF64624E9265624F92666247
:10B5B000A4C76762B4D6686250926962A9C06A6221
:10B5C000D1DE6B62A8C96C62EFD16D62A4C56E62F8
:10B5D000E7B06F62B6B37062C5C8716251927262B1
:10B5E00052927362E2B074625392756254927662C0
:10B5F000F6B777625592786256927962FAC57A62A6
:10B6000057927B6258927C62F3B67D6259927E6259
:10B61000D2D57F62D0B38062BCBC81625A92826212
:10B620005B9283625C928462ADB385625D92866256
:10B630005E9287625F92886260928962F1BE8A62DE
:10B64000D1B08B6261928C6262928D6263928E62E3
:10B6500064928F626592906266929162D6D2926293
:10B66000E3CA9362A5D7946267929562B6CD96625B
:10B67000B6B69762B9BF9862DBD5996268929A6252
:10B68000A7B89B62D7C59C6269929D626A929E62CE
:10B690006B929F62D2DEA062D9BFA162D5C2A262C4
:10B6A000C0C7A3626C92A462A4BBA562A8B1A66243
:10B6B0006D92A7626E92A862EAC5A9626F92AA62B1
:10B6C0007092AB62FBC5AC62A7CCAD627192AE6208
:10B6D0007292AF627392B0627492B162A7B1B262B9
:10B6E0007592B3627692B4627792B562D6B5B6625D
:10B6F0007892B7627992B8627A92B962A8C4BA6253
:10B700007B92BB62D3DEBC62BAD1BD62E9B3BE62DA
:10B710007C92BF62F2C3C0627D92C1627E92C262BD
:10B72000F7B7C3628092C462F4D6C562A3B5C6629D
:10B73000F0B2C762B4C4C862E9C4C962ADC0CA622B
:10B74000D4DECB628192CC62E8B0CD62C4C5CE6259
:10B75000E0C1CF628292D062D5B9D1628392D262C7
:10B76000DCBED362D8CDD462CEB0D5628492D6622C
:10B77000CFCDD762D6DED862D0BED962BED7DA626C
:10B78000D5DEDB62D0D5DC62DDB0DD628592DE62C3
:10B790008692DF62E2C4E0628792E1628892E262AE
:10B7A000A3C2E362F0BCE4628992E562B5D3E662CB
:10B7B000B9C0E762A1C5E862A6B2E962F1D4EA6263
:10B7C0008A92EB628B92EC62A8C0ED62C3CAEE6211
:10B7D000D7DEEF62FCD5F0628C92F162B0B9F26212
:10B7E0008D92F362ADC8F462A9CBF5628E92F662D7
:10B7F000D9DEF762BDBFF8628F92F9629092FA6269
:10B800009192FB629292FC62B4C6FD62A7D7FE627F
:10B81000B0CAFF62C3C4006393920163D6B30263EC
:10B82000D2B903639492046395920563969206637A
:10B8300097920763B8D60863FCEA0963B4B00A6359
:10B8400098920B6399920C639A920D639B920E638C
:10B85000E6BF0F639C9210639D921163F4CC126358
:10B860009E9213639F921463A0921563A192166334
:10B87000DACD1763A2921863A3921963A4921A6394
:10B88000BFD61B63CEC21C63A5921D63CECE1E63C2
:10B89000A2CC1F63AED02063D3C42163B2B52263B0
:10B8A000D8DE2363F5D52463B7BC2563D3BB2663F9
:10B8B000A6922763A7922863A4B02963A8922A635B
:10B8C000B2C52B63ECB42C63A9922D63AA922E63AC
:10B8D000AB922F63F1D53063AC923163AD9232639A
:10B8E000FDEA3363AE923463AF923563B092366350
:10B8F000B1923763B2923863B3923963DADE3A6356
:10B90000A6CD3B63B4923C63B5923D63ECCD3E6300
:10B91000B6923F63B7924063B8924163B992426373
:10B92000E6CE4363DCDE4463BA924563B1CD466341
:10B93000A6C04763BB924863BC924963BDD74A63C4
:10B94000BD924B63DBDE4C63C6B04D63B4BA4E634D
:10B95000D3C94F63F3C45063E8BE5163BE925263D0
:10B96000BF925363C0925463C1925563B6B256639B
:10B97000C2925763C3925863C4925963C5925A6383
:10B98000C6925B63C7925C63C8925D63C9925E6353
:10B99000CCC05F63F0CB6063CA926163F1BC626349
:10B9A000BBBB6363B7B56463CB926563CC926663DC
:10B9B000CD926763F5C56863CE926963E6DE6A631C
:10B9C000CF926B63D0926C63D1926D63E3DE6E6352
:10B9D000DDBE6F63D2927063D3927163DFDE7263F8
:10B9E000D4927363D5927463D6927563D79276635B
:10B9F000B7B47763DDBD7863D8927963D9927A63FF
:10BA0000E0DE7B63EDC47C63DA927D63DB927E6370
:10BA1000DC927F63DD928063C6CF8163DE928263B6
:10BA2000E0B58363DF928463E0928563E19286638D
:10BA3000E2928763DEB68863DACA8963F4B58A6303
:10BA4000E5DE8B63E3928C63C6D58D63E4928E63EF
:10BA5000E1DE8F63CDCC9063FEC69163E592926385
:10BA6000C5C59363E6929463E7929563E892966303
:10BA7000B4D29763E9929863F2BE9963EA929A63AB
:10BA8000EB929B63EC929C63ED929D63EE929E63BE
:10BA9000EF929F63F092A063D3C2A163F192A2637D
:10BAA000BDCCA363B8B3A463F292A563D3BDA66370
:10BAB000F392A763D8BFA863C6CDA963DAD1AA63FE
:10BAC000EBB4AB63F492AC63E4DEAD63DDDEAE6396
:10BAD000E7DEAF63F592B063FEEAB163F692B2635C
:10BAE000F792B363B0C2B463E2DEB563F892B663B3
:10BAF000F992B763C0D6B863A7B5B963FA92BA63CF
:10BB0000F4B2BB63FB92BC63E8DEBD63FC92BE6330
:10BB1000F2DEBF63FD92C063FE92C1634093C263D5
:10BB20004193C3634293C463EDDEC5634393C6632D
:10BB3000F1DEC7634493C8634593C963E0C8CA6331
:10BB40004693CB634793CC634893CD63E1D7CE63F1
:10BB5000EFDECF63E8C3D063E1CCD1634993D26316
:10BB6000E5B2D3634A93D4634B93D5634C93D663C6
:10BB7000BED2D7634D93D8634E93D9634F93DA63A4
:10BB80005093DB635193DC635293DD635393DE6325
:10BB9000EEDEDF635493E063EBDEE163D5CEE26378
:10BBA0005593E363A7B4E4635693E5635793E66361
:10BBB0005893E7635993E8635A93E963ABBFEA6329
:10BBC000BEBEEB635B93EC635C93ED63D2BDEE634F
:10BBD0005D93EF635E93F0635F93F1636093F26351
:10BBE000E9DEF3636193F463AED4F5636293F663C5
:10BBF000DEDEF7636393F863EADEF9636493FA6366
:10BC00006593FB636693FC636793FD63BFC0FE634C
:10BC10006893FF63ECDE0064F3B20164E9B8026488
:10BC2000A7C20364699304646A930564C1BD066492
:10BC30006B9307646C9308646D9309646E930A6454
:10BC40006F930B64F5DE0C64F8DE0D6470930E6484
:10BC500071930F64ABB21064A4B411647293126454
:10BC600073931364EAB41464A6C9156474931664D8
:10BC700075931764769318647793196478931A64AC
:10BC800079931B64F6DE1C64D1CB1D647A931E6429
:10BC9000E3B81F647B932064F7DE2164FADE22643C
:10BCA0007C9323647D9324647E932564809326642F
:10BCB000F9DE2764819328648293296483932A643C
:10BCC000C2CC2B6484932C64E1B02D64EEB42E645A
:10BCD00085932F64869330648793316488933264AC
:10BCE000899333648A933464BAE535648B933664FC
:10BCF0008C9337648D9338648E9339648F933A6450
:10BD0000AFD03B6490933C6491933D64EBB23E644E
:10BD100092933F64A1EB406493934164F4DE4264E8
:10BD20009493436495934464E3C94564F3DE4664A5
:10BD3000DAB04764A1D24864F7B1496496934A6483
:10BD4000AFCC4B6497934C6498934D6499934E6435
:10BD50009A934F649B9350649C9351649D93526457
:10BD6000F0DE53649E935464A4CB55649F93566451
:10BD7000A0935764A1935864AAD55964A2935A64B6
:10BD8000A3935B64A4935C64A5935D64A6935E64D3
:10BD9000FBDE5F64A7936064A8936164A993626407
:10BDA000AA936364AB936464AC936564AD93666477
:10BDB000AE936764DDB46864AF936964A6C46A64D3
:10BDC000B0936B64B1936C64B2936D64FDDE6E648A
:10BDD000B3936F64B4937064B5937164B6937264F3
:10BDE000B7937364B8937464B9937564BA937664C3
:10BDF000BB937764BC937864FEC37964A1C47A640E
:10BE0000A1DF7B64BD937C64BE937D64BF937E643D
:10BE1000C0937F64C1938064C2938164C39382643E
:10BE2000CCC18364C4938464FCDE8564EFBE866405
:10BE3000C5938764B2C68864C6938964C7938A64CD
:10BE4000C8938B64C9938C64CA938D64CB938E64BE
:10BE5000CC938F64CD939064CE939164C5B3926478
:10BE6000F6C89364CF939464D0939564BACB9664E8
:10BE7000FEDE9764D1939864D2939964A4DF9A64A8
:10BE8000D3939B64D4939C64D5939D64D6939E6412
:10BE9000B2D79F64D793A064D893A164D993A264C6
:10BEA000DA93A364DB93A464B7B3A564DC93A664BC
:10BEB000DD93A764DE93A864DF93A964C3C1AA6479
:10BEC000E093AB64E193AC64CBC7AD64A5B2AE6460
:10BED000E9B4AF64E293B064ABD7B164E393B26406
:10BEE000E493B364E593B464E693B564ECC4B664D8
:10BEF000E793B764A2DFB864A3DFB964E893BA64D8
:10BF0000A5DFBB64E993BC64B3BABD64EA93BE64C5
:10BF1000EB93BF64EC93C064A6DFC164ED93C2648D
:10BF2000DEC0C364EE93C464EF93C564C3C9C66442
:10BF3000F093C764F193C864F293C964F393CA643D
:10BF4000F493CB64F593CC64F693CD64D9B2CE640C
:10BF5000E6C7CF64F793D064A7DFD164F893D264C7
:10BF6000DCC7D364F993D464FA93D564FB93D664A5
:10BF7000FC93D764A8DFD864A2EBD964FD93DA649C
:10BF8000FE93DB644094DC644194DD644294DE649F
:10BF9000D3CBDF644394E0644494E1644594E26469
:10BFA000AADFE3644694E464A9DFE5644794E664A9
:10BFB000C1B2E7644894E8644994E9644A94EA6445
:10BFC0004B94EB644C94EC644D94ED644E94EE64AD
:10BFD0004F94EF645094F0645194F1645294F2647D
:10BFE0005394F3645494F4645594F5645694F6644D
:10BFF0005794F7645894F8645994F9645A94FA641D
:10C000005B94FB645C94FC645D94FD645E94FE64EC
:10C010005F94FF6460940065CAC501656194026520
:10C02000629403656394046564940565659406658C
:10C03000669407656794086568940965ABDF0A65CF
:10C0400069940B656A940C656B940D656C940E6530
:10C050006D940F656E9410656F9411657094126500
:10C06000DCD4136571941465729415657394166528
:10C070007494176575941865C1C8196576941A6526
:10C0800077941B6578941C6579941D657A941E6578
:10C090007B941F657C9420657D9421657E94226548
:10C0A000809423658194246582942565ACDF2665A0
:10C0B00083942765849428658594296586942A65E8
:10C0C00087942B65F0BE2C6588942D6589942E6528
:10C0D000ADDF2F65A7D630658A9431658B943265C4
:10C0E0008C9433658D943465B7EA3565B6EB366567
:10C0F000D5CA37658E943865FCD83965C4B83A65B9
:10C100008F943B65A5B93C6590943D6591943E65DF
:10C11000C5B73F65FED540659294416593944265ED
:10C12000949443659594446596944565CAB946656B
:10C130009794476598944865A7D04965CDF44A65BA
:10C1400099944B659A944C65D0B54D659B944E651A
:10C150009C944F65F4C350659D945165C8BE52656B
:10C160009E9453659F945465A0945565B7EB5665AE
:10C17000BDB05765A1945865A2945965CCBD5A6568
:10C18000A3945B65B2C15C65A4945D65D6B15E6540
:10C19000A8B35F65A5946065A6946165A794626580
:10C1A000D2B86365A2C96465A8946565A9946665FB
:10C1B000D8B66765AA946865AB946965AC946A65FE
:10C1C000AD946B65B8EB6C65B4BE6D65AE946E6591
:10C1D000AF946F65B0947065FDCA7165B194726576
:10C1E000C3C77365B2947465FBD57565B394766502
:10C1F000B4947765F3B77865B5947965B6947A6544
:10C20000B7947B65B8947C65B9947D65BA947E6576
:10C21000BB947F65BC948065BD948165BE94826546
:10C22000BF948365C0948465C1948565C294866516
:10C23000C3948765C4CE8865C4948965C5948A65AE
:10C24000C6948B65ABD58C65F3B18D65C7948E654F
:10C25000C8948F65C9949065B3EC9165DFB0926521
:10C26000CA949365B5EC9465CB949565CC9496652A
:10C27000CD949765B7B69865CE949965CFC19A6508
:10C28000CF949B65FAF59C65B1D09D65D0949E6571
:10C29000D1949F65E5D5A065D294A165D3CEA26562
:10C2A000D394A365D494A465EFBDA565E2B3A66558
:10C2B000D594A765ABB8A865D694A965B6D5AA6587
:10C2C000D794AB65BDEDAC65D894AD65CFB6AE6522
:10C2D000D994AF65B9CBB065C2D0B165DA94B26517
:10C2E000DB94B365DC94B465DD94B565DE94B66526
:10C2F000DF94B765E094B865E194B965BDB7BA65F8
:10C30000E294BB65E394BC65B6ECBD65A9CABE65A5
:10C31000E494BF65E594C065E694C165D4C5C26583
:10C32000E794C365B9ECC465B8ECC565C3C2C6651E
:10C33000B7ECC765E894C865E994C965EA94CA652D
:10C34000EB94CB65FDD0CC65BAECCD65EC94CE65B5
:10C35000BBECCF65E5D7D065ED94D165EE94D265A1
:10C36000BCECD365EF94D465F094D565F194D665B3
:10C37000BDECD765ECC6D865F294D965F394DA655F
:10C38000F494DB65F594DC65F694DD65F794DE6581
:10C39000F894DF65F994E065DECEE165FA94E26534
:10C3A000C8BCE365FB94E465FC94E565D5C8E66527
:10C3B000A9B5E765C9BEE865BCD6E965E7D4EA6515
:10C3C000FD94EB65FE94EC65AED1ED65F1D0EE65C4
:10C3D000B8EAEF65B9EAF065BAEAF165B5BAF265AF
:10C3E0004095F3654195F4654295F5654395F6658D
:10C3F000B1CAF765F5BFF8654495F9654595FA65E5
:10C40000FACDFB654695FC654795FD654895FE654B
:10C410004995FF654A950066C0EA01664B9502663C
:10C42000BAB00366BEEA04664C9505664D9506668D
:10C43000A5C007664E9508664F95096650950A6631
:10C44000BBEA0B6651950C66FDB20D6652950E6601
:10C45000F7C30F66E8BB10665395116654951266D4
:10C4600055951366D7D21466F4CE1566BFEA1666E4
:10C47000569517665795186658951966BCEA1A6658
:10C4800059951B665A951C665B951D66C3EA1E6628
:10C490005C951F66C7D02066B3D321665D95226682
:10C4A0005E9523665F95246660952566BAB4266618
:10C4B00061952766C1C32866F2D7296662952A6608
:10C4C00063952B6664952C6665952D66D1D52E6691
:10C4D00066952F66C7CA306667953166C5EA3266CB
:10C4E0006895336669953466C4EA3566C7EA366688
:10C4F000C6EA37666A9538666B9539666C953A6612
:10C500006D953B666E953C66E7D63D666F953E66DB
:10C51000D4CF3F667095406671954166CBEA42661E
:10C5200072954366CEBB44667395456674954666C0
:10C5300075954766769548667795496678954A6613
:10C5400079954B66FABD4C66CEC94D667A954E66B6
:10C550007B954F66CCEA50667C9551667D95526618
:10C56000B9C95366FECF5466CAEA5566CED456663C
:10C57000CDEA5766CFEA58667E95596680955A6629
:10C58000EDCD5B6681955C6682955D6683955E66A2
:10C5900084955F66C9EA606685956166CEEA6266E3
:10C5A0008695636687956466EECE65668895666651
:10C5B000DEBB676689956866BFB369668A956A66F9
:10C5C0008B956B668C956C668D956D668E956E669B
:10C5D000D5C66F66B0BE7066FACE71668F9572660C
:10C5E0009095736691957466E7C7756692957666C1
:10C5F000A7BE7766D0EA78669395796694957A6651
:10C60000C7D67B6695957C6696957D6697957E6682
:10C61000C0C17F6698958066999581669A95826675
:10C62000DDD483669B958466D1EA85669C95866693
:10C630009D958766BECF88669E9589669F958A661A
:10C64000A0958B66A1958C66D2EA8D66A2958E66C2
:10C65000A3958F66A4959066A5959166EECA92669D
:10C66000A6959366A7959466A8959566A9959666EE
:10C67000AFC59766B5B09866AA959966AB959A6668
:10C68000AC959B66AD959C66AE959D66D4EA9E661C
:10C69000AF959F66B095A066B195A166B295A2666A
:10C6A000B395A366B495A466B595A566B695A6663A
:10C6B000B795A766D3EAA866DFF4A966B895AA6617
:10C6C000B995AB66BA95AC66BB95AD66BC95AE66E2
:10C6D000BAC4AF66BD95B066BE95B166BF95B26689
:10C6E000C095B366C195B466A9B1B566C295B66684
:10C6F000C395B766C495B866C595B966DFE5BA66F1
:10C70000C695BB66C795BC66C895BD66C995BE662D
:10C71000D5EABF66CA95C066CB95C166CC95C266A0
:10C72000CD95C366CE95C466CF95C566D095C666D1
:10C73000D195C766D295C866D395C966D495CA66A1
:10C74000D595CB66D695CC66D795CD66D895CE6671
:10C75000D995CF66DA95D066DB95D166DC95D26641
:10C76000DD95D366DE95D466DF95D566E095D66611
:10C77000E195D766E295D866E395D966EFCADA66A1
:10C78000E495DB66D6EADC66D7EADD66D8C6DE6607
:10C79000E595DF66E695E066E795E166E895E26691
:10C7A000E995E366EA95E466EB95E566EC95E66661
:10C7B000D8EAE766ED95E866EE95E966D9EAEA66B5
:10C7C000EF95EB66F095EC66F195ED66F295EE6609
:10C7D000F395EF66F495F066BBD4F166F595F266D5
:10C7E000FAC7F366B7D2F466FCB8F566F695F66656
:10C7F000F795F766C2EAF866F895F966DCB2FA666C
:10C80000F995FB66FA95FC66FCC2FD66FB95FE6633
:10C81000F8D4FF66E6CC0067EED70167FC950267A7
:10C82000FD950367FE950467409605674196066788
:10C830004296076743960867C2D40967D0D30A6750
:10C84000C3EB0B67F3C50C6744960D67FEB70E6725
:10C8500045960F6746961067D4EB116747961267A7
:10C860004896136749961467B7CB1567DEEB1667D2
:10C870004A961767CAC018674B9619674C961A678D
:10C880004D961B67FBCD1C674E961D67AFB31E67A9
:10C890004F961F67DAC62067509621675196226728
:10C8A00052962367539624675496256755962667B4
:10C8B000FCEB276756962867BEC4296757962A67F8
:10C8C000B4CE2B67A9C42C67BEB12D67FDD42E67EB
:10C8D00058962F67F5CA306759963167ECD632679C
:10C8E0005A9633675B963467D3C63567E4B63667C6
:10C8F0005C9637675D9638675E9639675F963A67EC
:10C90000FABB3B6760963C6761963D67E0D03E6747
:10C9100062963F6763964067B1C941676496426714
:10C92000D3D44367A8C8446765964567669646674B
:10C93000CBB8476767964867BEE84967BCC94A678E
:10C9400068964B6769964C67BBE84D676A964E6779
:10C95000EEC04F67D3D05067C4B25167E5B4526799
:10C960006B965367BCE854676C9655676D9656672F
:10C97000C8D557676E9658676F96596770965A670D
:10C9800071965B6772965C67C5B65D6773965E6706
:10C99000BDE85F67F8CA6067DCB86167F5CC6267BD
:10C9A000749663677596646776966567B4C06667C4
:10C9B0007796676778966867EED16967BFE86A67B8
:10C9C000C2E86B6779966C677A966D67BCBA6E67DA
:10C9D0007B966F67ADB17067DCBD71677C967267DF
:10C9E000BDEA7367C3E874677D967567C6E87667C6
:10C9F0007E967767CBE878678096796781967A67C5
:10CA000082967B6783967C67CCE87D6784967E6799
:10CA1000C9CB7F67E5B0806785968167ABBC8267CD
:10CA20008696836787968467B9B98567889686678F
:10CA300089968767C1E888678A968967F7CD8A678C
:10CA40008B968B67CAE88C678C968D678D968E6700
:10CA50008E968F678F969067F6CE916790969267C5
:10CA6000919693679296946793969567EDD596679E
:10CA700094969767D6C19867C4E8996795969A6720
:10CA8000B6C39B6796969C67FBB99D67A6D69E67C3
:10CA9000C8E89F679796A0679896A1679996A2673E
:10CAA000E0CAA367E6D4A4679A96A567C0E8A6671C
:10CAB0009B96A767C5E8A867C7E8A9679C96AA6779
:10CAC000B9C7AB67E3B7AC679D96AD67C9E8AE671A
:10CAD0009E96AF67DDBFB067D2E8B1679F96B26739
:10CAE000A096B367D7E8B467A196B567D5E8B667EF
:10CAF000DCBCB767CFBCB867DBE8B967A296BA679A
:10CB0000A396BB67A496BC67A596BD67A696BE67AD
:10CB1000A796BF67A896C067A996C167DEE8C267F7
:10CB2000AA96C367DAE8C467FAB1C567AB96C66769
:10CB3000AC96C767AD96C867AE96C967AF96CA6729
:10CB4000B096CB67B196CC67B296CD67B396CE67F9
:10CB5000B496CF67D8B0D067B3C4D167CCB8D2672A
:10CB6000E2C6D367BEC8D467E1C8D567B596D667B5
:10CB7000B696D767B796D867CFE8D967D4E8DA67AB
:10CB8000D6E8DB67B896DC67F1B9DD67D8E8DE6721
:10CB9000F5D7DF67B996E067FBC4E167BA96E2674D
:10CBA000DCE8E367BB96E467BC96E567E9B2E66755
:10CBB000BD96E767BE96E867BF96E967D1E8EA6782
:10CBC000C096EB67C196EC67EDBCED67C296EE6769
:10CBD000C396EF67C2BFF067CDE8F167F9D6F26799
:10CBE000C496F367F8C1F467F1B2F567C596F667C6
:10CBF000C696F767C796F867C896F967C996FA6741
:10CC0000CA96FB67CB96FC67CC96FD67DFE8FE67AC
:10CC1000CD96FF67C1CA0068D9E80168CE96026860
:10CC2000CF960368D0960468D1960568A4D50668A7
:10CC3000D2960768EAB10868BBD50968CEE80A68E9
:10CC4000D0E80B68B0B60C68D3E80D68D3960E68D0
:10CC5000DDE80F68B8C01068D4961168F7CA12688A
:10CC6000D5961368A8CB1468D6961568D79616681B
:10CC7000DCC61768F5C01868D8961968D9961A687E
:10CC8000DA961B68DB961C68DC961D68E9E81E686E
:10CC9000DD961F68DE962068DF962168A3D02268A3
:10CCA000E0962368E1962468E2962568E396266874
:10CCB000E4962768E5962868E6962968F2E82A68E7
:10CCC000EAD62B68E7962C68E8962D68E9962E68D8
:10CCD000EA962F68EB963068EC963168ED963268EC
:10CCE000E0E83368E1E83468EE963568EF96366838
:10CCF000F0963768F9D13868CBBA3968F9B83A682C
:10CD0000F1963B68F2963C68F1B83D68D4D43E6831
:10CD1000EFE83F68F3964068EEE84168ECE8426867
:10CD2000F0B94368D2CC4468E6E84568A6CE4668C8
:10CD3000F2BF4768F4964868B8B04968F1E84A68B5
:10CD4000F0E84B68F5964C68C0D74D68F6964E688B
:10CD5000E4E84F68F7965068A9CD5168A3C95268B6
:10CD6000F8965368B8BB5468DBBD5568EAE8566866
:10CD7000F9965768FA965868FB965968FC965A686F
:10CD8000FD965B68FE965C6840975D6841975E68BB
:10CD900042975F6843976068E2E86168E3E8626829
:10CDA000E5E86368B5B56468E7E86568C5C76668BF
:10CDB000EBE86768EDE86868B0BD6968AED76A6897
:10CDC00044976B68F8E86C6845976D6846976E689D
:10CDD00047976F6848977068499771684A97726873
:10CDE0004B9773684C977468F5E875684D9776684B
:10CDF000B0CD7768F6E878684E9779684F977A688B
:10CE000050977B6851977C6852977D6853977E68EE
:10CE100054977F685597806856978168BAC1826831
:10CE200057978368E8E8846858978568B7C3866829
:10CE3000F0B08768599788685A9789685B978A68BD
:10CE40005C978B685D978C685E978D685F978E683E
:10CE500060978F68F4E8906861979168629792682C
:10CE600063979368F7E89468649795686597966800
:10CE700066979768A3B998686797996868979A685A
:10CE800069979B686A979C686B979D686C979E688A
:10CE90006D979F686E97A0686F97A1687097A2685A
:10CEA000D2C9A3687197A4687297A5687397A6689A
:10CEB000CEC3A768E0CEA868E6C0A9687497AA6840
:10CEC0007597AB687697AC687797AD68F3CBAE682B
:10CED0007897AF68DDCCB068B5D0B1687997B268A3
:10CEE0007A97B368E1CAB4687B97B568F3E8B66827
:10CEF0007C97B7687D97B8687E97B9688097BA685D
:10CF00008197BB688297BC688397BD688497BE6829
:10CF10008597BF688697C068ECBCC1688797C26870
:10CF2000F9E8C3688897C4688997C5688A97C6680E
:10CF30008B97C7688C97C8688D97C968DEC3CA6825
:10CF40008E97CB68E5C6CC688F97CD68F7B9CE6869
:10CF50009097CF689197D0689297D1689397D2684D
:10CF6000F4B0D3689497D4689597D568D8D7D66825
:10CF70009697D7689797D868ACBCD9689897DA68BD
:10CF8000EFC5DB689997DC689A97DD689B97DE6848
:10CF90009C97DF689D97E068C4CCE1689E97E26843
:10CFA0009F97E368A6E9E468A097E568A197E6681B
:10CFB000A297E768A397E868A497E968A597EA6845
:10CFC000A697EB68A797EC68A897ED68A997EE6815
:10CFD000ADC9EF68AA97F068A2E9F168E2C0F2680B
:10CFE000AB97F368AC97F468AD97F568C3BFF66884
:10CFF000AE97F768AF97F868B097F968FEE8FA68F7
:10D00000D7B9FB68B197FC68FBE8FD68B297FE688A
:10D01000B397FF68B4970069B5970169A4E90269FD
:10D02000B6970369B7970469B8970569CED20669C0
:10D03000B9970769BA970869BB970969BC970A69E4
:10D04000BD970B69A3E90C69BE970D69B2D60E694D
:10D05000B5D70F69BF971069A7E91169C097126921
:10D06000B7BD1369C1971469C2971569C39716694B
:10D07000C4971769C5971869C6971969C7971A6938
:10D08000C8971B69C9971C69CA971D69CB971E6908
:10D09000CC971F69FCE82069FDE82169CD972269DA
:10D0A000CE972369CF972469A1E92569D09726698E
:10D0B000D1972769D2972869D3972969D4972A6984
:10D0C000D5972B69D6972C69D7972D69D6CD2E6920
:10D0D000D8972F69D9973069ACD23169DA9732691C
:10D0E000DB973369DC973469B2E93569DD973669D6
:10D0F000DE973769DF973869E0973969A9E93A69B6
:10D10000E1973B69E2973C69E3973D69AAB43E69C0
:10D11000E4973F69BBB44069E5974169E697426986
:10D12000ABE94369E7974469E8974569E997466938
:10D13000EA974769EB974869EC974969ED974A691F
:10D14000EE974B69EF974C69F0974D69F1974E69EF
:10D15000F2974F69F3975069F4975169F5975269BF
:10D16000F6975369F7975469A8D05569F8975669A7
:10D17000F9975769A5E95869FA975969FB975A6968
:10D18000FEB35B69FC975C69FD975D69ACE95E691C
:10D19000E3C05F69FE976069AAE9616940986269C6
:10D1A00041986369B9E96469429865694398666919
:10D1B000B8E96769449868694598696946986A69F1
:10D1C00047986B69AEE96C6948986D6949986E69D2
:10D1D000FAE86F694A9870694B987169A8E97269B1
:10D1E0004C9873694D9874694E9875694F98766933
:10D1F00050987769ACBF7869B1E97969BAE97A6919
:10D2000051987B6952987C69A5C27D6953987E6963
:10D2100054987F6955988069AFE981695698826909
:10D22000C5B8836957988469ADE985695898866956
:10D23000DCD38769B4E98869B5E98969B7E98A699E
:10D2400059988B695A988C695B988D69C7E98E6982
:10D250005C988F695D9890695E9891695F98926912
:10D260006098936961989469C6C09569C5E99669A3
:10D270006298976963989869B0E9996964989A691E
:10D2800065989B69BBE99C69F1B09D6966989E6948
:10D2900067989F696898A0696998A1696A98A26966
:10D2A0006B98A3696C98A4696D98A5696E98A66936
:10D2B0006F98A769BCE9A869A5D5A9697098AA69FA
:10D2C0007198AB69BEE9AC697298AD69BFE9AE69A6
:10D2D0007398AF697498B0697598B169C1E9B2691A
:10D2E0007698B3697798B469F1C1B5697898B669E9
:10D2F0007998B769B6C8B8697A98B9697B98BA69F4
:10D300007C98BB69BDE9BC697D98BD697E98BE69A2
:10D310008098BF698198C0698298C169C2E9C26971
:10D320008398C3698498C4698598C5698698C669D5
:10D330008798C7698898C8698998C9698A98CA69A5
:10D34000C3E9CB698B98CC69B3E9CD698C98CE6978
:10D35000B6E9CF698D98D069B1BBD1698E98D26991
:10D360008F98D3699098D469C0E9D5699198D669A6
:10D370009298D7699398D8699498D9699598DA69F9
:10D380009698DB69F7BCDC699798DD699898DE6947
:10D390009998DF69C4E9E069C6E9E1699A98E269A8
:10D3A0009B98E3699C98E4699D98E5699E98E66975
:10D3B0009F98E769A098E869A198E969A298EA6945
:10D3C000A398EB69A498EC69A598ED69CAE9EE69A0
:10D3D000A698EF69A798F069A898F169A998F269E9
:10D3E000CEE9F369AA98F469AB98F569AC98F66947
:10D3F000AD98F769AE98F869AF98F969B098FA698D
:10D40000B198FB69B298FC69B398FD69DBB2FE691B
:10D41000B498FF69C8E9006AB598016AB698026ACB
:10D42000B798036AB898046AB998056ABA98066A00
:10D43000BB98076ABC98086ABD98096ABE980A6AD0
:10D44000AEB70B6ABF980C6AC0980D6AC1980E6A95
:10D45000C2980F6AC398106AC498116AC598126A74
:10D46000C698136AC798146AC898156AC998166A44
:10D47000CA98176ACBE9186ACCE9196ACB981A6A74
:10D48000CC981B6ACD981C6ACE981D6ACF981E6AEC
:10D49000D0981F6AC1D5206AD198216AA3C4226A94
:10D4A000D298236AD398246AD498256AD598266A94
:10D4B000D698276AD798286AD8E9296AD8982A6A14
:10D4C000E1BA2B6AD9982C6ADA982D6ADB982E6A11
:10D4D000DC982F6AC9E9306ADD98316AA3D3326AD1
:10D4E000DE98336ADF98346AE098356AD4E9366AA0
:10D4F000E198376AE298386AE398396AE4983A6AB8
:10D50000E5983B6AE6983C6AE7983D6AD7E93E6A47
:10D51000D0E93F6AE898406AE998416AEA98426A25
:10D52000EB98436AEC98446ACFE9456AED98466AFD
:10D53000EE98476AC1C7486AEF98496AF0984A6A04
:10D54000F1984B6AF2984C6AF3984D6AF4984E6AD7
:10D55000F5984F6AF698506AD2E9516AF798526A7C
:10D56000F898536AF998546AFA98556AFB98566A7B
:10D57000FC98576AFD98586AD9E9596AC8B35A6A3B
:10D58000FE985B6AD3E95C6A40995D6A41995E6A7C
:10D5900042995F6A4399606A4499616AF0CF626A0E
:10D5A0004599636A4699646A4799656ACDE9666AEE
:10D5B0004899676A4999686A4A99696A4B996A6A97
:10D5C0004C996B6A4D996C6A4E996D6A4F996E6A67
:10D5D00050996F6A5199706A5299716AF7B3726A79
:10D5E0005399736A5499746A5599756A5699766A0B
:10D5F0005799776A5899786A5999796AD6E97A6A0F
:10D600005A997B6A5B997C6ADAE97D6A5C997E6AE1
:10D610005D997F6A5E99806AB4CC816A5F99826AFB
:10D620006099836A6199846AADCF856A6299866AD6
:10D630006399876A6499886A6599896A66998A6A2A
:10D6400067998B6A68998C6A69998D6A6A998E6AFA
:10D65000D5E98F6A6B99906ADCE9916ADBE9926A95
:10D660006C99936A6D99946A6E99956A6F99966AA6
:10D670007099976ADEE9986A7199996A72999A6ABB
:10D6800073999B6A74999C6A75999D6A76999E6A4A
:10D6900077999F6A7899A06AD1E9A16A7999A26A73
:10D6A0007A99A36A7B99A46A7C99A56A7D99A66AEE
:10D6B0007E99A76A8099A86A8199A96ADDE9AA6A10
:10D6C0008299AB6ADFE9AC6ACAC3AD6A8399AE6A74
:10D6D0008499AF6A8599B06A8699B16A8799B26A66
:10D6E0008899B36A8999B46A8A99B56A8B99B66A36
:10D6F0008C99B76A8D99B86A8E99B96A8F99BA6A06
:10D700009099BB6A9199BC6A9299BD6A9399BE6AD5
:10D710009499BF6A9599C06A9699C16A9799C26AA5
:10D720009899C36A9999C46A9A99C56A9B99C66A75
:10D730009C99C76A9D99C86A9E99C96A9F99CA6A45
:10D74000A099CB6AA199CC6AA299CD6AA399CE6A15
:10D75000A499CF6AA599D06AA699D16AA799D26AE5
:10D76000A899D36AA999D46AAA99D56AAB99D66AB5
:10D77000AC99D76AAD99D86AAE99D96AAF99DA6A85
:10D78000B099DB6AB199DC6AB299DD6AB399DE6A55
:10D79000B499DF6AB599E06AB699E16AB799E26A25
:10D7A000B899E36AB999E46ABA99E56ABB99E66AF5
:10D7B000BC99E76ABD99E86ABE99E96ABF99EA6AC5
:10D7C000C099EB6AC199EC6AC299ED6AC399EE6A95
:10D7D000C499EF6AC599F06AC699F16AC799F26A65
:10D7E000C899F36AC999F46ACA99F56ACB99F66A35
:10D7F000CC99F76ACD99F86ACE99F96ACF99FA6A05
:10D80000D099FB6AD199FC6AD299FD6AD399FE6AD4
:10D81000D499FF6AD599006BD699016BD799026BA1
:10D82000D899036BD999046BDA99056BDB99066B70
:10D83000DC99076BDD99086BDE99096BDF990A6B40
:10D84000E0990B6BE1990C6BE2990D6BE3990E6B10
:10D85000E4990F6BE599106BE699116BE799126BE0
:10D86000E899136BE999146BEA99156BEB99166BB0
:10D87000EC99176BED99186BEE99196BEF991A6B80
:10D88000F0991B6BF1991C6BF2991D6BF3991E6B50
:10D89000F4991F6BF599206BB7C7216BCEB4226B3F
:10D8A000B6BB236BC0D0246BA3EC256BF699266B1B
:10D8B000F799276BB7C5286BF899296BF9992A6BEB
:10D8C000FA992B6BFB992C6BFC992D6BFD992E6BA8
:10D8D000FE992F6B409A306B419A316B429A326BB2
:10D8E000FBD3336B439A346B449A356B459A366B52
:10D8F000469A376BA4EC386B479A396BA5EC3A6BB8
:10D90000DBC63B6B489A3C6B499A3D6B4A9A3E6B2F
:10D91000EEBF3F6B4B9A406B4C9A416B4D9A426BFA
:10D920004E9A436BA6EC446B4F9A456B509A466BEC
:10D93000A7EC476BAAD0486B519A496BB8C74A6BA2
:10D94000529A4B6B539A4C6BE8B84D6B549A4E6B92
:10D95000559A4F6B569A506B579A516B589A526B17
:10D96000599A536B5A9A546B5B9A556B5C9A566BE7
:10D970005D9A576B5E9A586B5F9A596BA8EC5A6B1D
:10D98000609A5B6B619A5C6B629A5D6B639A5E6B8B
:10D99000649A5F6B659A606B669A616B679A626B5B
:10D9A000B9D6636BFDD5646BCBB4656BBDB2666BEA
:10D9B000E4CE676BE7C6686B689A696B699A6A6BB5
:10D9C000E1CD6B6B6A9A6C6B6B9A6D6B6C9A6E6B3C
:10D9D0006D9A6F6B6E9A706B6F9A716B709A726BB7
:10D9E000719A736B729A746B739A756B749A766B87
:10D9F000759A776B769A786B779A796BF5B47A6BC0
:10DA0000789A7B6BC0CB7C6BDFBC7D6B799A7E6B2D
:10DA10007A9A7F6B7B9A806B7C9A816BE2E9826B4E
:10DA2000E3E9836BEAD1846BE5E9856B7D9A866BCC
:10DA3000F9B4876BE4E9886B7E9A896BB3D18A6B02
:10DA4000E2CA8B6BD0B28C6B809A8D6BE8E98E6BDF
:10DA5000819A8F6B829A906B839A916B849A926B66
:10DA6000E6E9936BE7E9946B859A956B869A966BDA
:10DA7000B3D6976B879A986B889A996B899A9A6BA9
:10DA8000E9E99B6BEAE99C6B8A9A9D6B8B9A9E6B8A
:10DA90008C9A9F6B8D9AA06B8E9AA16BEBE9A26B0F
:10DAA0008F9AA36B909AA46B919AA56B929AA66B8E
:10DAB000939AA76B949AA86B959AA96B969AAA6B5E
:10DAC000ECE9AB6B979AAC6B989AAD6B999AAE6B8D
:10DAD0009A9AAF6B9B9AB06B9C9AB16B9D9AB26B02
:10DAE0009E9AB36BAFECB46BB9C5B56BCEB6B66BE3
:10DAF0009F9AB76BF3D2B86BA09AB96BA19ABA6B25
:10DB0000A29ABB6BA39ABC6BA49ABD6BA59ABE6B81
:10DB1000A69ABF6BEEB5C06BA79AC16BD9BBC26B9F
:10DB2000B1ECC36BA89AC46BA99AC56BE3D2C66B60
:10DB3000AA9AC76BAB9AC86BAC9AC96BAD9ACA6B01
:10DB4000AE9ACB6BE3CECC6BAF9ACD6BB8C4CE6B39
:10DB5000B09ACF6BBFC3D06BB19AD16BB29AD26B74
:10DB6000BEB6D36BB9D8D46BC8B1D56BCFB1D66BB9
:10DB7000D1B1D76BFEC5D86BB39AD96BD0B1DA6B84
:10DB8000B49ADB6BABC3DC6BB59ADD6BB69ADE6B1C
:10DB9000B79ADF6BB89AE06BB99AE16BB1D5E26BDB
:10DBA000BA9AE36BBB9AE46BBC9AE56BBD9AE66BE1
:10DBB000BE9AE76BBF9AE86BC09AE96BC19AEA6BB1
:10DBC000A4EBEB6BC1BAEC6BC29AED6BC39AEE6B34
:10DBD000C49AEF6BBACCF06BC59AF16BC69AF26B34
:10DBE000C79AF36BA5EBF46BC89AF56BA7EBF66BD2
:10DBF000C99AF76BCA9AF86BCB9AF96BA8EBFA6BD8
:10DC0000CC9AFB6BCD9AFC6BCE9AFD6BA6EBFE6BB0
:10DC1000CF9AFF6BD09A006CD19A016CD29A026CA9
:10DC2000D39A036CD49A046CD59A056CA9EB066C54
:10DC3000ABEB076CAAEB086CD69A096CD79A0A6C06
:10DC4000D89A0B6CD99A0C6CDA9A0D6CACEB0E6C02
:10DC5000DB9A0F6CCFCA106CB5D8116CF1C3126C83
:10DC6000DC9A136CA5C3146CF8C6156CADEB166C7E
:10DC7000CAC4176CDD9A186CAEEB196CAFEB1A6C5A
:10DC8000B0EB1B6CD5B71C6CDE9A1D6CDF9A1E6C5A
:10DC9000E09A1F6CFAB7206CE19A216CB1EB226C10
:10DCA000E2C7236CE29A246CB3EB256CE39A266CF2
:10DCB000A4BA276CF5D1286CB1B0296CB2EB2A6CF0
:10DCC000B4EB2B6CE49A2C6CE59A2D6CE69A2E6CD6
:10DCD000AAB52F6CC8C2306CE8C7316CE79A326CB9
:10DCE000B5EB336CE89A346CAECB356CDFE3366C55
:10DCF000E99A376CEA9A386CC0D3396CEB9A3A6C73
:10DD0000EC9A3B6CED9A3C6CEE9A3D6CDBD93E6C28
:10DD1000EF9A3F6CF09A406CA1CD416CADD6426C4D
:10DD2000F3C7436CF19A446CF29A456CF39A466CD3
:10DD3000E0D9476CE3BB486CF49A496CBABA4A6CB8
:10DD4000E2E34B6CF59A4C6CF69A4D6CF79A4E6C7C
:10DD5000F89A4F6CF99A506CABCF516CFA9A526C9E
:10DD6000FB9A536CFC9A546CE0E3556CC7C9566C33
:10DD7000FD9A576CB9BA586CFE9A596C409B5A6C14
:10DD8000419B5B6CB4D15C6CE1E35D6CEAC85E6C9A
:10DD9000AFB95F6CADBD606CD8B3616CDBCE626C4B
:10DDA000429B636C439B646CC0CC656C449B666C0B
:10DDB000459B676C469B686CE8E3696CE9E36A6CB9
:10DDC000F4CD6B6C479B6C6C489B6D6C499B6E6C87
:10DDD0004A9B6F6C4B9B706CADCC716C4C9B726CA6
:10DDE000B3BC736C4D9B746CEAE3756C4E9B766CA4
:10DDF000EBE3776C4F9B786C509B796CDAD07A6C44
:10DE0000519B7B6C529B7C6C539B7D6CFBC67E6CE8
:10DE1000DAB77F6C549B806C559B816CDFC7826C3A
:10DE2000CAD2836CD6CE846C569B856CE4E3866C38
:10DE3000ECE3876C579B886CF2C9896CC1B38A6C20
:10DE4000589B8B6C599B8C6CE7E38D6C5A9B8E6C4A
:10DE50005B9B8F6CE3C6906CE5E3916C5C9B926C72
:10DE60005D9B936CB3ED946CE6E3956C5E9B966C56
:10DE70005F9B976C609B986C619B996CB3C99A6C23
:10DE8000629B9B6CE6C59C6C639B9D6C649B9E6CCB
:10DE9000659B9F6CB5B9A06C669BA16CBBC3A26C63
:10DEA000679BA36CE3E3A46CBDC5A56CA4C1A66C81
:10DEB000D9C2A76CD7B2A86C689BA96CEDE3AA6C19
:10DEC000A6BBAB6CADC4AC6C699BAD6CF0E3AE6C47
:10DED000DABEAF6C6A9BB06C6B9BB16CFBE3B26C4F
:10DEE000F5E3B36CD3BAB46C6C9BB56C6D9BB66C3C
:10DEF0006E9BB76C6F9BB86CD0B7B96CCDD3BA6C56
:10DF0000709BBB6CCED6BC6CD3D5BD6CC1B9BE6C9E
:10DF1000B4D5BF6CD8D1C06C719BC16C729BC26C04
:10DF2000739BC36C749BC46CB9D0C56CF6C7C66CCC
:10DF3000759BC76C769BC86C779BC96CAAC8CA6C6A
:10DF4000B4B2CB6C789BCC6CDAC3CD6C799BCE6CC5
:10DF50007A9BCF6C7B9BD06CEEE3D16C7C9BD26CBC
:10DF60007D9BD36CFCE3D46CEFE3D56CA8B7D66C87
:10DF7000F7E3D76CF4E3D86C7E9BD96C809BDA6CAA
:10DF8000819BDB6CBAB7DC6C829BDD6C839BDE6CA7
:10DF9000A2C5DF6C849BE06CF6E3E16CDDC5E26C4E
:10DFA000A8B2E36CFCC6E46C859BE56CE0C4E66C4F
:10DFB000869BE76C879BE86CA2D7E96C889BEA6C30
:10DFC000E1C0EB6CF9E3EC6C899BED6C8A9BEE6C29
:10DFD000FAE3EF6CFDE3F06CA9CCF16CF3E3F26CC7
:10DFE0008B9BF36CBED3F46C8C9BF56CC3B1F66C5D
:10DFF000B4EDF76CF1E3F86CF2E3F96C8D9BFA6C1D
:10E00000F8E3FB6CBAD0FC6CC3C6FD6CF3D4FE6CB9
:10E01000FEE3FF6C8E9B006D8F9B016DE0BD026D7A
:10E02000909B036D919B046DA7E4056D929B066D1B
:10E03000939B076DA6E4086D949B096D959B0A6DF3
:10E04000969B0B6DF3D10C6DA3E40D6D979B0E6D3C
:10E05000A9E40F6D989B106D999B116D9A9B126DA1
:10E06000F7C8136D9B9B146D9C9B156D9D9B166D46
:10E070009E9B176DB4CF186D9F9B196DA8E41A6D08
:10E08000AEE41B6DE5C21C6DA09B1D6DA19B1E6DBA
:10E09000B4B61F6DA29B206DA39B216DA49B226D26
:10E0A000A59B236DA69B246DA79B256DF2BD266DB8
:10E0B000A89B276DA2E4286DA99B296DAA9B2A6DB8
:10E0C000E9BA2B6DAAE42C6DAB9B2D6DAC9B2E6D2C
:10E0D000ACE42F6DAD9B306DAE9B316DFDB6326DF6
:10E0E000DED6336DB2E4346DAF9B356DADE4366D85
:10E0F000B09B376DB19B386DB29B396DA1E43A6D21
:10E10000B39B3B6DEEBB3C6DDDCD3D6DA2C73E6D5F
:10E11000C9C53F6DB49B406DB59B416DF7C1426D64
:10E12000B69B436DA4E4446DB79B456DB3C7466D84
:10E13000ACBD476DBDBD486DA5E4496DB89B4A6D4A
:10E14000C7D74B6DE2B24C6DB99B4D6DABE44E6DD4
:10E15000C3BC4F6DAFE4506DBA9B516DEBBB526DBC
:10E16000B0E4536DA8C5546DB1E4556DBB9B566DBD
:10E17000BC9B576DBD9B586DBE9B596DE3D55A6DC9
:10E18000A3BF5B6DBF9B5C6DBAE45D6DC09B5E6DB4
:10E19000B7E45F6DC19B606DBBE4616DC29B626D56
:10E1A000C39B636DBDE4646DC49B656DC59B666D6B
:10E1B000D6C6676DC69B686DC79B696DC6BA6A6D2A
:10E1C000CBC06B6DC89B6C6DC99B6D6DCA9B6E6D32
:10E1D000A1B86F6DB4E4706DCB9B716DCC9B726D0B
:10E1E000CD9B736DCE9B746DA1D4756DCF9B766DF9
:10E1F000D09B776DA3BA786DFEBD796DD19B7A6D9A
:10E20000D29B7B6DD39B7C6DBCE47D6DD49B7E6D7E
:10E21000D59B7F6DD69B806DD79B816DD89B826D82
:10E22000BFCD836DD99B846DDA9B856DF9C4866DF6
:10E23000DB9B876DDC9B886DFBCF896DE6C98A6DA2
:10E24000DD9B8B6DDE9B8C6DBFD38D6DDF9B8E6DEB
:10E25000D1CF8F6DE09B906DE19B916DB3E4926D9A
:10E26000E29B936DB8E4946DB9E4956DE9CC966D3D
:10E27000E39B976DE49B986DE59B996DE69B9A6D8A
:10E28000E79B9B6DCECC9C6DE89B9D6DD4C09E6D35
:10E29000B5E49F6DB0C1A06DB6E4A16DD0CEA26D06
:10E2A000E99BA36DC1BBA46DD3B5A56DEA9BA66D1B
:10E2B000F3C8A76DA7BDA86DC7D5A96DACC9AA6DD8
:10E2C000A2B8AB6DCAE4AC6DEB9BAD6DEC9BAE6DD3
:10E2D000CCE4AF6DC4D1B06DED9BB16DEE9BB26D72
:10E2E000BAD2B36DEF9BB46DF09BB56DADBAB66DA0
:10E2F000F19BB76DF29BB86DD4BAB96DF39BBA6D53
:10E30000F49BBB6DF59BBC6DF69BBD6DF79BBE6D25
:10E31000F89BBF6DC3E4C06DEDB5C16DF99BC26DD7
:10E32000FA9BC36DFB9BC46DCDD7C56DC0E4C66DB4
:10E33000FDCFC76DBFE4C86DFC9BC96DFD9BCA6D69
:10E34000FE9BCB6DDCC1CC6DCACCCD6D409CCE6D3F
:10E35000419CCF6D429CD06D439CD16DE7CAD26D7C
:10E36000449CD36D459CD46D469CD56D479CD66D21
:10E37000D7C4D76D489CD86DD4CCD96DC8E4DA6DBC
:10E38000499CDB6D4A9CDC6D4B9CDD6DC7E4DE6D0A
:10E39000C1E4DF6D4C9CE06DC4E4E16DADB5E26DB0
:10E3A0004D9CE36D4E9CE46DD9D3E56D4F9CE66DBD
:10E3B000C6E4E76D509CE86D519CE96D529CEA6D96
:10E3C000539CEB6DF9D2EC6DE3B4ED6D549CEE6DA6
:10E3D000B4BBEF6D559CF06D569CF16DEEC9F26DBE
:10E3E000579CF36DBEB4F46D589CF56D599CF66D59
:10E3F0005A9CF76DECBBF86D5B9CF96DCDD1FA6D55
:10E400005C9CFB6DEDCCFC6DB5EDFD6D5D9CFE6D1A
:10E410005E9CFF6D5F9C006E609C016E619C026E55
:10E42000629C036E639C046E649C056EE5C7066E79
:10E43000659C076E669C086E679C096E689C0A6EF8
:10E44000A8D40B6E699C0C6ECBE40D6ED5D70E6E06
:10E45000C2E40F6E6A9C106EA5BD116EC5E4126E0B
:10E460006B9C136E6C9C146EE6D3156E6D9C166ED1
:10E47000C9E4176EF8C9186E6E9C196E6F9C1A6EFF
:10E48000BEE41B6E709C1C6E719C1D6EE5D31E6EEF
:10E49000729C1F6E739C206EFEC7216EC9B6226EE1
:10E4A000749C236EFCD4246EB3B2256ED7E4266E22
:10E4B000759C276E769C286E779C296EC2CE2A6E3C
:10E4C000789C2B6ECDE42C6E799C2D6EBCCE2E6E7E
:10E4D0007A9C2F6EDBB8306E7B9C316E7C9C326EEA
:10E4E000D6E4336E7D9C346ECABF356E7E9C366E2C
:10E4F000809C376E819C386ECED3396E829C3A6E8A
:10E50000ECC33B6E839C3C6E849C3D6E859C3E6E52
:10E51000869C3F6E879C406E889C416E899C426EB3
:10E520008A9C436EC8C5446ED8E4456E8B9C466E8B
:10E530008C9C476E8D9C486E8E9C496E8F9C4A6E5B
:10E54000909C4B6E919C4C6E929C4D6EC4CD4E6EC9
:10E55000CFE44F6E939C506E949C516E959C526E7E
:10E56000969C536ED4E4546ED5E4556E979C566ECB
:10E57000FEBA576E989C586EE6CF596E999C5A6EAB
:10E580009A9C5B6EBFD55C6E9B9C5D6E9C9C5E6E28
:10E590009D9C5F6ED2E4606E9E9C616E9F9C626EDD
:10E5A000A09C636EA19C646EA29C656EA39C666E2B
:10E5B000A49C676EA59C686EA69C696EA79C6A6EFB
:10E5C000A89C6B6ED0E46C6EA99C6D6EAA9C6E6E5E
:10E5D000CEE46F6EAB9C706EAC9C716EAD9C726E37
:10E5E000AE9C736EAF9C746EB09C756EB19C766E73
:10E5F000B29C776EB39C786EB49C796EB59C7A6E43
:10E60000B69C7B6EB79C7C6EB89C7D6EB99C7E6E12
:10E61000E5CD7F6EAACA806EBA9C816EBB9C826E6D
:10E62000BC9C836EA3C0846EBD9C856EA6BD866EA9
:10E63000D3E4876EBE9C886EBF9C896EC8B88A6E14
:10E64000C09C8B6EC19C8C6EC29C8D6EC39C8E6E6A
:10E65000C49C8F6EE7E4906EB4D4916EC59C926EAC
:10E66000C69C936EC79C946EC89C956EC99C966E12
:10E67000CA9C976ECB9C986EDBE4996ECC9C9A6E8C
:10E68000CD9C9B6ECE9C9C6EEFC19D6ECF9C9E6E72
:10E69000D09C9F6EE9E4A06ED19CA16ED29CA26E2C
:10E6A000E7D2A36ED39CA46ED49CA56EDFE4A66EC5
:10E6B000D59CA76EE0E4A86ED69CA96ED79CAA6EE6
:10E6C000AACFAB6ED89CAC6ED99CAD6EDA9CAE6E08
:10E6D000DB9CAF6EDDCBB06EDC9CB16EDAE4B26E6B
:10E6E000D1E4B36EDD9CB46EE5E4B56EDE9CB66E2F
:10E6F000DCC8B76EE3E4B86EDF9CB96EE09CBA6E1E
:10E70000E7C4BB6EE2E4BC6EE19CBD6EE1E4BE6EAC
:10E71000E29CBF6EE39CC06EE49CC16EFCB3C26E13
:10E72000E8E4C36EE59CC46EE69CC56EE79CC66ECD
:10E73000E89CC76EE1B5C86EE99CC96EEA9CCA6EDA
:10E74000EB9CCB6ECCD7CC6EEC9CCD6EED9CCE6EA4
:10E75000EE9CCF6EE6E4D06EEF9CD16EACBBD26E79
:10E76000F09CD36ED2D7D46ECFCCD56EF8EBD66EEC
:10E77000F19CD76EE4E4D86EF29CD96EF39CDA6E0D
:10E78000F6B9DB6EF49CDC6EF59CDD6EF69CDE6EFD
:10E79000CDD6DF6ED9E4E06EDCE4E16EFAC2E26E63
:10E7A000DEE4E36EF79CE46ECBC2E56EC4C0E66EB9
:10E7B000D0C2E76EF89CE86EF5B1E96EB2CCEA6EB5
:10E7C000F99CEB6EFA9CEC6EFB9CED6EFC9CEE6E85
:10E7D000FD9CEF6EFE9CF06E409DF16E419DF26ED1
:10E7E000429DF36E439DF46ECEB5F56E449DF66E7C
:10E7F000459DF76E469DF86E479DF96EEFE4FA6E03
:10E80000489DFB6E499DFC6E4A9DFD6E4B9DFE6EC4
:10E810004C9DFF6E4D9D006F4E9D016F4F9D026F91
:10E82000AFC6036F509D046F519D056F529D066FDB
:10E83000E1C6076F539D086F549D096FF5E40A6F99
:10E84000559D0B6F569D0C6F579D0D6F589D0E6F0C
:10E85000599D0F6FA9C2106F5A9D116F5B9D126F6A
:10E860005C9D136FECC0146FDDD1156FEEE4166F75
:10E870005D9D176F5E9D186F5F9D196F609D1A6F8C
:10E88000619D1B6F629D1C6F639D1D6F649D1E6F5C
:10E89000659D1F6F669D206FAEC4216F679D226FBF
:10E8A000689D236F699D246FEDE4256F6A9D266F37
:10E8B0006B9D276F6C9D286F6D9D296FF6E42A6F05
:10E8C000F4E42B6FFEC22C6F6E9D2D6FDDE42E6F76
:10E8D0006F9D2F6FF0E4306F709D316FFECA326F05
:10E8E000719D336FC4D5346F729D356F739D366FD4
:10E8F000F1E4376F749D386F759D396F769D3A6F6F
:10E90000779D3B6F789D3C6F799D3D6F7A9D3E6F03
:10E91000FAD13F6F7B9D406F7C9D416F7D9D426F23
:10E920007E9D436F809D446F819D456F829D466FA4
:10E93000EBE4476FECE4486F839D496F849D4A6F19
:10E94000859D4B6FF2E44C6F869D4D6FABCE4E6F45
:10E95000879D4F6F889D506F899D516F8A9D526F23
:10E960008B9D536F8C9D546F8D9D556F8E9D566FF3
:10E970008F9D576F909D586FCBC5596F919D5A6F62
:10E98000929D5B6F939D5C6FB1C75D6F949D5E6F51
:10E99000BAC25F6F959D606F969D616F979D626F24
:10E9A000EAE4636F989D646F999D656F9A9D666FA9
:10E9B000CAC1676F9B9D686F9C9D696F9D9D6A6FC3
:10E9C0009E9D6B6F9F9D6C6FA09D6D6FB6CC6E6FA3
:10E9D000B1B36F6FA19D706FA29D716FA39D726F98
:10E9E000FBE4736FA49D746FF3E4756FA59D766F60
:10E9F000A69D776FA79D786FFAE4796FA89D7A6FCF
:10EA0000FDE47B6FA99D7C6FFCE47D6FAA9D7E6F0A
:10EA1000AB9D7F6FAC9D806FAD9D816FAE9D826F12
:10EA2000AF9D836FB09D846FCEB3856FB19D866FB0
:10EA3000B29D876FB39D886FBAB3896FF7E48A6F11
:10EA4000B49D8B6FB59D8C6FF9E48D6FF8E48E6F7C
:10EA5000ECC58F6FB69D906FB79D916FB89D926F0B
:10EA6000B99D936FBA9D946FBB9D956FBC9D966F3A
:10EA7000BD9D976FBE9D986FBF9D996FC09D9A6F0A
:10EA8000C19D9B6FC29D9C6FBDC09D6FC39D9E6FBE
:10EA9000C49D9F6FC59DA06FC69DA16FE8D4A26F56
:10EAA000C79DA36FC89DA46FC99DA56FCA9DA66F82
:10EAB000CB9DA76FA2E5A86FCC9DA96FCD9DAA6F36
:10EAC000CE9DAB6FCF9DAC6FD09DAD6FD19DAE6F26
:10EAD000D29DAF6FD39DB06FD49DB16FD59DB26FF6
:10EAE000D69DB36FC4B0B46FD79DB56FD89DB66FC8
:10EAF000A4E5B76FD99DB86FDA9DB96FA3E5BA6F7A
:10EB0000DB9DBB6FDC9DBC6FDD9DBD6FDE9DBE6F71
:10EB1000DF9DBF6FE09DC06FA4BCC16FE19DC26F60
:10EB2000A5E5C36FE29DC46FE39DC56FE49DC66F0D
:10EB3000E59DC76FE69DC86FE79DC96FA1E5CA6FE8
:10EB4000E89DCB6FE99DCC6FEA9DCD6FEB9DCE6FBD
:10EB5000EC9DCF6FED9DD06FEE9DD16FFEE4D26F37
:10EB6000F4B1D36FEF9DD46FF09DD56FF19DD66F4B
:10EB7000F29DD76FF39DD86FF49DD96FF59DDA6F35
:10EB8000F69DDB6FF79DDC6FF89DDD6FF99DDE6F05
:10EB9000A8E5DF6FFA9DE06FA9E5E16FA6E5E26FFA
:10EBA000FB9DE36FFC9DE46FFD9DE56FFE9DE66FB1
:10EBB000409EE76F419EE86F429EE96F439EEA6F79
:10EBC000449EEB6F459EEC6F469EED6F479EEE6F49
:10EBD000A7E5EF6FAAE5F06F489EF16F499EF26FCF
:10EBE0004A9EF36F4B9EF46F4C9EF56F4D9EF66FF1
:10EBF0004E9EF76F4F9EF86F509EF96F519EFA6FC1
:10EC0000529EFB6F539EFC6F549EFD6F559EFE6F90
:10EC1000569EFF6F579E0070589E0170599E02705D
:10EC20005A9E03705B9E04705C9E05705D9E06702C
:10EC30005E9E07705F9E0870609E0970619E0A70FC
:10EC4000629E0B70639E0C70649E0D70659E0E70CC
:10EC5000669E0F70679E1070689E1170D9C6127004
:10EC6000699E13706A9E14706B9E15706C9E167070
:10EC70006D9E17706E9E18706F9E1970709E1A7040
:10EC8000ABE51B70ADE51C70719E1D70729E1E7011
:10EC9000739E1F70749E2070759E2170769E2270E8
:10ECA000779E2370ACE52470789E2570799E26703F
:10ECB0007A9E27707B9E28707C9E29707D9E2A708C
:10ECC0007E9E2B70809E2C70819E2D70829E2E7059
:10ECD000839E2F70849E3070859E3170869E327028
:10ECE000879E3370889E3470899E3570AFE536708C
:10ECF0008A9E37708B9E38708C9E3970AEE53A7064
:10ED00008D9E3B708E9E3C708F9E3D70909E3E709F
:10ED1000919E3F70929E4070939E4170949E42706F
:10ED2000959E4370969E4470979E4570989E46703F
:10ED3000999E47709A9E48709B9E49709C9E4A700F
:10ED40009D9E4B709E9E4C70E0B94D709F9E4E7084
:10ED5000A09E4F70B0E55070A19E5170A29E52705F
:10ED6000A39E5370A49E5470A59E5570A69E567087
:10ED7000A79E5770A89E5870A99E5970AA9E5A7057
:10ED8000AB9E5B70AC9E5C70AD9E5D70AE9E5E7027
:10ED9000B1E55F70AF9E6070B09E6170B19E6270B1
:10EDA000B29E6370B39E6470B49E6570B59E6670CB
:10EDB000B69E6770B79E6870B89E6970B99E6A709B
:10EDC000BA9E6B70F0BB6C70E1EC6D70F0C36E704E
:10EDD000BB9E6F70C6B57070D2BB7170BC9E7270F6
:10EDE000BD9E7370BE9E7470BF9E7570E9C17670D3
:10EDF000EED47770C09E7870C4BE7970C19E7A7070
:10EE0000C29E7B70C39E7C70C6D77D70C49E7E7090
:10EE1000D6D47F70D3B28070BEEC8170C59E8270F4
:10EE2000C69E8370C79E8470C89E8570C1EA867036
:10EE3000C99E8770CA9E8870CB9E8970AFC28A7047
:10EE4000B6B48B70CC9E8C70CD9E8D70CE9E8E7025
:10EE5000D7D18F70CF9E9070D09E9170D19E9270BE
:10EE6000B4B39370D29E9470B2C89570BBBF9670C5
:10EE7000C0EC9770D39E9870D49E9970CBD69A7040
:10EE8000D59E9B70D69E9C70BFEC9D70C1EC9E7011
:10EE9000D79E9F70D89EA070D99EA170DA9EA27056
:10EEA000DB9EA370DC9EA470DD9EA570DE9EA67026
:10EEB000DF9EA770E09EA870E19EA970E29EAA70F6
:10EEC000E39EAB70C5ECAC70E6BEAD70BFCCAE706F
:10EED000DAC5AF70BCBEB070E49EB170C6ECB27063
:10EEE000E59EB370FEB1B470E69EB570E79EB67055
:10EEF000E89EB770C4ECB870A8D5B970E3B5BA7025
:10EF0000E99EBB70C2ECBC70B6C1BD70E3B3BE700D
:10EF1000EA9EBF70EB9EC070C3ECC170B8CBC270EC
:10EF2000C3C0C370FECCC470EC9EC570ED9EC670AD
:10EF3000EE9EC770EF9EC870D2C1C970F09ECA70B5
:10EF4000C8ECCB70F19ECC70F29ECD70F39ECE706B
:10EF5000F49ECF70F59ED070F69ED170F79ED27061
:10EF6000F89ED370F99ED470FA9ED570FB9ED67031
:10EF7000FC9ED770FD9ED870E6BAD970D3C0DA7007
:10EF8000FE9EDB70F2D6DC70409FDD70419FDE702C
:10EF9000429FDF70CCD1E070439FE170449FE270EC
:10EFA000459FE370469FE470BEBFE570479FE670E3
:10EFB000B3B7E770D5C9E870C7ECE970E2BBEA7097
:10EFC000489FEB70CCCCEC70FDBDED70C8C8EE7006
:10EFD000499FEF70A9CFF0704A9FF1704B9FF2707C
:10EFE0004C9FF3704D9FF4704E9FF5704F9FF670DD
:10EFF000509FF770E9CDF870519FF970EBC5FA702A
:10F00000529FFB70539FFC70549FFD70E9B7FE70D8
:10F01000559FFF70569F0071579F0171589F027155
:10F02000599F03715A9F04715B9F05715C9F067124
:10F030005D9F07715E9F08715F9F0971C9D10A7159
:10F04000B8BA0B71609F0C71619F0D71629F0E7158
:10F05000639F0F71649F1071C9EC1171659F1271EC
:10F06000669F1371CAEC1471679F1571C0BB16714E
:10F07000CBEC1771689F1871E2EC1971BAB11A7173
:10F08000D9B71B71699F1C716A9F1D716B9F1E719F
:10F090006C9F1F716D9F20716E9F21716F9F2271F8
:10F0A000709F2371719F2471729F2571739F2671C8
:10F0B000B9BD2771749F2871759F2971769F2A7138
:10F0C000779F2B71789F2C71799F2D717A9F2E716C
:10F0D0007B9F2F71CCEC3071E6D13171CDEC327168
:10F0E0007C9F33717D9F34717E9F3571809F367117
:10F0F000BBC83771819F3871829F3971839F3A7184
:10F10000849F3B71859F3C71869F3D71879F3E71B7
:10F11000889F3F71899F40718A9F41718B9F427187
:10F120008C9F43718D9F44718E9F4571D1EC4671C8
:10F130008F9F4771909F4871919F4971929F4A712B
:10F14000D3EC4B71939F4C71CDBB4D71949F4E711D
:10F15000E5BC4F71959F5071969F5171979F527169
:10F16000989F5371999F54719A9F55719B9F5671A7
:10F170009C9F57719D9F58719E9F59719F9F5A7177
:10F18000A09F5B71A19F5C71CFEC5D71A29F5E71CE
:10F19000B7C95F71A39F6071A49F6171A59F6271E0
:10F1A000A69F6371A79F6471BAC36571A89F6671BA
:10F1B000E3EC6771D5D56871D0EC6971A99F6A716C
:10F1C000AA9F6B71AB9F6C71AC9F6D71AD9F6E719F
:10F1D000F3D66F71AE9F7071AF9F7171B09F7271F6
:10F1E000D2EC7371CEEC7471B19F7571B29F767170
:10F1F000B39F7771B49F7871D4EC7971B59F7A71B0
:10F20000D5EC7B71B69F7C71B79F7D71BFC97E7154
:10F21000B89F7F71B99F8071BA9F8171BB9F8271C6
:10F22000BC9F8371BD9F8471A8CF8571BE9F86717D
:10F23000BF9F8771C09F8871C19F8971C29F8A716A
:10F24000DCD08B71C39F8C71C49F8D71C59F8E71F3
:10F25000C69F8F71ACD19071C79F9171C89F9271F9
:10F26000C99F9371CA9F9471DBC89571CB9F9671AA
:10F27000CC9F9771CD9F9871D6EC9971F5CE9A710C
:10F28000CE9F9B71CF9F9C71D09F9D71D19F9E718E
:10F29000D29F9F71ECCAA071DAECA171D39FA271C9
:10F2A000D49FA371D59FA471D69FA571D79FA67136
:10F2B000D89FA771D99FA871D9ECA971DA9FAA71BB
:10F2C000DB9FAB71DC9FAC71BEB0AD71DD9FAE71E9
:10F2D000DE9FAF71DF9FB071E09FB171E19FB271AE
:10F2E000E29FB371D7ECB471E39FB571D8ECB671FE
:10F2F000E49FB771E59FB871E69FB971E4ECBA710C
:10F30000E79FBB71E89FBC71E99FBD71EA9FBE7129
:10F31000EB9FBF71EC9FC071ED9FC171EE9FC271F9
:10F32000EF9FC371BCC8C471F09FC571F19FC671D6
:10F33000F29FC771F39FC871F49FC971F59FCA719D
:10F34000F69FCB71F79FCC71F89FCD71F99FCE716D
:10F35000C7C1CF71FA9FD071FB9FD171FC9FD27151
:10F36000FD9FD371FE9FD471DCECD571E0D1D671D5
:10F3700040A0D77141A0D87142A0D97143A0DA71E1
:10F3800044A0DB7145A0DC7146A0DD7147A0DE71B1
:10F3900048A0DF7149A0E071DBECE1714AA0E271A5
:10F3A0004BA0E3714CA0E4714DA0E571EFD4E67180
:10F3B0004EA0E771DDECE8714FA0E97150A0EA7151
:10F3C00051A0EB7152A0EC7153A0ED7154A0EE71FD
:10F3D000C6DBEF7155A0F07156A0F17157A0F27124
:10F3E00058A0F37159A0F4715AA0F5715BA0F671A1
:10F3F0005CA0F7715DA0F8715EA0F971DEECFA71A6
:10F400005FA0FB7160A0FC7161A0FD7162A0FE7144
:10F4100063A0FF7164A0007265A0017266A0027211
:10F4200067A0037268A0047269A005726AA00672E0
:10F43000ACB107726BA008726CA009726DA00A7261
:10F440006EA00B726FA00C7270A00D7271A00E7284
:10F4500072A00F7273A0107274A0117275A0127254
:10F4600076A0137277A0147278A0157279A0167224
:10F470007AA017727BA018727CA019727DA01A72F4
:10F480007EA01B7280A01C7281A01D72DFEC1E7218
:10F4900082A01F7283A0207284A0217285A0227294
:10F4A00086A0237287A0247288A0257289A0267264
:10F4B0008AA027728BA02872E0EC29728CA02A7295
:10F4C000A6D72B728DA02C72C0C52D728EA02E7265
:10F4D0008FA02F7290A03072BCEB3172AEB032723E
:10F4E00091A0337292A0347293A03572F4BE36723A
:10F4F000B8B83772AFD23872D6B03972F9B53A723D
:10F5000094A03B72B3D83C7295A03D72ACCB3E72D6
:10F5100096A03F72DDE3407297A0417298A04272BC
:10F5200099A043729AA044729BA045729CA0467217
:10F530009DA04772ACC64872E6B049729EA04A725E
:10F540009FA04B72A0A04C72C6C54D72B9EB4E7213
:10F55000A1A04F72A2A05072A3A05172A4A0527297
:10F56000BAEB5372A5A05472A6A05572A7A056720A
:10F57000BBEB5772A8A05872A9A05972C0D15A7299
:10F58000AAA05B72A3C55C72ABA05D72F2EA5E7268
:10F59000ACA05F72B2C46072ADA06172B5C4627299
:10F5A000CEC06372AEA06472AFA06572B0A0667286
:10F5B000F3EA6772C1C46872B1A06972EFCE6A7271
:10F5C000B2A06B72B3A06C72B4A06D72B5A06E7273
:10F5D000F0EA6F72F4EA7072B6A07172B7A072723C
:10F5E000FCC97372B8A07472B9A07572A3C77672A1
:10F5F000BAA07772BBA07872BCA07972D8CC7A72AC
:10F60000FECE7B72BDA07C72BEA07D72BFA07E725A
:10F61000F5EA7F72F6EA8072ACCF8172E7C082723F
:10F62000C0A08372C1A08472F7EA8572C2A08672FC
:10F63000C3A08772C4A08872C5A08972C6A08A724E
:10F64000BFB68B72F8EA8C72C7A08D72F9EA8E721F
:10F65000C8A08F72FAEA9072C9A09172CAA0927281
:10F66000FBEA9372CBA09472CCA09572CDA0967257
:10F67000CEA09772CFA09872D0A09972D1A09A72A2
:10F68000D2A09B72D3A09C72D4A09D72D5A09E7272
:10F69000D6A09F72F1EAA072D7A0A172D8A0A272E0
:10F6A000D9A0A372DAA0A472DBA0A572DCA0A67216
:10F6B000DDA0A772DEA0A872DFA0A972E0A0AA72E6
:10F6C000E1A0AB72E2A0AC72AEC8AD72EBE1AE727B
:10F6D000E3A0AF72B8B7B072ECE1B172E4A0B2725D
:10F6E000E5A0B372E6A0B472EDE1B572E7A0B67220
:10F6F000B4D7B772EEE1B872EFE1B972CCD3BA7297
:10F70000E8A0BB72E9A0BC72EAA0BD72EBA0BE7219
:10F71000ECA0BF72EDA0C072EEA0C172F1E1C272A6
:10F72000F1BFC372F0E1C472D2B5C572EFA0C67268
:10F73000F0A0C772F1A0C872B7B1C972F2A0CA72C4
:10F74000F3A0CB72F4A0CC72F5A0CD72F3E1CE722F
:10F75000F2E1CF72F6A0D072FCBAD172F7A0D272E9
:10F76000F4E1D372F8A0D472F9A0D572FAA0D672DF
:10F77000FBA0D772B7B9D872FCA0D972D1BEDA7229
:10F78000FDA0DB72FEA0DC7240AADD7241AADE722F
:10F79000FCC4DF7242AAE072DDBAE172C6BDE27259
:10F7A00043AAE37244AAE47245AAE57246AAE67245
:10F7B00047AAE77248AAE872F5E1E972F7E1EA724E
:10F7C00049AAEB724AAAEC72C0B6ED72C1CFEE72D2
:10F7D000A8CAEF72F6E1F072F8D5F172FCD3F272BA
:10F7E000F8E1F372FCE1F472F9E1F5724BAAF672FA
:10F7F0004CAAF772FAE1F872EAC0F9724DAAFA72ED
:10F80000FEE1FB72A1E2FC72C7C0FD724EAAFE725D
:10F810004FAAFF7250AA007351AA0173FBE1027351
:10F8200052AA0373FDE1047353AA057354AA067325
:10F8300055AA077356AA087357AA097358AA0A73D8
:10F84000A5E20B7359AA0C735AAA0D735BAA0E7327
:10F85000D4C10F735CAA10735DAA11735EAA1273F0
:10F860005FAA1373A3E2147360AA1573A8E2167358
:10F87000FEB21773A2E2187361AA197362AA1A730F
:10F8800063AA1B73CDC31C73C2B21D73A7E21E73A0
:10F89000A6E21F7364AA207365AA2173A4E22273EF
:10F8A000A9E2237366AA247367AA2573ABE22673C1
:10F8B00068AA277369AA28736AAA2973C9D02A7308
:10F8C000EDD62B73A8C32C73ACE22D736BAA2E73E9
:10F8D000D7CF2F736CAA30736DAA3173AEE2327337
:10F8E0006EAA33736FAA3473EFBA357370AA367386
:10F8F00071AA3773E0E93873ADE23973AAE23A735B
:10F9000072AA3B7373AA3C7374AA3D7375AA3E73C3
:10F91000ABBB3F73B3D4407376AA417377AA4273EB
:10F9200078AA437379AA44737AAA45737BAA46736B
:10F930007CAA47737DAA48737EAA497380AA4A733A
:10F9400081AA4B7382AA4C7383AA4D73B0E24E73A3
:10F9500084AA4F7385AA5073AFE2517386AA52737B
:10F96000E1E9537387AA547388AA557389AA567319
:10F970008AAA5773B1E258738BAA59738CAA5A7327
:10F980008DAA5B738EAA5C738FAA5D7390AA5E7357
:10F9900091AA5F7392AA6073B2E2617393AA6273D1
:10F9A00094AA637395AA647396AA657397AA6673FB
:10F9B00098AA677399AA68739AAA69739BAA6A73CB
:10F9C0009CAA6B739DAA6C73B3E26D73A1CC6E732A
:10F9D0009EAA6F73B4E270739FAA7173A0AA727328
:10F9E00040AB737341AB747342AB757343AB7673C7
:10F9F00044AB777345AB787346AB797347AB7A7397
:10FA000048AB7B7349AB7C734AAB7D734BAB7E7366
:10FA1000B5E27F734CAB80734DAB81734EAB827399
:10FA20004FAB837350AB8473FED0857351AB867339
:10FA300052AB8773CAC2887353AB8973F1D38A738D
:10FA400054AB8B73F5CD8C7355AB8D7356AB8E73F6
:10FA5000E0E78F7357AB907358AB9173E1E7927304
:10FA600059AB93735AAB94735BAB95735CAB967362
:10FA7000C1BE97735DAB98735EAB99735FAB9A73BE
:10FA800060AB9B73EAC29C7361AB9D7362AB9E7368
:10FA900063AB9F73E4E7A07364ABA17365ABA27320
:10FAA000E3E7A37366ABA47367ABA57368ABA673F8
:10FAB00069ABA7736AABA8736BABA973E6CDAA73E6
:10FAC0006CABAB73B5C3AC736DABAD736EABAE73F8
:10FAD000E2E7AF73B7BBB073D6CFB1736FABB2739E
:10FAE000E1C1B373E9E7B47370ABB57371ABB673CF
:10FAF00072ABB773E8E7B87373ABB97374ABBA732F
:10FB0000F4E7BB73A3B2BC7375ABBD7376ABBE73C6
:10FB100077ABBF7378ABC073EAE7C17379ABC273DD
:10FB2000E6E7C3737AABC4737BABC5737CABC673B8
:10FB30007DABC7737EABC873ECE7C973EBE7CA73E1
:10FB4000BAC9CB7380ABCC7381ABCD73E4D5CE7324
:10FB500082ABCF73E5E7D073A9B7D173E7E7D27370
:10FB600083ABD37384ABD47385ABD57386ABD673B9
:10FB700087ABD77388ABD87389ABD973EEE7DA73E9
:10FB80008AABDB738BABDC738CABDD738DABDE735D
:10FB9000F3E7DF738EABE073E9D6E1738FABE2730B
:10FBA00090ABE37391ABE47392ABE573EDE7E6736F
:10FBB00093ABE773F2E7E87394ABE973F1E7EA73A9
:10FBC00095ABEB7396ABEC7397ABED73E0B0EE7364
:10FBD00098ABEF7399ABF0739AABF1739BABF27385
:10FBE000F5E7F3739CABF4739DABF5739EABF673C3
:10FBF0009FABF773A0ABF87340ACF97341ACFA73E9
:10FC000042ACFB7343ACFC7344ACFD7345ACFE7378
:10FC100046ACFF7347AC007448AC017449AC027445
:10FC20004AAC0374F2C704744BAC0574C5C00674C7
:10FC3000EDC007744CAC08744DAC0974F0C10A7483
:10FC4000F0E70B744EAC0C744FAC0D7450AC0E74EA
:10FC500051AC0F74F6E71074F6CB117452AC1274F9
:10FC600053AC137454AC147455AC157456AC167470
:10FC700057AC177458AC187459AC19745AAC1A7440
:10FC8000A2E81B74A1E81C745BAC1D745CAC1E7410
:10FC90005DAC1F745EAC20745FAC217460AC2274E8
:10FCA000C1D7237461AC247462AC2574FAE726745E
:10FCB000F9E7277463AC2874FBE7297464AC2A74F1
:10FCC000F7E72B7465AC2C74FEE72D7466AC2E74CC
:10FCD000FDE72F7467AC3074FCE7317468AC3274A4
:10FCE00069AC3374D5C13474D9C73574FDC5367465
:10FCF000C3C537746AAC38746BAC39746CAC3A7485
:10FD00006DAC3B746EAC3C74EDC73D746FAC3E742F
:10FD100070AC3F7471AC407472AC4174A3E842742F
:10FD200073AC437474AC447475AC457476AC46746F
:10FD300077AC477478AC487479AC49747AAC4A743F
:10FD40007BAC4B747CAC4C747DAC4D747EAC4E740F
:10FD500080AC4F7481AC507482AC517483AC5274DB
:10FD600084AC537485AC547486AC5574A6E8567450
:10FD700087AC5774A5E8587488AC5974A7E85A74CE
:10FD8000F7BA5B74F8E75C74A4E85D7489AC5E74E0
:10FD9000F0C85F74AAC960748AAC61748BAC627479
:10FDA0008CAC63748DAC64748EAC65748FAC66740B
:10FDB00090AC677491AC687492AC697493AC6A74DB
:10FDC00094AC6B7495AC6C7496AC6D74A9E86E745D
:10FDD00097AC6F7498AC7074E5B9717499AC727427
:10FDE0009AAC73749BAC74749CAC75749DAC767453
:10FDF000FED17774A8E878749EAC79749FAC7A745D
:10FE0000A0AC7B7440AD7C7441AD7D7442AD7E741A
:10FE1000AAE87F7443AD8074ADE88174AEE8827463
:10FE200044AD8374A7C1847445AD857446AD8674B2
:10FE300047AD8774AFE8887448AD897449AD8A745A
:10FE40004AAD8B74B0E88C744BAD8D744CAD8E7430
:10FE5000ACE88F744DAD9074B4E891744EAD92746B
:10FE60004FAD937450AD947451AD957452AD96747A
:10FE700053AD977454AD987455AD997456AD9A744A
:10FE800057AD9B7458AD9C74ABE89D7459AD9E748E
:10FE9000B1E89F745AADA0745BADA1745CADA2745F
:10FEA0005DADA3745EADA4745FADA57460ADA674C2
:10FEB00061ADA774B5E8A874B2E8A974B3E8AA74F0
:10FEC00062ADAB7463ADAC7464ADAD7465ADAE746E
:10FED00066ADAF7467ADB07468ADB17469ADB2743E
:10FEE0006AADB3746BADB4746CADB5746DADB6740E
:10FEF0006EADB7746FADB87470ADB97471ADBA74DE
:10FF0000B7E8BB7472ADBC7473ADBD7474ADBE7430
:10FF100075ADBF7476ADC07477ADC17478ADC27481
:10FF200079ADC3747AADC4747BADC5747CADC67451
:10FF30007DADC7747EADC87480ADC97481ADCA741F
:10FF400082ADCB7483ADCC7484ADCD7485ADCE74ED
:10FF500086ADCF7487ADD07488ADD17489ADD274BD
:10FF6000B6E8D3748AADD4748BADD5748CADD67429
:10FF70008DADD7748EADD8748FADD97490ADDA7461
:10FF800091ADDB7492ADDC74CFB9DD7493ADDE74EA
:10FF9000ACF0DF7494ADE074ADF0E17495ADE27453
:10FFA000B0C6E374EAB0E474BFC8E57496ADE67415
:10FFB000DFCDE77497ADE87498ADE97499ADEA7454
:10FFC0009AADEB749BADEC749CADED749DADEE748D
:10FFD000CDCEEF74B1EAF0749EADF1749FADF274C2
:10FFE000A0ADF37440AEF474B2EAF57441AEF674A9
:10FFF000BFC6F774C9B4F87442AEF97443AEFA746C
:020000040801F1
:1000000044AEFB7445AEFC7446AEFD7447AEFE7460
:1000100048AEFF74B3EA007549AE01754AAE027589
:100020004BAE03754CAE0475E7D505754DAE067540
:100030004EAE07754FAE087550AE097551AE0A75D4
:1000400052AE0B7553AE0C7554AE0D75F9DD0E75D1
:1000500055AE0F75B4EA107556AE1175B5EA127546
:1000600057AE1375B6EA147558AE157559AE1675B8
:100070005AAE17755BAE1875CAB81975B0DF1A7528
:10008000F5C91B755CAE1C75F0CC1D755DAE1E759B
:100090005EAE1F75FAC920755FAE217560AE227520
:1000A00061AE237562AE247563AE2575FBC92675F6
:1000B00064AE277565AE2875C3D32975A6CB2A759E
:1000C00066AE2B75A6B82C75AEF02D75C2B12E7527
:1000D00067AE2F75B8E53075EFCC3175C9D3327581
:1000E000D7BC3375EAC9347568AE3575E7B5367572
:1000F00069AE3775D0C43875E9B539756AAE3A75E9
:10010000AEEE3B75ADBB3C756BAE3D756CAE3E75F2
:10011000DEE73F756DAE4075AFEE41756EAE427570
:100120006FAE437570AE447571AE4575A9B3467533
:1001300072AE477573AE4875B2EE497574AE4A75C6
:1001400075AE4B75B1EE4C75E7BD4D7576AE4E751F
:10015000B0EE4F75B7CE507577AE517578AE52751B
:1001600079AE53757AAE5475CFC555757BAE56755D
:100170007CAE57757DAE58757EAE5975F4C15A7513
:10018000CEDB5B75B3EE5C75F3D05D7580AE5E75EE
:1001900081AE5F7582AE607583AE617584AE627547
:1001A00085AE637586AE647587AE6575D4C26675B7
:1001B000E8C6677588AE687589AE69758AAE6A7576
:1001C000ACB76B758BAE6C758CAE6D758DAE6E7598
:1001D0008EAE6F758FAE707590AE717591AE727593
:1001E000B4EE737592AE7475EBB3757593AE7675A8
:1001F00094AE777595AE7875FBBB7975B5EE7A756B
:1002000096AE7B7597AE7C7598AE7D7599AE7E7512
:100210009AAE7F75DCE780759BAE81759CAE82756A
:100220009DAE8375B6EE84759EAE85759FAE867560
:10023000AEBD8775A0AE887540AF897541AF8A7530
:1002400042AF8B75E2F18C7543AF8D7544AF8E75FF
:1002500045AF8F75E8CA907546AF9175C9D2927552
:10026000DAF0937547AF9475DBF0957548AF9675E6
:10027000DCF09775C6C1987549AF9975EDB89A7558
:10028000CEBE9B754AAF9C754BAF9D75DEF09E75DB
:100290004CAF9F75B1C5A075DDF0A175F1D1A27508
:1002A0004DAFA375E0F0A475CCB0A575EABDA675F9
:1002B0004EAFA7754FAFA87550AFA97551AFAA75CE
:1002C00052AFAB75DFD2AC75DFF0AD7553AFAE7525
:1002D000AFB4AF75E8B7B075E6F0B175E5F0B275DB
:1002E000A3C6B375E1F0B475E2F0B575C3B4B675E5
:1002F00054AFB77555AFB875E3F0B975EED5BA75AB
:1003000056AFBB7557AFBC75DBCCBD75D2BEBE75E5
:10031000B2BCBF7558AFC07559AFC1755AAFC27581
:10032000E8F0C375E7F0C475E4F0C575A1B2C67511
:100330005BAFC775A2D6C875B8D3C975B7BECA7545
:10034000ACC8CB755CAFCC755DAFCD75EAF0CE7542
:100350005EAFCF755FAFD07560AFD17561AFD2754D
:10036000F7D1D37562AFD475CCD6D575DBBAD67557
:10037000E9F0D77563AFD875BBB6D97564AFDA75D8
:1003800065AFDB75B4CDDC7566AFDD7567AFDE7567
:10039000A6C6DF7568AFE07569AFE1756AAFE27553
:1003A000A1C1E375EBF0E475EEF0E5756BAFE675B2
:1003B000EDF0E775F0F0E875ECF0E9756CAFEA7513
:1003C000BEBBEB75EFF0EC756DAFED756EAFEE7516
:1003D0006FAFEF7570AFF075B5CCF175F2F0F275E7
:1003E00071AFF37572AFF475D5B3F57573AFF6757C
:1003F00074AFF77575AFF87576AFF975D4B1FA7556
:1004000077AFFB7578AFFC75F3F0FD7579AFFE75CE
:100410007AAFFF75F4F00076F6F00176E1B402767B
:100420007BAF0376F1F004767CAF0576F7F00676C5
:100430007DAF07767EAF087680AF097681AF0A760A
:10044000FAF00B7682AF0C76F8F00D7683AF0E766D
:1004500084AF0F7685AF1076F5F0117686AF127601
:1004600087AF137688AF147689AF1576FDF01676D0
:100470008AAF1776F9F01876FCF01976FEF01A7646
:100480008BAF1B76A1F11C768CAF1D768DAF1E76DF
:100490008EAF1F76C1CE2076A4F121768FAF227663
:1004A000A3F1237690AF2476F6C12576FBF026766D
:1004B000DDCA277691AF287692AF2976F1B42A76F5
:1004C000F1B12B76B1CC2C7693AF2D76A6F12E76AA
:1004D00094AF2F7695AF3076A7F1317696AF32761E
:1004E00097AF3376ACF13476CED53576A9F1367642
:1004F00098AF377699AF3876B3C839769AAF3A76EF
:100500009BAF3B769CAF3C76A2F13D769DAF3E76AD
:10051000ABF13F76A8F14076A5F141769EAF4276E9
:100520009FAF4376AAF14476A0AF457640B04676B9
:1005300041B0477642B0487643B0497644B04A76F7
:1005400045B04B7646B04C76A9B04D76ADF14E76BF
:1005500047B04F7648B0507649B051764AB052769F
:100560004BB053764CB05476AFF155764DB05676CD
:10057000B1F157764EB058764FB0597650B05A76A2
:1005800051B05B7652B05C76B0F15D7653B05E767A
:10059000AEF15F7654B0607655B0617656B0627653
:1005A00057B06376A2D1647658B0657659B0667656
:1005B0005AB067765BB068765CB069765DB06A7693
:1005C0005EB06B76B2F16C765FB06D7660B06E76D1
:1005D00061B06F76B3F1707662B0717663B07276A7
:1005E00064B0737665B0747666B0757667B076760B
:1005F00068B0777669B07876EFB979766AB07A764E
:100600006BB07B76C7B57C766CB07D76D7B07E76E6
:10061000D9B07F766DB080766EB081766FB082761D
:10062000EDD4837670B08476C4B5857671B0867665
:10063000D4BD8776CABB8876A7F0897672B08A76F1
:1006400073B08B76DEB88C7674B08D7675B08E769E
:10065000A8F08F7676B0907677B09176A8B0927643
:1006600078B09376A9F0947679B095767AB096764C
:10067000EECD97767BB098767CB09976AAF09A7694
:100680007DB09B767EB09C7680B09D7681B09E7664
:1006900082B09F7683B0A07684B0A17685B0A27632
:1006A00086B0A37687B0A476ABF0A57688B0A676A0
:1006B00089B0A7768AB0A8768BB0A9768CB0AA76D6
:1006C0008DB0AB768EB0AC768FB0AD7690B0AE76A6
:1006D000A4C6AF7691B0B07692B0B176E5D6B276D8
:1006E000E4F1B37693B0B476E5F1B57694B0B6762E
:1006F00095B0B77696B0B87697B0B97698B0BA7626
:1007000099B0BB769AB0BC769BB0BD769CB0BE76F5
:100710009DB0BF76F3C3C0769EB0C1769FB0C2765F
:10072000DBD3C376A0B0C47640B1C576D1D6C67649
:10073000E8C5C77641B1C876AFD3C97642B1CA76AB
:10074000E6D2CB7643B1CC7644B1CD76C1EECE764F
:10075000BBB0CF76B5D5D076CED1D176E0BCD2764F
:10076000D0BAD37645B1D476F8BFD57646B1D67631
:10077000C7B8D776C1B5D876CCC5D97647B1DA76C1
:1007800048B1DB76A2CADC7649B1DD764AB1DE76C5
:100790004BB1DF76CBC3E0764CB1E1764DB1E2767A
:1007A0004EB1E3764FB1E47650B1E576C2EEE6762F
:1007B00051B1E77652B1E87653B1E97654B1EA76B1
:1007C00055B1EB7656B1EC7657B1ED7658B1EE7681
:1007D000BFC4EF76A2B6F07659B1F176ECEDF276C1
:1007E000A4C3F3765AB1F476B1D6F5765BB1F6765A
:1007F0005CB1F7765DB1F876E0CFF976EFEDFA7699
:100800005EB1FB765FB1FC76CEC5FD7660B1FE765B
:10081000DCB6FF7661B1007762B10177A1CA0277D9
:1008200063B1037764B10477EDED057765B10677C1
:1008300066B10777F0ED0877F1ED0977BCC30A7769
:1008400067B10B77B4BF0C7768B10D77EEED0E771B
:1008500069B10F776AB110776BB111776CB112770C
:100860006DB113776EB114776FB1157770B11677DC
:1008700071B1177772B1187773B11977F4ED1A77F0
:10088000F2ED1B7774B11C7775B11D7776B11E77C9
:1008900077B11F77E6D52077DFC3217778B122774C
:1008A000F3ED237779B124777AB125777BB1267779
:1008B000F6ED27777CB12877A3D52977A3D12A77BE
:1008C0007DB12B777EB12C7780B12D77F5ED2E772A
:1008D00081B12F77D0C3307782B1317783B132774E
:1008E00084B1337785B1347786B13577F7ED3677D4
:1008F000F4BF3777ECBE3877F8ED397787B13A77C0
:10090000F7CC3B7788B13C77DBD13D7789B13E7737
:100910008AB13F778BB14077C5D74177F6D542771B
:100920008CB14377FCED44778DB145778EB1467736
:100930008FB14777FBED487790B1497791B14A770E
:1009400092B14B7793B14C7794B14D7795B14E7787
:1009500096B14F7797B15077F9ED5177FAED52771D
:1009600098B1537799B154779AB155779BB156772F
:100970009CB157779DB158779EB159779FB15A77FF
:10098000FDED5B77A6BE5C77A0B15D7740B25E7788
:1009900041B25F7742B2607743B26177AFCB6277A3
:1009A000A1EE6377BDB6647744B26577A2EE667751
:1009B000C0C4677745B26877FEED697746B26A775B
:1009C00047B26B77DEBD6C77C7B26D7748B26E7792
:1009D00049B26F774AB270774BB271774CB2727787
:1009E0004DB273774EB274774FB2757750B2767757
:1009F00051B2777752B2787753B27977C3B67A77B4
:100A000054B27B7755B27C7756B27D77A5EE7E7770
:100A1000BAD87F77A3EE8077A6EE817757B2827738
:100A200058B2837759B28477E9C38577F2B3867772
:100A30005AB287775BB288775CB289775DB28A7782
:100A40005EB28B775FB28C77A7EE8D77A4EE8E7750
:100A5000B9CF8F7760B2907761B29177A8EE927735
:100A6000F7C2937762B2947763B2957764B2967760
:100A700065B2977766B2987767B2997768B29A77D6
:100A800069B29B776AB29C776BB29D776CB29E77A6
:100A90006DB29F77A9EEA077AAEEA1776EB2A2778A
:100AA000ABDEA3776FB2A47770B2A577B3C6A67793
:100AB00071B2A777C6C7A87772B2A977F5D6AA7719
:100AC000C9B5AB7773B2AC77B2CBAD7774B2AE7752
:100AD00075B2AF7776B2B077ABEEB17777B2B27767
:100AE00078B2B377ABCDB47779B2B577ACEEB677F1
:100AF0007AB2B7777BB2B8777CB2B9777DB2BA7782
:100B00007EB2BB77B0D5BC7780B2BD77ADEEBE7795
:100B100081B2BF77C4F6C07782B2C17783B2C277A1
:100B200084B2C37785B2C47786B2C57787B2C677F9
:100B300088B2C77789B2C8778AB2C9778BB2CA77C9
:100B40008CB2CB778DB2CC778EB2CD77C7DBCE7738
:100B50008FB2CF7790B2D07791B2D17792B2D2776D
:100B600093B2D37794B2D47795B2D57796B2D6773D
:100B700097B2D777A3B4D87798B2D97799B2DA7702
:100B80009AB2DB77ACC3DC77E6F1DD779BB2DE7738
:100B90009CB2DF779DB2E0779EB2E1779FB2E277B9
:100BA000B8CAE377D3D2E477A0B2E577AAD6E677DE
:100BB00040B3E777F2EFE87741B3E977D8BEEA7759
:100BC00042B3EB77C3BDEC77F3EFED77CCB6EE77BE
:100BD000ABB0EF7743B3F07744B3F17745B3F27737
:100BE00046B3F377AFCAF47747B3F57748B3F677F0
:100BF000B6EDF77749B3F877B7EDF9774AB3FA77F7
:100C00004BB3FB774CB3FC774DB3FD77F9CEFE7752
:100C1000AFB7FF77F3BF0078B8ED0178EBC2027889
:100C2000B0C903784EB304784FB3057850B3067853
:100C300051B3077852B3087853B30978B9ED0A78FD
:100C400054B30B7855B30C78F6C60D78B3BF0E7855
:100C500056B30F7857B3107858B31178BCED1278AB
:100C6000F8C5137859B31478D0D115785AB31678DB
:100C7000A9D71778BAED1878BBED19785BB31A7855
:100C8000E2D11B785CB31C78BFED1D78C0ED1E78F7
:100C90005DB31F78C4ED20785EB321785FB322780E
:100CA00060B32378C8ED247861B32578C6ED267843
:100CB000CEED2778E8D5287862B32978C9ED2A786F
:100CC00063B32B7864B32C78C7ED2D78BEED2E7806
:100CD00065B32F7866B33078E9C5317867B3327879
:100CE00068B3337869B33478C6C635786AB3367872
:100CF0006BB33778E9C93878D2D43978C1ED3A780E
:100D0000C2ED3B78C3ED3C78C5ED3D786CB33E78E1
:100D1000F9C03F786DB34078A1B441786EB34278A2
:100D20006FB3437870B3447871B34578E8B94678C7
:100D300072B34778D0ED487873B3497874B34A7882
:100D400075B34B7876B34C78D1ED4D7877B34E7858
:100D5000CAED4F7878B35078CFED517879B35278A7
:100D6000F8CE53787AB354787BB35578B6CB5678AF
:100D7000CCED5778CDED58787CB359787DB35A785F
:100D80007EB35B7880B35C7881B35D78F5CF5E78B5
:100D900082B35F7883B3607884B3617885B3627817
:100DA00086B3637887B3647888B3657889B36678E7
:100DB0008AB367788BB368788CB369788DB36A78B7
:100DC000D2ED6B78F2C16C78B2D36D78CBED6E78E2
:100DD000B7C86F788EB370788FB3717890B372782C
:100DE00091B3737892B3747893B3757894B376783B
:100DF00095B37778EFBC787896B3797897B37A78AB
:100E000098B37B7899B37C78F0C57D789AB37E7877
:100E10009BB37F789CB380789DB381789EB38278B2
:100E20009FB38378A0B3847840B4857841B4867842
:100E300042B48778D6ED887843B48978EFB58A785C
:100E400044B48B7845B48C78B5C28D78ADB08E78CB
:100E5000E9CB8F7846B4907847B49178AEB1927868
:100E600048B49378D4ED947849B495784AB4967898
:100E70004BB49778EBCD9878E2B599784CB49A78E2
:100E8000D5ED9B78D3ED9C78D7ED9D784DB49E78C9
:100E90004EB49F78FAB5A0784FB4A178D8EDA27877
:100EA00050B4A378D9EDA47851B4A578DCEDA67838
:100EB00052B4A778CCB1A87853B4A97854B4AA781E
:100EC00055B4AB7856B4AC7857B4AD7858B4AE7866
:100ED00059B4AF785AB4B078F6C5B178EEBCB278F0
:100EE000DAEDB378BCCCB478EAB2B5785BB4B67856
:100EF0005CB4B7785DB4B8785EB4B978DBEDBA7835
:100F00005FB4BB7860B4BC7861B4BD7862B4BE78BD
:100F1000EBC4BF7863B4C07864B4C178C5B4C27898
:100F200065B4C37866B4C47867B4C578F5B0C678DC
:100F300068B4C77869B4C8786AB4C978DFEDCA788C
:100F4000DAC0CB78E8B4CC786BB4CD786CB4CE781A
:100F50006DB4CF786EB4D078CDC5D1786FB4D27877
:100F600070B4D37871B4D478DDEDD578C4BFD678B9
:100F700072B4D77873B4D87874B4D978DEEDDA78EF
:100F800075B4DB7876B4DC7877B4DD7878B4DE7865
:100F900079B4DF787AB4E0787BB4E1787CB4E27835
:100FA0007DB4E3787EB4E47880B4E57881B4E67803
:100FB00082B4E77883B4E878A5C4E97884B4EA78A1
:100FC00085B4EB7886B4EC78E0EDED7887B4EE7814
:100FD00088B4EF7889B4F0788AB4F1788BB4F27879
:100FE000E1EDF3788CB4F478E3EDF5788DB4F67830
:100FF0008EB4F778D7C1F8788FB4F97890B4FA78CE
:10100000C7BBFB7891B4FC7892B4FD7893B4FE78BA
:1010100094B4FF7895B4007996B40179B8BD02799B
:1010200097B4037998B4047999B40579E2ED067917
:101030009AB407799BB408799CB409799DB40A796C
:101040009EB40B799FB40C79A0B40D7940B50E799C
:1010500041B50F7942B5107943B5117944B512798C
:1010600045B51379E4ED147946B5157947B5167988
:1010700048B5177949B518794AB519794BB51A7930
:101080004CB51B794DB51C794EB51D794FB51E7900
:10109000E6ED1F7950B5207951B5217952B5227905
:1010A00053B5237954B52479E5ED257955B52679DD
:1010B00056B5277957B5287958B5297959B52A7978
:1010C0005AB52B795BB52C795CB52D795DB52E7948
:1010D0005EB52F795FB5307960B5317961B5327918
:1010E00062B5337963B53479E7ED357964B536792E
:1010F00065B5377966B5387967B5397968B53A79BC
:10110000BECA3B79EAEC3C79F1C03D7969B53E79DC
:10111000E7C93F796AB54079EBEC4179EEC642798F
:101120006BB543796CB544796DB545796EB5467943
:10113000ECEC47796FB54879EDC64979EDEC4A7921
:1011400070B54B7971B54C7972B54D7973B54E79EF
:1011500074B54F7975B5507976B5517977B55279BF
:1011600078B55379F0EC547979B555797AB55679E3
:10117000E6D75779F3EC58797BB559797CB55A792C
:10118000F1EC5B79EEEC5C79EFEC5D79A3D75E79FD
:10119000F1C95F79EECB6079F4EC61797DB5627964
:1011A000F2EC63797EB5647980B56579E9CF6679CB
:1011B00081B56779F6EC6879B1C6697982B56A79E3
:1011C00083B56B7984B56C7985B56D79C0BC6E7962
:1011D00086B56F79F5EC707987B5717988B57279D4
:1011E00089B573798AB574798BB575798CB576794B
:1011F0008DB57779BBB57879F6BB79798EB57A7983
:10120000F7EC7B798FB57C7990B57D7991B57E7956
:1012100092B57F7993B58079F7D98179FBBD8279D1
:1012200094B5837995B58479BBC28579F8EC8679D4
:1012300096B5877997B5887998B5897999B58A7976
:10124000F9EC8B799AB58C799BB58D799CB58E79B3
:101250009DB58F79A3B890799EB591799FB5927914
:10126000A0B5937940B6947941B6957942B696790E
:1012700043B6977944B6987945B6997946B69A793E
:10128000FAEC9B7947B69C7948B69D7949B69E7928
:101290004AB69F794BB6A0794CB6A1794DB6A279E2
:1012A0004EB6A3794FB6A47950B6A57951B6A679B2
:1012B00052B6A779FBECA87953B6A97954B6AA79A6
:1012C00055B6AB7956B6AC7957B6AD7958B6AE7956
:1012D00059B6AF795AB6B0795BB6B1795CB6B27926
:1012E0005DB6B379FCECB4795EB6B5795FB6B67924
:1012F00060B6B77961B6B87962B6B979EDD3BA7923
:10130000AED8BB79EBC0BC7963B6BD79DDC7BE7919
:10131000CCBABF7964B6C079E3D0C179BDCBC2790C
:1013200065B6C379BACDC47966B6C57967B6C679EC
:10133000D1B8C77968B6C87969B6C979FCB1CA7934
:101340006AB6CB79EFC7CC796BB6CD79D6D6CE79E4
:101350006CB6CF796DB6D0796EB6D179C6BFD27979
:10136000EBC3D3796FB6D47970B6D579F5EFD6796A
:1013700071B6D77972B6D879D8C3D97973B6DA7914
:1013800074B6DB7975B6DC7976B6DD7977B6DE7959
:1013900078B6DF79E2D7E07979B6E1797AB6E279A1
:1013A0007BB6E379F7EFE479D3B3E5797CB6E679F8
:1013B000D8C7E779EDD1E8797DB6E979C8D6EA7979
:1013C0007EB6EB79F8EFEC7980B6ED79F6EFEE7951
:1013D00081B6EF79FDBBF079C6B3F17982B6F279C7
:1013E00083B6F37984B6F47985B6F57986B6F6795D
:1013F00087B6F77988B6F879D5BDF97989B6FA79DB
:101400008AB6FB79C6D2FC798BB6FD79E0BBFE7952
:101410008CB6FF798DB6007AA1CF017A8EB6027AAA
:10142000FCEF037AFBEF047A8FB6057A90B6067A62
:10143000F9EF077A91B6087A92B6097A93B60A7AE2
:1014400094B60B7ACCB30C7A95B60D7AD4C90E7AD1
:10145000B0CB0F7A96B6107A97B6117A98B6127A00
:1014600099B6137A9AB6147AFEEF157A9BB6167A65
:101470009CB6177ADEB0187A9DB6197A9EB61A7A9B
:10148000C9D61B7A9FB61C7AA0B61D7A40B71E7AC1
:10149000FDEF1F7A41B7207AEDB3217A42B7227A65
:1014A00043B7237AD5F6247A44B7257A45B7267A06
:1014B00046B7277A47B7287A48B7297A49B72A7AA8
:1014C0004AB72B7A4BB72C7A4CB72D7A4DB72E7A78
:1014D0004EB72F7A4FB7307A50B7317A51B7327A48
:1014E00052B7337AC8CE347A53B7357A54B7367A8E
:1014F00055B7377AA2F0387A56B7397AA1F03A7AE6
:1015000057B73B7ABEB53C7ADABC3D7AFCBB3E7A33
:1015100058B73F7AE5B8407A59B7417A5AB7427A14
:101520005BB7437A5CB7447A5DB7457A5EB7467A73
:10153000C2C4477A5FB7487A60B7497A61B74A7AD6
:1015400062B74B7A63B74C7A64B74D7A65B74E7A17
:1015500066B74F7A67B7507A68B7517AA3F0527A74
:1015600069B7537A6AB7547A6BB7557A6CB7567ABB
:101570006DB7577AEBCB587A6EB7597A6FB75A7AFC
:1015800070B75B7A71B75C7A72B75D7A73B75E7A5F
:1015900074B75F7A75B7607A76B7617A77B7627A2F
:1015A00078B7637A79B7647A7AB7657A7BB7667AFF
:1015B0007CB7677A7DB7687A7EB7697A80B76A7ACE
:1015C00081B76B7A82B76C7A83B76D7A84B76E7A9B
:1015D00085B76F7A86B7707AA6F0717A87B7727A14
:1015E00088B7737A89B7747AA8D1757A8AB7767A08
:1015F000BFBE777AEEC7787AB6F1797AB7F17A7AA0
:10160000D5BF7B7A8BB77C7A8CB77D7A8DB77E7AA3
:101610008EB77F7AA9B4807AB8F1817ABBCD827A0D
:101620008FB7837AD4C7847AADD5857A90B7867A16
:10163000B9F1877A91B7887ABAF1897A92B78A7ABA
:1016400093B78B7A94B78C7A95B78D7ACFC78E7A09
:1016500096B78F7A97B7907A98B7917AA4D2927A00
:10166000CFD6937A99B7947A9AB7957ABBF1967A4E
:10167000D1BD977AB0B4987ABDBE997A9BB79A7A61
:101680009CB79B7A9DB79C7ADCB49D7AD1CE9E7A2A
:101690009EB79F7ADFBFA07ABDF1A17A9FB7A27AE9
:1016A000A0B7A37A40B8A47A41B8A57AFABFA67ABF
:1016B000BCF1A77A42B8A87ABFF1A97A43B8AA7A4E
:1016C00044B8AB7A45B8AC7ABEF1AD7AC0F1AE7A27
:1016D00046B8AF7A47B8B07A48B8B17A49B8B27A62
:1016E0004AB8B37AC1F1B47A4BB8B57A4CB8B67A85
:1016F0004DB8B77A4EB8B87A4FB8B97A50B8BA7A06
:1017000051B8BB7A52B8BC7A53B8BD7A54B8BE7AD5
:1017100055B8BF7AFEC1C07A56B8C17A57B8C27AF6
:1017200058B8C37A59B8C47A5AB8C57A5BB8C67A79
:101730005CB8C77A5DB8C87A5EB8C97A5FB8CA7A49
:1017400060B8CB7AA2C1CC7A61B8CD7A62B8CE7AD1
:1017500063B8CF7A64B8D07A65B8D17A66B8D27AED
:1017600067B8D37A68B8D47A69B8D57A6AB8D67ABD
:10177000FACAD77A6BB8D87A6CB8D97ABED5DA7A81
:101780006DB8DB7A6EB8DC7A6FB8DD7A70B8DE7A65
:10179000BABEDF7AB9BEE07AC2D5E17A71B8E27A30
:1017A00072B8E37AA2BFE47A73B8E57AAFCDE67A8D
:1017B000B5F1E77A74B8E87A75B8E97A76B8EA7A72
:1017C00077B8EB7A78B8EC7A79B8ED7ADFBDEE7A53
:1017D0007AB8EF7ACBB6F07A7BB8F17A7CB8F27A45
:1017E0007DB8F37A7EB8F47A80B8F57A81B8F67A63
:1017F00082B8F77A83B8F87A84B8F97AF1D6FA7AA7
:10180000C3F3FB7A85B8FC7A86B8FD7AC4F3FE7A16
:1018100087B8FF7ACDB8007B88B8017B89B8027B96
:101820008AB8037BC6F3047BC7F3057B8BB8067BC2
:10183000CAB0077B8CB8087BC5F3097B8DB80A7BDF
:10184000C9F30B7BF1CB0C7B8EB80D7B8FB80E7B75
:1018500090B80F7BCBF3107B91B8117BA6D0127B95
:1018600092B8137B93B8147BCAB1157BC8F3167B6F
:1018700094B8177B95B8187B96B8197BCFF31A7B71
:1018800097B81B7BD1B51C7B98B81D7B99B81E7B84
:10189000D7F31F7B9AB8207BD2F3217B9BB8227BA6
:1018A0009CB8237B9DB8247BD4F3257BD3F3267B84
:1018B000FBB7277B9EB8287BBFB1297B9FB82A7BCB
:1018C000CEF32B7BCAF32C7BDAB52D7BA0B82E7B15
:1018D000D0F32F7B40B9307B41B9317BD1F3327BE0
:1018E00042B9337BD5F3347B43B9357B44B9367B7E
:1018F00045B9377B46B9387BCDF3397B47B93A7B5D
:10190000E3BC3B7B48B93C7BFDC13D7B49B93E7B99
:10191000D6F33F7B4AB9407B4BB9417B4CB9427B04
:101920004DB9437B4EB9447B4FB9457BDAF3467BD7
:1019300050B9477BCCF3487B51B9497BC8B54A7B4A
:1019400052B94B7BEEBD4C7BDCF34D7B53B94E7BE8
:1019500054B94F7BA4B7507BF0BF517BFED6527B6E
:10196000B2CD537B55B9547BF0B4557B56B9567BF9
:10197000DFB2577B57B9587BD8F3597B58B95A7B9C
:10198000D9F35B7BB8C95C7B59B95D7BDDF35E7BCA
:101990005AB95F7B5BB9607BDEF3617B5CB9627BCC
:1019A000E1F3637B5DB9647B5EB9657B5FB9667BA0
:1019B00060B9677B61B9687B62B9697B63B96A7B2F
:1019C00064B96B7B65B96C7B66B96D7B67B96E7BFF
:1019D000DFF36F7B68B9707B69B9717BE3F3727B6E
:1019E000E2F3737B6AB9747B6BB9757BDBF3767B4F
:1019F0006CB9777BEABF787B6DB9797BEFB37A7B83
:101A00006EB97B7BE0F37C7B6FB97D7B70B97E7BAD
:101A1000A9C77F7B71B9807BF2BC817B72B9827B65
:101A200073B9837B74B9847B75B9857BEBF3867B53
:101A300076B9877B77B9887B78B9897B79B98A7BD6
:101A40007AB98B7B7BB98C7B7CB98D7BBFB98E7B64
:101A50007DB98F7B7EB9907BE4F3917B80B9927BDB
:101A600081B9937B82B9947BADB2957BFEBB967BAB
:101A700083B9977BE3CB987B84B9997B85B99A7BB3
:101A800086B99B7B87B99C7BEDF39D7BE9F39E7BBD
:101A900088B99F7B89B9A07B8AB9A17BDCB9A27B7D
:101AA000EEF3A37B8BB9A47B8CB9A57B8DB9A67B08
:101AB000E5F3A77BE6F3A87BEAF3A97BE1C2AA7B67
:101AC000ECF3AB7BEFF3AC7BE8F3AD7BFDBCAE7B23
:101AD0008EB9AF7B8FB9B07B90B9B17BE4CFB27BCD
:101AE00091B9B37B92B9B47BF0F3B57B93B9B67B74
:101AF00094B9B77B95B9B87BE7F3B97B96B9BA7B54
:101B000097B9BB7B98B9BC7B99B9BD7B9AB9BE7BB1
:101B10009BB9BF7B9CB9C07B9DB9C17BF2F3C27BF3
:101B20009EB9C37B9FB9C47BA0B9C57B40BAC67BB5
:101B3000ADD7C77BAAC6C87B41BAC97B42BACA7BAC
:101B400043BACB7B44BACC7BF3F3CD7B45BACE7B97
:101B500046BACF7B47BAD07B48BAD17BF1F3D27B70
:101B600049BAD37BA8C2D47B4ABAD57B4BBAD67BC1
:101B70004CBAD77B4DBAD87B4EBAD97BDDB8DA7B6D
:101B8000F5F3DB7B4FBADC7B50BADD7BF4F3DE7B15
:101B900051BADF7B52BAE07B53BAE17BDBB4E27B24
:101BA00054BAE37B55BAE47B56BAE57BF6F3E67BA1
:101BB000F7F3E77B57BAE87B58BAE97B59BAEA7B77
:101BC000F8F3EB7B5ABAEC7B5BBAED7B5CBAEE7B4D
:101BD000BAC0EF7B5DBAF07B5EBAF17BE9C0F27B05
:101BE0005FBAF37B60BAF47B61BAF57B62BAF67BCD
:101BF00063BAF77BF1C5F87B64BAF97B65BAFA7B07
:101C000066BAFB7B67BAFC7BFBF3FD7B68BAFE7BA5
:101C1000FAF3FF7B69BA007C6ABA017C6BBA027C7A
:101C20006CBA037C6DBA047C6EBA057C6FBA067C14
:101C300070BA077CD8B4087C71BA097C72BA0A7C85
:101C400073BA0B7CFEF30C7CF9F30D7C74BA0E7C3A
:101C500075BA0F7CFCF3107C76BA117C77BA127CD3
:101C600078BA137C79BA147C7ABA157C7BBA167C64
:101C7000FDF3177C7CBA187C7DBA197C7EBA1A7C7D
:101C800080BA1B7C81BA1C7C82BA1D7C83BA1E7C04
:101C900084BA1F7CA1F4207C85BA217C86BA227C80
:101CA00087BA237C88BA247C89BA257C8ABA267CA8
:101CB000A3F4277CC9BB287C8BBA297C8CBA2A7CEC
:101CC000A2F42B7C8DBA2C7C8EBA2D7C8FBA2E7C04
:101CD00090BA2F7C91BA307C92BA317C93BA327C24
:101CE00094BA337C95BA347C96BA357C97BA367CF4
:101CF00098BA377C99BA387CA4F4397C9ABA3A7C81
:101D00009BBA3B7C9CBA3C7C9DBA3D7C9EBA3E7C97
:101D10009FBA3F7CBEB2407CA6F4417CA5F4427CD5
:101D2000A0BA437C40BB447C41BB457C42BB467C63
:101D300043BB477C44BB487C45BB497C46BB4A7C93
:101D400047BB4B7C48BB4C7C49BB4D7CAEBC4E7CFE
:101D50004ABB4F7C4BBB507C4CBB517C4DBB527C37
:101D60004EBB537C4FBB547C50BB557C51BB567C07
:101D700052BB577C53BB587C54BB597C55BB5A7CD7
:101D800056BB5B7C57BB5C7C58BB5D7C59BB5E7CA7
:101D90005ABB5F7C5BBB607C5CBB617C5DBB627C77
:101DA0005EBB637C5FBB647C60BB657C61BB667C47
:101DB00062BB677C63BB687C64BB697C65BB6A7C17
:101DC00066BB6B7C67BB6C7C68BB6D7C69BB6E7CE7
:101DD0006ABB6F7C6BBB707C6CBB717C6DBB727CB7
:101DE0006EBB737CD7C3747CE1D9757C6FBB767C8A
:101DF00070BB777C71BB787C72BB797C73BB7A7C5F
:101E000074BB7B7CE0C07C7CCCF47D7CD1D77E7CB9
:101E100075BB7F7C76BB807C77BB817C78BB827C0A
:101E200079BB837C7ABB847C7BBB857C7CBB867CDA
:101E30007DBB877C7EBB887C80BB897CDBB78A7C52
:101E400081BB8B7C82BB8C7C83BB8D7C84BB8E7C7A
:101E500085BB8F7C86BB907C87BB917CCEF4927CCB
:101E6000A3C1937C88BB947C89BB957CC9C6967CB6
:101E70008ABB977CD6B4987CB3D5997C8BBB9A7C73
:101E80008CBB9B7C8DBB9C7CD0F49D7CCFF49E7CDA
:101E9000D1F49F7CDACBA07C8EBBA17C8FBBA27CD3
:101EA000D2F4A37C90BBA47CC1D4A57CE0D6A67C54
:101EB00091BBA77C92BBA87C93BBA97C94BBAA7C5A
:101EC000E0B7AB7C95BBAC7C96BBAD7C97BBAE7CE6
:101ED000B8C1AF7C98BBB07C99BBB17CBBC1B27CB4
:101EE000D3F4B37CACBEB47C9ABBB57C9BBBB67C54
:101EF0009CBBB77C9DBBB87C9EBBB97CE2B4BA7C72
:101F00009FBBBB7CA0BBBC7CD4F4BD7CD5F4BE7CA9
:101F1000ABBEBF7C40BCC07C41BCC17CD6F4C27CA3
:101F200042BCC37C43BCC47C44BCC57CDBF4C67CE3
:101F300045BCC77CD7F4C87CDAF4C97C46BCCA7CF3
:101F4000FDBACB7C47BCCC7CD8F4CD7CD9F4CE7C1C
:101F500048BCCF7C49BCD07C4ABCD17C4BBCD27C39
:101F60004CBCD37C4DBCD47C4EBCD57CE2B8D67C7A
:101F7000C7CCD77CDCF4D87C4FBCD97CDAB2DA7C15
:101F800050BCDB7C51BCDC7CD3C3DD7C52BCDE7C32
:101F900053BCDF7CE3D4E07CB7BFE17C54BCE27C83
:101FA00055BCE37C56BCE47C57BCE57C58BCE67C65
:101FB00059BCE77C5ABCE87CDDF4E97C5BBCEA7C7C
:101FC0005CBCEB7C5DBCEC7C5EBCED7C5FBCEE7C09
:101FD00060BCEF7CB4C5F07C61BCF17C62BCF27C7F
:101FE00063BCF37C64BCF47C65BCF57C66BCF67CAD
:101FF00067BCF77C68BCF87CE9F4F97C69BCFA7CC6
:102000006ABCFB7CB5CFFC7C6BBCFD7C6CBCFE7CF5
:102010006DBCFF7C6EBC007D6FBC017D70BC027D21
:1020200071BC037D72BC047D73BC057D74BC067DF0
:1020300075BC077D76BC087D77BC097D78BC0A7DC0
:10204000C9CE0B7D79BC0C7D7ABC0D7D7BBC0E7D31
:102050007CBC0F7D7DBC107D7EBC117D80BC127D63
:1020600081BC137D82BC147D83BC157D84BC167D30
:1020700085BC177D86BC187D87BC197D88BC1A7D00
:1020800089BC1B7D8ABC1C7D8BBC1D7D8CBC1E7DD0
:102090008DBC1F7D8EBC207DD8CB217D8FBC227D49
:1020A000F7CB237D90BC247D91BC257D92BC267D01
:1020B00093BC277DF4BD287D94BC297D95BC2A7DE9
:1020C00096BC2B7DCFD72C7D97BC2D7D98BC2E7DCB
:1020D00099BC2F7DDBC0307D9ABC317D9BBC327DAD
:1020E0009CBC337D9DBC347D9EBC357D9FBC367DC4
:1020F000A0BC377D40BD387D41BD397D42BD3A7DB4
:1021000043BD3B7D44BD3C7D45BD3D7D46BD3E7DE3
:1021100047BD3F7D48BD407D49BD417D4ABD427DB3
:102120004BBD437D4CBD447D4DBD457D4EBD467D83
:102130004FBD477D50BD487D51BD497D52BD4A7D53
:1021400053BD4B7D54BD4C7D55BD4D7D56BD4E7D23
:1021500057BD4F7D58BD507D59BD517D5ABD527DF3
:102160005BBD537D5CBD547D5DBD557D5EBD567DC3
:102170005FBD577D60BD587D61BD597D62BD5A7D93
:1021800063BD5B7D64BD5C7D65BD5D7D66BD5E7D63
:1021900067BD5F7D68BD607D69BD617D6ABD627D33
:1021A0006BBD637D6CBD647D6DBD657D6EBD667D03
:1021B0006FBD677D70BD687D71BD697D72BD6A7DD3
:1021C00073BD6B7D74BD6C7D75BD6D7D76BD6E7DA3
:1021D000F5D06F7D77BD707D78BD717D79BD727DE5
:1021E0007ABD737D7BBD747D7CBD757D7DBD767D47
:1021F0007EBD777DEAF4787D80BD797D81BD7A7D75
:1022000082BD7B7D83BD7C7D84BD7D7D85BD7E7DE6
:1022100086BD7F7D87BD807D88BD817D89BD827DB6
:102220008ABD837D8BBD847D8CBD857D8DBD867D86
:102230008EBD877D8FBD887D90BD897D91BD8A7D56
:1022400092BD8B7D93BD8C7D94BD8D7D95BD8E7D26
:1022500096BD8F7D97BD907D98BD917D99BD927DF6
:102260009ABD937D9BBD947D9CBD957D9DBD967DC6
:102270009EBD977D9FBD987DA0BD997D40BE9A7DF6
:1022800041BE9B7D42BE9C7D43BE9D7D44BE9E7DE6
:1022900045BE9F7D46BEA07D47BEA17D48BEA27DB6
:1022A00049BEA37D4ABEA47D4BBEA57D4CBEA67D86
:1022B000EBF4A77D4DBEA87D4EBEA97D4FBEAA7D85
:1022C00050BEAB7D51BEAC7D52BEAD7D53BEAE7D2A
:1022D000ECF4AF7D54BEB07D55BEB17D56BEB27D2F
:1022E00057BEB37D58BEB47D59BEB57D5ABEB67DCE
:1022F0005BBEB77D5CBEB87D5DBEB97D5EBEBA7D9E
:102300005FBEBB7D60BEBC7D61BEBD7D62BEBE7D6D
:1023100063BEBF7D64BEC07D65BEC17D66BEC27D3D
:1023200067BEC37D68BEC47D69BEC57D6ABEC67D0D
:102330006BBEC77D6CBEC87D6DBEC97D6EBECA7DDD
:102340006FBECB7D70BECC7D71BECD7D72BECE7DAD
:1023500073BECF7D74BED07D75BED17D76BED27D7D
:1023600077BED37D78BED47D79BED57D7ABED67D4D
:102370007BBED77D7CBED87D7DBED97D7EBEDA7D1D
:1023800080BEDB7D81BEDC7D82BEDD7D83BEDE7DE9
:1023900084BEDF7D85BEE07D86BEE17D87BEE27DB9
:1023A00088BEE37D89BEE47D8ABEE57D8BBEE67D89
:1023B0008CBEE77D8DBEE87D8EBEE97D8FBEEA7D59
:1023C00090BEEB7D91BEEC7D92BEED7D93BEEE7D29
:1023D00094BEEF7D95BEF07D96BEF17D97BEF27DF9
:1023E00098BEF37D99BEF47D9ABEF57D9BBEF67DC9
:1023F0009CBEF77D9DBEF87D9EBEF97D9FBEFA7D99
:10240000A0BEFB7D40BFFC7D41BFFD7D42BFFE7D88
:1024100043BFFF7D44BF007E45BF017E46BF027EB5
:1024200047BF037E48BF047E49BF057E4ABF067E84
:102430004BBF077E4CBF087E4DBF097E4EBF0A7E54
:102440004FBF0B7E50BF0C7E51BF0D7E52BF0E7E24
:1024500053BF0F7E54BF107E55BF117E56BF127EF4
:1024600057BF137E58BF147E59BF157E5ABF167EC4
:102470005BBF177E5CBF187E5DBF197E5EBF1A7E94
:102480005FBF1B7E60BF1C7E61BF1D7E62BF1E7E64
:1024900063BF1F7E64BF207E65BF217E66BF227E34
:1024A00067BF237E68BF247E69BF257E6ABF267E04
:1024B0006BBF277E6CBF287E6DBF297E6EBF2A7ED4
:1024C0006FBF2B7E70BF2C7E71BF2D7E72BF2E7EA4
:1024D00073BF2F7E74BF307E75BF317E76BF327E74
:1024E00077BF337E78BF347E79BF357E7ABF367E44
:1024F0007BBF377E7CBF387E7DBF397E7EBF3A7E14
:1025000080BF3B7EE3F73C7E81BF3D7E82BF3E7E47
:1025100083BF3F7E84BF407E85BF417EB1B7427E90
:1025200086BF437E87BF447E88BF457E89BF467E87
:102530008ABF477EEDF4487E8BBF497E8CBF4A7EC2
:102540008DBF4B7E8EBF4C7E8FBF4D7E90BF4E7E2B
:1025500091BF4F7E92BF507E93BF517E94BF527EFB
:1025600095BF537E96BF547E97BF557E98BF567ECB
:1025700099BF577E9ABF587E9BBF597E9CBF5A7E9B
:102580009DBF5B7E9EBF5C7E9FBF5D7EA0BF5E7E6B
:1025900040C05F7E41C0607E42C0617E43C0627EBB
:1025A00044C0637E45C0647E46C0657E47C0667E8B
:1025B00048C0677E49C0687E4AC0697E4BC06A7E5B
:1025C0004CC06B7E4DC06C7E4EC06D7E4FC06E7E2B
:1025D00050C06F7E51C0707E52C0717E53C0727EFB
:1025E00054C0737E55C0747E56C0757E57C0767ECB
:1025F00058C0777E59C0787E5AC0797E5BC07A7E9B
:102600005CC07B7E5DC07C7E5EC07D7E5FC07E7E6A
:1026100060C07F7E61C0807E62C0817E63C0827E3A
:10262000EBD7837E64C0847E65C0857E66C0867E6F
:1026300067C0877E68C0887E69C0897E6AC08A7EDE
:102640006BC08B7E6CC08C7E6DC08D7E6EC08E7EAE
:102650006FC08F7E70C0907E71C0917E72C0927E7E
:1026600073C0937E74C0947E75C0957E76C0967E4E
:1026700077C0977E78C0987E79C0997E7AC09A7E1E
:102680007BC09B7EEEF49C7E7CC09D7E7DC09E7E4A
:102690007EC09F7EF9E6A07EC0BEA17EFAE6A27E45
:1026A000ECBAA37EFBE6A47ECBCFA57EFCE6A67E9D
:1026B000BCD4A77EB6BCA87EFDE6A97EFEE6AA7EB7
:1026C000CDBCAB7ED2C8AC7EB3CEAD7EA1E7AE7E34
:1026D00080C0AF7EBFB4B07EA2E7B17EB4C9B27E87
:1026E000D9B8B37EC9C4B47E81C0B57EDDD7B67E0D
:1026F000DAC2B77ED7B7B87EBDD6B97EC6CEBA7EAF
:10270000C4B7BB7E82C0BC7E83C0BD7EA6C5BE7E74
:10271000A3E7BF7EDFCFC07EA4E7C17EA5E7C27E70
:10272000A6E7C37EB7C1C47EE9D7C57EF0C9C67E21
:10273000B8CFC77EAFD6C87ED5D6C97EA7E7CA7E3A
:10274000EDB0CB7EA8E7CC7EA9E7CD7EDCC9CE7EFE
:10275000EFD2CF7EADBED07EAAE7D17EF3B0D27EDF
:10276000DEC8D37EE1BDD47EABE7D57EC6C8D67EBB
:1027700084C0D77EACE7D87EE6BBD97EF8B8DA7ED7
:10278000A4D1DB7EADE7DC7EE7C2DD7EF8BEDE7E77
:10279000CABDDF7EB3CDE07EAEE7E17EAFE7E27E8D
:1027A000EEBEE37EE5D0E47E85C0E57EE7CBE67E47
:1027B000D0CCE77ECCBCE87EB0E7E97EA8BCEA7E60
:1027C000F7D0EB7EB1E7EC7E86C0ED7EF8D0EE7EF2
:1027D000B2E7EF7EB3E7F07EC2B4F17EB4E7F27EFB
:1027E000B5E7F37EFEC9F47EACCEF57EE0C3F67E9F
:1027F000B7E7F77EC1B1F87EF1B3F97E87C0FA7E04
:10280000B8E7FB7EB9E7FC7EDBD7FD7EC0D5FE7E58
:10281000BAE7FF7ECCC2007FBAD7017FBBE7027F59
:10282000BCE7037FBDE7047FEABC057FE5C3067F05
:10283000C2C0077FBEE7087FBFE7097FA9BC0A7F48
:1028400088C00B7FC0E70C7FC1E70D7FB6E70E7F26
:10285000D0B60F7FC2E7107F89C0117FC3E7127F18
:10286000C4E7137FBABB147FDEB5157FC6C2167FDF
:10287000E0B1177FC5E7187FB5D4197FC6E71A7F87
:10288000BFB81B7FC8E71C7FC7E71D7FECB71E7F63
:102890008AC01F7FC9E7207FF8B2217FCAE7227F65
:1028A000CBE7237FCCE7247FCDE7257FCEE7267FCC
:1028B000CFE7277FD0E7287FA7D3297FF5CB2A7FD3
:1028C000D1E72B7FD2E72C7FD3E72D7FD4E72E7F74
:1028D000C9C92F7FD5E7307FD6E7317FD7E7327F71
:1028E000D8E7337FD9E7347FC9BD357FDAE7367F54
:1028F000BEF3377F8BC0387FD7B8397F8CC03A7F23
:10290000B1C83B7F8DC03C7F8EC03D7F8FC03E7F76
:1029100090C03F7F91C0407F92C0417F93C0427F73
:10292000BFF3437F94C0447FC0F3457FC1F3467F2C
:1029300095C0477F96C0487F97C0497F98C04A7F1F
:1029400099C04B7F9AC04C7F9BC04D7F9CC04E7FEF
:102950009DC04F7F9EC0507FDEB9517FF8CD527F22
:102960009FC0537FA0C0547FE8D8557FB1BA567F2F
:1029700040C1577FDEC2587FB7EE597F41C15A7FB1
:10298000A3B75B7F42C15C7F43C15D7F44C15E7F73
:1029900045C15F7FB9EE607F46C1617FB8EE627F5F
:1029A000D5B0637F47C1647F48C1657F49C1667FF9
:1029B0004AC1677F4BC1687FBBEE697FD6D56A7F0E
:1029C000EFD76B7F4CC16C7F4DC16D7F4EC16E7F69
:1029D000C3D66F7F4FC1707F50C1717FBDEE727FD4
:1029E000F0CA737F51C1747FBCEE757F52C1767F90
:1029F00053C1777F54C1787F55C1797FBEEE7A7F0E
:102A000056C17B7F57C17C7F58C17D7F59C17E7F76
:102A1000C0EE7F7F5AC1807F5BC1817FBFEE827F26
:102A20005CC1837F5DC1847F5EC1857F5FC1867F1E
:102A300060C1877F61C1887F62C1897F63C18A7FEE
:102A4000F2D18B7F64C18C7FBCC78D7F65C18E7FC7
:102A5000C0C38F7F66C1907F67C1917F68C1927F3D
:102A600069C1937F6AC1947FE1B8957F6BC1967FFE
:102A70006CC1977F6DC1987F6EC1997F6FC19A7F3E
:102A8000E7C19B7F70C19C7F71C19D7FC6F49E7F13
:102A9000DFD09F7FC7F4A07F72C1A17FDBCFA27F71
:102AA00073C1A37F74C1A47FBAC8A57F75C1A67F77
:102AB00076C1A77FC8F4A87F77C1A97F78C1AA7F14
:102AC00079C1AB7F7AC1AC7F7BC1AD7F7CC1AE7F6A
:102AD0007DC1AF7FC9F4B07FCAF4B17F7EC1B27F40
:102AE000CBF4B37F80C1B47F81C1B57F82C1B67F93
:102AF00083C1B77F84C1B87FFAD9B97FFEB8BA7FE6
:102B000085C1BB7F86C1BC7FF1E5BD7FF0D3BE7FB1
:102B100087C1BF7FE0F4C07F88C1C17FCCCEC27FB8
:102B200089C1C37F8AC1C47F8BC1C57FE1B3C67F22
:102B30008CC1C77F8DC1C87F8EC1C97F8FC1CA7F3D
:102B4000B4F1CB7F90C1CC7FEED2CD7F91C1CE7F4F
:102B5000E1F4CF7F92C1D07F93C1D17F94C1D27F66
:102B600095C1D37F96C1D47FE8CFD57FE2F4D67FDD
:102B700097C1D77F98C1D87FCCC7D97F99C1DA7F59
:102B80009AC1DB7F9BC1DC7F9CC1DD7F9DC1DE7F65
:102B90009EC1DF7FD4B5E07FE4B4E17FE4F4E27F5F
:102BA0009FC1E37FA0C1E47F40C2E57FE3F4E67FFD
:102BB000E5F4E77F41C2E87F42C2E97FE6F4EA7FBD
:102BC00043C2EB7F44C2EC7F45C2ED7F46C2EE7F3D
:102BD000E7F4EF7F47C2F07FB2BAF17FBFB0F27F78
:102BE00048C2F37FE8F4F47F49C2F57F4AC2F67F1A
:102BF0004BC2F77F4CC2F87F4DC2F97F4EC2FA7FBD
:102C00004FC2FB7FADB7FC7FEDD2FD7F50C2FE7F90
:102C100051C2FF7F52C20080ABD20180CFC0028080
:102C200053C20380BCBF0480A3EB0580DFD50680C0
:102C3000C8EA078054C2088055C2098056C20A807B
:102C400057C20B80F3F10C80F8B60D80A3CB0E8039
:102C500058C20F8059C21080CDC411805AC2128050
:102C6000E7F113805BC21480E8F11580FBB8168091
:102C7000E9F11780C4BA1880C5D41980D2B01A807F
:102C80005CC21B805DC21C80EAF11D805EC21E809A
:102C90005FC21F8060C22080EBF1218061C2228070
:102CA000ECF1238062C2248063C22580EDF126808E
:102CB000EEF12780EFF12880F1F12980F0F12A80F0
:102CC000D5C52B8064C22C8065C22D8066C22E8043
:102CD00067C22F8068C2308069C23180F2F13280D1
:102CE0006AC23380FAB634806BC23580F4F1368024
:102CF000AED23780C7DE3880CACB39806CC23A800A
:102D00006DC23B80DCB33C806EC23D80A2B53E808C
:102D10006FC23F80A2B9408070C2418071C24280C0
:102D2000F4C44380F5F1448072C2458073C246808A
:102D3000F6F1478074C2488075C2498076C24A80E5
:102D4000C4C14B80FBC14C80B0D64D80F7F14E80A2
:102D500077C24F8078C2508079C251807AC2528047
:102D6000F8F153807BC25480AAC155807CC2568042
:102D70007DC257807EC25880B8C6598080C25A80B2
:102D8000DBBE5B8081C25C8082C25D8083C25E806C
:102D900084C25F8085C2608086C2618087C2628093
:102DA00088C2638089C264808AC265808BC2668063
:102DB0008CC267808DC268808EC26980F9F16A809A
:102DC000CFB46B808FC26C8090C26D8091C26E80D8
:102DD00092C26F8093C2708094C27180FAF1728047
:102DE00095C2738096C2748097C2758098C27680AF
:102DF00099C277809AC278809BC279809CC27A807F
:102E00009DC27B809EC27C809FC27D80A0C27E804E
:102E100040C37F80B2ED8080B1ED818041C382806C
:102E200042C38380E0CB8480DED2858043C386802A
:102E3000C1CB8780D8D5888044C38980E2C88A8086
:102E400045C38B80DFC08C80A1BC8D8046C38E8043
:102E500047C38F8048C3908049C391804AC3928002
:102E60004BC39380C1EB94804CC395804DC3968037
:102E7000A4D097804EC39880E2D699804FC39A80A1
:102E8000C7B69B80D8B89C80C0EB9D80CEB89E8092
:102E900050C39F80BFEBA080A6B3A180C9B9A28018
:102EA000ABD6A38051C3A480F4B7A580CAB7A680CF
:102EB00052C3A78053C3A88054C3A980E7BCAA808B
:102EC000BEB7AB80C6EBAC8055C3AD80C7EBAE8060
:102ED000B9B0AF80CFBFB08056C3B180C5EBB28070
:102EE000FDD3B38057C3B480C8EBB58058C3B68058
:102EF00059C3B780C9EBB8805AC3B9805BC3BA80E5
:102F0000CEB7BB805CC3BC80C2EBBD80C4EBBE80CF
:102F1000F6C9BF80D7D6C080CDD5C180B2D0C2801F
:102F2000CFEBC380B8CEC480D0EBC5805DC3C68074
:102F3000A8B5C7805EC3C8805FC3C98060C3CA80AC
:102F400061C3CB8062C3CC80B3B1CD80D2EBCE80E5
:102F5000A5CCCF8063C3D08064C3D18065C3D28049
:102F600066C3D38067C3D48068C3D58069C3D68065
:102F7000D6C5D780D3EBD8806AC3D980D1EBDA80AD
:102F8000DFC5DB80CEEBDC80A4CADD80D5EBDE8044
:102F9000FBB0DF806BC3E0806CC3E180FABAE280F3
:102FA0006DC3E3806EC3E480B7D8E580E3F1E680CB
:102FB0006FC3E780CAEBE880CBEBE980CCEBEA801B
:102FC000CDEBEB80D6EBEC80C0E6ED80D9EBEE806C
:102FD00070C3EF80E8BFF080C8D2F180D7EBF280F9
:102FE000DCEBF380ECB8F480D8EBF58071C3F680AD
:102FF000BABDF78072C3F880D8D0F98073C3FA8065
:10300000B7B0FB8074C3FC80DDEBFD80DCC4FE80C8
:1030100075C3FF8076C3008177C3018178C30281C5
:10302000ACD6038179C304817AC305817BC3068151
:10303000E0B407817CC308817DC30981F6C20A819F
:10304000B9BC0B817EC30C8180C30D81DAEB0E818C
:10305000DBEB0F81E0D41081EAC61181D4C4128168
:10306000DFEB1381A7C51481F5D9158181C31681C2
:10307000B1B2178182C31881E4EB198183C31A812D
:10308000C5BD1B8184C31C8185C31D8186C31E8170
:10309000E2EB1F8187C3208188C3218189C32281FC
:1030A0008AC323818BC324818CC325818DC3268150
:1030B0008EC327818FC3288190C3298191C32A8120
:1030C00092C32B8193C32C81E3EB2D8194C32E817A
:1030D00095C32F81ACB8308196C33181D1CD328177
:1030E000E5EB338197C3348198C3358199C3368129
:1030F000E1EB37819AC33881B3C139819BC33A81EF
:103100009CC33B819DC33C819EC33D819FC33E8147
:10311000A2C63F81A0C3408140C4418141C44281D5
:1031200042C4438143C4448144C4458145C446816B
:10313000F3CC478146C44881E6EB498147C44A81C4
:10314000B0C04B81B8D24C81E7EB4D8148C44E8171
:1031500049C44F814AC45081AFB85181ADB8528142
:103160004BC45381E8EB5481BBC75581F3CD5681E5
:103170004CC457814DC458814EC45981EAEB5A81E1
:10318000EBEB5B814FC45C8150C45D8151C45E81B7
:1031900052C45F8153C46081EDEB618154C462818C
:1031A00055C4638156C4648157C46581C8D06681A3
:1031B00058C46781F2EB688159C46981EEEB6A817A
:1031C0005AC46B815BC46C815CC46D81F1EB6E8110
:1031D000F9C86F815DC47081FCD17181ECEB7281A3
:1031E0005EC473815FC47481E9EB758160C47681CC
:1031F00061C4778162C4788163C47981B9B87A8106
:10320000D9CF7B81E5C47C81EFEB7D81F0EB7E81C2
:10321000DACC7F81C8CD8081F2B0818164C48281A3
:10322000F6EB838165C4848166C4858167C4868129
:1032300068C4878169C48881F5EB89816AC48A8101
:10324000B2B28B816BC48C816CC48D816DC48E8154
:103250006EC48F81E0B890816FC49181F7EB928149
:1032600070C4938171C4948172C4958173C4968132
:1032700074C4978175C49881ECB1998176C49A81A0
:1032800077C49B81C5CC9C81A4C49D81A5CF9E8120
:1032900078C49F8179C4A0817AC4A1817BC4A281B2
:1032A0007CC4A381F9EBA4817DC4A5817EC4A681E1
:1032B000A2ECA78180C4A881F2C5A98181C4AA819A
:1032C000FAEBAB8182C4AC8183C4AD8184C4AE818E
:1032D00085C4AF8186C4B08187C4B18188C4B281FE
:1032E00089C4B381C5C9B4818AC4B5818BC4B68190
:1032F0008CC4B7818DC4B8818EC4B9818FC4BA81A2
:10330000DFE2BB81FEEBBC8190C4BD8191C4BE8174
:1033100092C4BF8193C4C081CECDC181A1ECC281D2
:10332000DBB1C381B7D3C48194C4C58195C4C681C0
:10333000DCD2C78196C4C88197C4C98198C4CA81A8
:10334000FDEBCB8199C4CC81FBEBCD819AC4CE81BE
:103350009BC4CF819CC4D0819DC4D1819EC4D281A5
:103360009FC4D381A0C4D48140C5D58141C5D68135
:1033700042C5D78143C5D88144C5D98145C5DA81C5
:1033800046C5DB8147C5DC8148C5DD8149C5DE8195
:103390004AC5DF814BC5E0814CC5E1814DC5E28165
:1033A0004EC5E381BCB3E4814FC5E58150C5E681DC
:1033B00051C5E781B0EAE88152C5E98153C5EA8188
:1033C000D4D7EB8154C5EC81ABF4ED81F4B3EE813D
:1033D00055C5EF8156C5F08157C5F18158C5F281B9
:1033E00059C5F381C1D6F481C2D6F5815AC5F6819B
:1033F0005BC5F7815CC5F8815DC5F9815EC5FA8161
:103400005FC5FB81E9D5FC81CABEFD8160C5FE8137
:10341000A7F4FF8161C50082A8D20182A8F40282CC
:10342000A9F4038262C50482AAF40582CBBE068297
:10343000DFD3078263C5088264C5098265C50A8235
:1034400066C50B8267C50C82E0C90D82E1C90E8298
:1034500068C50F8269C51082C2F311826AC51282E3
:10346000E6CA13826BC51482F2CC15826CC5168233
:103470006DC517826EC518826FC5198270C51A8214
:1034800071C51B82B6E21C82B4CB1D8272C51E823E
:10349000E8CE1F82DBD6208273C52182ADF4228262
:1034A000AEF42382AFF4248274C5258275C52682CA
:1034B00076C5278277C52882B2F4298278C52A8208
:1034C000BDBA2B82B3F42C82E3B02D82B0F42E82ED
:1034D00079C52F82B1F43082A2BD3182D5B2328259
:1034E0007AC53382B6F43482B7F43582E6B63682D2
:1034F000B0B23782CFCF3882B4F43982ACB43A82DA
:103500007BC53B82B5F43C827CC53D827DC53E8255
:10351000B8F43F827EC5408280C5418281C5428227
:1035200082C5438283C54482B9F4458284C54682FC
:1035300085C54782A7CD488286C54982BAF44A82AA
:1035400087C54B82BBF44C8288C54D8289C54E82AB
:103550008AC54F82BCF450828BC551828CC5528281
:103560008DC553828EC554828FC5558290C55682B3
:1035700091C5578292C55882D2CB598293C55A823F
:10358000BDF45B8294C55C8295C55D8296C55E8202
:1035900097C55F82BEF4608298C5618299C56282D8
:1035A0009AC563829BC564829CC565829DC56682FF
:1035B0009EC567829FC56882BFF46982A0C56A8282
:1035C00040C66B8241C66C8242C66D8243C66E8223
:1035D000DEF46F82BCC17082E8BC718244C6728224
:1035E000ABC97382DED17482F5E5758245C67682F9
:1035F00046C6778247C6788248C67982B3DC7A822B
:10360000D5D27B8249C67C824AC67D82B4DC7E826A
:10361000ACB07F82B5DC80824BC681824CC6828290
:10362000DABD83824DC68482B9DC85824EC686822D
:103630004FC6878250C68882C2D8898251C68A8284
:10364000B7DC8B82F3D38C8252C68D82D6C98E8230
:10365000BADC8F82B6DC908253C69182BBDC928248
:10366000A2C3938254C6948255C6958256C696824A
:1036700057C69782BCDC9882C5DC9982BDDC9A82F1
:1036800058C69B8259C69C82DFCE9D82A5D69E825B
:103690005AC69F82CFDCA0825BC6A182CDDCA2820B
:1036A0005CC6A3825DC6A482D2DCA582E6BDA682EA
:1036B000ABC2A7825EC6A882B8DCA982CBDCAA8294
:1036C000CEDCAB82BEDCAC82D2B7AD82C5B0AE82FE
:1036D000C7DCAF82BED0B082C1DCB182A8BBB282EF
:1036E0005FC6B382BCB7B482CCDCB58260C6B6829A
:1036F00061C6B782C6DCB882BFDCB982DBC7BA82DA
:1037000062C6BB8263C6BC8264C6BD82BFD1BE82B4
:10371000C0DCBF8265C6C08266C6C182CADCC28206
:1037200067C6C38268C6C482D0DCC58269C6C68249
:103730006AC6C782ADCEC882C2DCC9826BC6CA82E5
:10374000C3DCCB82C8DCCC82C9DCCD82D4B2CE82D1
:10375000D1DCCF82D5CBD0826CC6D182B7D4D28215
:10376000DBDCD382DFDCD482A6CCD582E6DCD68259
:103770006DC6D782E7C3D882DCDCD9826EC6DA8216
:103780006FC6DB82C1BFDC82D9DCDD8270C6DE821F
:10379000FAB0DF82B6B9E082E5DCE182D3DCE28216
:1037A00071C6E382C4DCE482D6DCE582F4C8E6823A
:1037B000E0BFE78272C6E88273C6E98274C6EA8215
:1037C00075C6EB82BBC9EC8276C6ED8277C6EE8207
:1037D00078C6EF82BDB1F08279C6F182A2D3F282BF
:1037E0007AC6F3827BC6F482DADCF5827CC6F68286
:1037F0007DC6F782D5DCF8827EC6F982BBC6FA8226
:1038000080C6FB82DEDCFC8281C6FD8282C6FE822F
:1038100083C6FF8284C6008385C60183C2D7028324
:10382000AFC30383B6B70483D1C70583A9C3068397
:10383000E2DC0783D8DC0883EBDC0983D4DC0A8371
:1038400086C60B8387C60C83DDDC0D8388C60E839A
:10385000A5BE0F83D7DC108389C61183E0DC1283F9
:103860008AC613838BC61483E3DC1583E4DC1683DA
:103870008CC61783F8DC18838DC619838EC61A830D
:10388000E1DC1B83A2DD1C83E7DC1D838FC61E8366
:1038900090C61F8391C6208392C6218393C622833C
:1038A00094C6238395C6248396C6258397C626830C
:1038B00098C62783EBBC2883C4B4298399C62A837E
:1038C0009AC62B83A3C32C83E7B22D83FADC2E8305
:1038D0009BC62F83F2DC30839CC63183EFDC3283BE
:1038E0009DC63383FCDC3483EEDC3583F0D2368333
:1038F000E8B237839EC63883D7C83983E3C83A8392
:10390000FBDC3B839FC63C83EDDC3D83A0C63E834E
:1039100040C73F8341C74083F7DC418342C74283AE
:1039200043C74383F5DC448344C7458345C7468387
:10393000A3BE4783F4DC488346C74983DDB24A838C
:1039400047C74B8348C74C8349C74D834AC74E83FB
:103950004BC74F83F3DC5083F6BC5183E8DC5283C2
:10396000C4BB53834CC75483F3C055834DC75683A0
:103970004EC757834FC7588350C7598351C75A837F
:10398000D4BC5B83E9DC5C83EADC5D8352C75E8385
:10399000F1DC5F83F6DC6083F9DC6183B4B56283BC
:1039A00053C76383D9C86483E7BB6583FEDC668342
:1039B000FDDC6783ABD36883A1DD6983A3DD6A8304
:1039C000A5DD6B83F1D26C83A4DD6D83A6DD6E83F0
:1039D000A7DD6F83A9D2708354C7718355C77283E3
:1039E00056C7738357C7748358C7758359C776837F
:1039F0005AC77783C9BA7883A9DD79835BC77A838D
:103A00005CC77B83B6DD7C83B1DD7D83B4DD7E83E3
:103A10005DC77F835EC780835FC7818360C7828302
:103A200061C7838362C7848363C78583B0DD868370
:103A3000CEC6878364C7888365C78983F2C08A83BB
:103A400066C78B8367C78C8368C78D8369C78E837E
:103A5000AFC98F836AC790836BC791836CC792830A
:103A6000ECDC9383AEDD94836DC795836EC796833C
:103A70006FC7978370C79883B7DD998371C79A839F
:103A800072C79B83F0DC9C83AFDD9D8373C79E83ED
:103A9000B8DD9F8374C7A083ACDDA18375C7A28303
:103AA00076C7A38377C7A48378C7A58379C7A6837E
:103AB0007AC7A7837BC7A883B9DDA983B3DDAA83AF
:103AC000ADDDAB83AAC4AC837CC7AD837DC7AE83B9
:103AD0007EC7AF8380C7B083A8DDB183B3C0B28394
:103AE000ABC1B383AADDB483ABDDB58381C7B68335
:103AF000B2DDB783F1BBB883B5DDB983A8D3BA8390
:103B0000BADDBB8382C7BC83BBDDBD83A7C3BE83D5
:103B100083C7BF8384C7C083D2DDC183BCDDC283BA
:103B200085C7C38386C7C48387C7C583D1DDC683E2
:103B300088C7C783BDB9C88389C7C9838AC7CA83F1
:103B4000D5BECB838BC7CC83FABECD838CC7CE8347
:103B50008DC7CF83CABAD0838EC7D1838FC7D28394
:103B600090C7D38391C7D483CADDD58392C7D68348
:103B7000C5DDD78393C7D883BFDDD98394C7DA83E4
:103B800095C7DB8396C7DC83CBB2DD83C3DDDE83E1
:103B900097C7DF83CBDDE083A4B2E183D5DDE28389
:103BA00098C7E38399C7E4839AC7E583BEDDE683BC
:103BB0009BC7E7839CC7E8839DC7E983D0C6EA8398
:103BC000D0DDEB839EC7EC839FC7ED83A0C7EE8358
:103BD00040C8EF8341C8F083D4DDF183E2C1F283B2
:103BE000C6B7F38342C8F48343C8F58344C8F68359
:103BF00045C8F78346C8F883CEDDF983CFDDFA8365
:103C000047C8FB8348C8FC8349C8FD83C4DDFE83E5
:103C10004AC8FF834BC800844CC80184BDDD0284C0
:103C20004DC80384CDDD0484D1CC05844EC8068400
:103C3000C9DD07844FC8088450C8098451C80A8464
:103C400052C80B84C2DD0C84C8C30D84BCC60E846C
:103C5000AECE0F84CCDD108453C81184C8DD12842D
:103C600054C8138455C8148456C8158457C816847C
:103C700058C8178459C81884C1DD19845AC81A84D1
:103C80005BC81B845CC81C84C6DD1D84DCC21E842A
:103C90005DC81F845EC820845FC8218460C82284F8
:103CA00061C8238462C82484A9D32584AAD3268426
:103CB000D3DD2784F4CF2884F8C8298463C82A84F4
:103CC00064C82B8465C82C8466C82D8467C82E847C
:103CD00068C82F8469C830846AC83184E6DD3284BC
:103CE0006BC833846CC834846DC835846EC8368420
:103CF0006FC8378470C83884C7DD398471C83A8486
:103D000072C83B8473C83C84E0DD3D84E4C23E84D9
:103D100074C83F8475C8408476C8418477C842849B
:103D200078C8438479C844847AC845847BC846846B
:103D3000E1DD47847CC848847DC849847EC84A84C4
:103D400080C84B8481C84C8482C84D8483C84E840B
:103D500084C84F8485C8508486C85184D7DD528476
:103D600087C8538488C8548489C855848AC85684AF
:103D70008BC85784F8D658848CC85984D9DD5A84A6
:103D8000D8DD5B84F0B85C84D6DD5D848DC85E844C
:103D90008EC85F848FC8608490C86184CFC66284F7
:103DA00091C86384ADB6648492C8658493C8668400
:103DB00094C8678495C8688496C86984E2DD6A847B
:103DC00097C86B84F9BA6C84E1D46D84E7DD6E84A6
:103DD00098C86F8499C870849AC87184D0B472846A
:103DE0009BC87384DADD74849CC87584FBBF7684B9
:103DF000E3DD77849DC87884DFDD79849EC87A848A
:103E0000DDDD7B849FC87C84A0C87D8440C97E841E
:103E100041C97F8442C9808443C9818444C9828462
:103E2000D9B5838445C9848446C9858447C98684B5
:103E300048C98784DBDD8884DCDD8984DEDD8A8413
:103E400049C98B84AFBD8C84E4DD8D844AC98E84DE
:103E5000E5DD8F844BC990844CC991844DC992840F
:103E60004EC993844FC9948450C9958451C996848E
:103E700052C99784F5DD988453C99984C9C39A843B
:103E800054C99B8455C99C84E2CB9D8456C99E84A9
:103E900057C99F8458C9A08459C9A184F2DDA2845E
:103EA0005AC9A3845BC9A4845CC9A5845DC9A684DE
:103EB0005EC9A7845FC9A88460C9A98461C9AA84AE
:103EC00062C9AB8463C9AC8464C9AD8465C9AE847E
:103ED00066C9AF84E1D8B08467C9B18468C9B284C7
:103EE000D1C6B38469C9B484F4DDB5846AC9B68423
:103EF0006BC9B7846CC9B884F4D5B984F3DDBA84CE
:103F0000F0DDBB846DC9BC846EC9BD84ECDDBE84AC
:103F10006FC9BF84EFDDC08470C9C184E8DDC2848D
:103F200071C9C38472C9C484EED0C58473C9C68400
:103F300074C9C78475C9C88476C9C984D8C8CA84F5
:103F4000EEDDCB8477C9CC8478C9CD84E9DDCE841D
:103F500079C9CF847AC9D084EADDD184F2CBD28406
:103F60007BC9D384EDDDD4847CC9D5847DC9D68456
:103F7000CDB1D7847EC9D88480C9D98481C9DA8477
:103F800082C9DB8483C9DC8484C9DD84B6C0DE8455
:103F900085C9DF84BBBCE084F1DDE18486C9E284AD
:103FA00087C9E384F7DDE48488C9E584F6DDE68427
:103FB000EBDDE78489C9E8848AC9E9848BC9EA848E
:103FC0008CC9EB848DC9EC84EEC5ED848EC9EE847A
:103FD0008FC9EF8490C9F084FBDDF18491C9F2842C
:103FE00092C9F38493C9F48494C9F58495C9F6847D
:103FF00096C9F78497C9F88498C9F98499C9FA844D
:104000009AC9FB849BC9FC84A4DEFD849CC9FE8400
:104010009DC9FF84A3DE00859EC901859FC90285D5
:10402000A0C9038540CA048541CA058542CA0685E0
:1040300043CA078544CA088545CA098546CA0A8510
:1040400047CA0B8548CA0C85F8DD0D8549CA0E851F
:104050004ACA0F854BCA10854CCA1185EFC3128519
:104060004DCA1385FBC214854ECA15854FCA1685E5
:1040700050CA1785E1D5188551CA198552CA1A85C3
:10408000B5CE1B8553CA1C8554CA1D8555CA1E85CD
:1040900056CA1F85FDDD208557CA2185CCB22285F1
:1040A00058CA238559CA24855ACA25855BCA2685DC
:1040B0005CCA27855DCA28855ECA29855FCA2A85AC
:1040C00060CA2B85E8C42C85DFCA2D8561CA2E8580
:1040D00062CA2F8563CA308564CA318565CA328554
:1040E00066CA338567CA348568CA358569CA368524
:1040F0006ACA3785BEC73885FADD3985FCDD3A8561
:10410000FEDD3B85A2DE3C85AAB03D85CEB13E8575
:104110006BCA3F856CCA40856DCA41856ECA4285AF
:104120006FCA4385ACDE448570CA458571CA468531
:1041300072CA478573CA4885A6DE4985B6BD4A85D9
:10414000EFC84B8574CA4C8575CA4D8576CA4E85B5
:1041500077CA4F8578CA508579CA51857ACA5285FF
:104160007BCA53857CCA54857DCA55857ECA5685CF
:10417000A1DE578580CA588581CA5985A5DE5A8532
:1041800082CA5B8583CA5C8584CA5D8585CA5E8573
:10419000A9DE5F8586CA608587CA618588CA62850F
:1041A00089CA63858ACA6485A8DE65858BCA6685E7
:1041B0008CCA67858DCA6885A7DE69858ECA6A85BF
:1041C0008FCA6B8590CA6C8591CA6D8592CA6E85BF
:1041D00093CA6F8594CA708595CA718596CA72858F
:1041E000ADDE738597CA7485CCD4758598CA7685FB
:1041F00099CA77859ACA78859BCA7985B3DE7A850C
:10420000AADE7B85AEDE7C859CCA7D859DCA7E85C7
:10421000D9C07F859ECA80859FCA8185A0CA8285B4
:1042200040CB838541CB8485A1B18585B6DE86856B
:1042300042CB8785B1DE888543CB898544CB8A858F
:1042400045CB8B8546CB8C8547CB8D8548CB8E85E2
:1042500049CB8F85B2DE90854ACB91854BCB928539
:104260004CCB93854DCB94854ECB95854FCB968586
:1042700050CB978551CB988552CB998553CB9A8556
:1042800054CB9B85A6D19C85B5DE9D8555CB9E855F
:1042900056CB9F8557CBA08558CBA18559CBA285FE
:1042A0005ACBA3855BCBA485AFDEA5855CCBA68569
:1042B0005DCBA7855ECBA885B0DEA9855FCBAA853F
:1042C000BDD0AB8560CBAC8561CBAD8562CBAE8517
:1042D000B4DEAF85EDCAB085B9DEB18563CBB285FA
:1042E00064CBB38565CBB48566CBB58567CBB68526
:1042F00068CBB785B8DEB88569CBB985B7DEBA8536
:104300006ACBBB856BCBBC856CCBBD856DCBBE85CD
:104310006ECBBF856FCBC08570CBC185BBDEC28540
:1043200071CBC38572CBC48573CBC58574CBC68571
:1043300075CBC78576CBC88577CBC985E5BDCA85E2
:1043400078CBCB8579CBCC857ACBCD857BCBCE8515
:104350007CCBCF85D8B2D085EAC3D1857DCBD28541
:104360007ECBD385BADED48580CBD585BAC5D6853C
:1043700081CBD78582CBD88583CBD98584CBDA8591
:1043800085CBDB8586CBDC85BCDEDD8587CBDE851A
:1043900088CBDF8589CBE0858ACBE1858BCBE28535
:1043A0008CCBE3858DCBE485D9CCE5858ECBE685BA
:1043B0008FCBE78590CBE88591CBE985AAB7EA85D5
:1043C00092CBEB8593CBEC8594CBED8595CBEE85AD
:1043D00096CBEF8597CBF08598CBF18599CBF2857D
:1043E0009ACBF3859BCBF4859CCBF5859DCBF6854D
:1043F0009ECBF7859FCBF885A0CBF98540CCFA857D
:1044000041CCFB85E5D4FC8542CCFD8543CCFE85C3
:1044100044CCFF85BDDE008645CC018646CC0286B5
:1044200047CC038648CC048649CC0586BFDE068689
:104430004ACC07864BCC08864CCC09864DCC0A86E4
:104440004ECC0B864FCC0C8650CC0D8651CC0E86B4
:1044500052CC0F8653CC108654CC1186A2C412863F
:1044600055CC138656CC148657CC158658CC168658
:10447000C1DE178659CC18865ACC19865BCC1A86B1
:104480005CCC1B865DCC1C865ECC1D865FCC1E86FC
:1044900060CC1F8661CC208662CC218663CC2286CC
:1044A00064CC238665CC248666CC258667CC26869C
:1044B00068CC2786BEDE288669CC2986C0DE2A869F
:1044C0006ACC2B866BCC2C866CCC2D866DCC2E8644
:1044D0006ECC2F866FCC308670CC318671CC328614
:1044E00072CC338673CC348674CC358675CC3686E4
:1044F00076CC378677CC3886BAD5398678CC3A866A
:1045000079CC3B867ACC3C86C2DE3D867BCC3E862F
:104510007CCC3F867DCC40867ECC418680CC42865A
:1045200081CC438682CC448683CC458684CC468627
:1045300085CC478686CC488687CC498688CC4A86F7
:1045400089CC4B868ACC4C868BCC4D86AEF24E867F
:10455000A2BB4F86B2C25086B0C55186C7C2528632
:104560008CCC53868DCC5486AFF255868ECC568635
:104570008FCC578690CC588691CC598692CC5A864F
:10458000E9D05B8693CC5C8694CC5D8695CC5E86C8
:10459000DDD35F8696CC608697CC618698CC6286A8
:1045A000BDEB638699CC64869ACC65869BCC668687
:1045B0009CCC67869DCC68869ECC69869FCC6A869B
:1045C000A0CC6B86E6B36C86B0F26D8640CD6E866D
:1045D000B1F26F8641CD708642CD7186ADCA7286CA
:1045E00043CD738644CD748645CD758646CD76869B
:1045F00047CD778648CD788649CD7986E7BA7A86E1
:10460000B3F27B86B5F27C86B4F27D86E4CB7E86FF
:10461000BACF7F86B2F28086B4CA8186CFD2828634
:10462000ECC283864ACD84864BCD85864CCD86866A
:104630004DCD87864ECD88864FCD898650CD8A86D2
:10464000C3CE8B86B8F28C86F6B08D86B7F28E8696
:1046500051CD8F8652CD908653CD918654CD928682
:1046600055CD9386BEF2948656CD9586CFB296866A
:1046700057CD978658CD988659CD99865ACD9A862A
:104680005BCD9B865CCD9C86C1D19D86BAF29E8611
:104690005DCD9F865ECDA0865FCDA18660CDA286D2
:1046A00061CDA386BCF2A486E9D4A58662CDA68698
:1046B00063CDA786BBF2A886B6F2A986BFF2AA860A
:1046C000BDF2AB8664CDAC86B9F2AD8665CDAE8663
:1046D00066CDAF86C7F2B086C4F2B186C6F2B286A6
:1046E00067CDB38668CDB486CAF2B586C2F2B68607
:1046F000C0F2B78669CDB8866ACDB9866BCDBA8669
:10470000C5F2BB866CCDBC866DCDBD866ECDBE863A
:104710006FCDBF8670CDC086FBD6C18671CDC286F7
:1047200072CDC38673CDC486C1F2C58674CDC686EC
:10473000F9C7C786DFC9C88675CDC986C8F2CA86DB
:10474000C6B9CB86B0B5CC8676CDCD8677CDCE86B4
:10475000C3F2CF86C9F2D086D0F2D186D6F2D28605
:1047600078CDD38679CDD486D7BBD5867ACDD6867B
:104770007BCDD7867CCDD886D5F2D986DCCDDA86BE
:104780007DCDDB86EBD6DC867ECDDD8680CDDE86FC
:10479000D2F2DF86D4F2E08681CDE18682CDE28658
:1047A00083CDE38684CDE486F2B8E58685CDE686C2
:1047B00086CDE78687CDE88688CDE986CBF2EA8686
:1047C00089CDEB868ACDEC868BCDED86CEF2EE865A
:1047D000F9C2EF868CCDF086DDD5F186CCF2F2867B
:1047E000CDF2F386CFF2F486D3F2F5868DCDF68640
:1047F0008ECDF7868FCDF886D9F2F986BCD3FA86AE
:1048000090CDFB8691CDFC8692CDFD8693CDFE8624
:10481000EAB6FF8694CD0087F1CA018795CD02875D
:10482000E4B70387D7F2048796CD058797CD06872F
:1048300098CD0787D8F20887DAF20987DDF20A8770
:10484000DBF20B8799CD0C879ACD0D87DCF20E87B2
:104850009BCD0F879CCD10879DCD11879ECD128754
:10486000D1D11387D1F214879FCD1587C9CD168773
:10487000A0CD1787CFCE1887A9D6198740CE1A8723
:10488000E3F21B8741CE1C87DBC31D8742CE1E8708
:10489000E0F21F8743CE208744CE2187AFC0228716
:1048A000ECF22387DEF2248745CE2587E1F22687C6
:1048B00046CE278747CE288748CE2987E8F22A8721
:1048C00049CE2B874ACE2C874BCE2D874CCE2E87B8
:1048D000E2F22F874DCE30874ECE3187E7F2328716
:1048E0004FCE338750CE3487E6F2358751CE3687A8
:1048F00052CE3787E9F2388753CE398754CE3A877C
:1049000055CE3B87DFF23C8756CE3D8757CE3E875C
:10491000E4F23F87EAF2408758CE418759CE42877A
:104920005ACE43875BCE44875CCE45875DCE4687B3
:104930005ECE4787ACD34887E5F24987F5B24A8710
:104940005FCE4B8760CE4C87F2F24D8761CE4E87AB
:10495000ABD04F8762CE508763CE518764CE5287EB
:1049600065CE5387F5F2548766CE558767CE568756
:1049700068CE5787C8BB588769CE5987F9F25A87DE
:104980006ACE5B876BCE5C876CCE5D876DCE5E87B3
:104990006ECE5F876FCE6087F0F2618770CE6287E0
:1049A00071CE6387F6F26487F8F26587FAF266875C
:1049B00072CE678773CE688774CE698775CE6A8733
:1049C00076CE6B8777CE6C8778CE6D8779CE6E8703
:1049D000F3F26F877ACE7087F1F271877BCE7287A0
:1049E0007CCE73877DCE7487FBBA75877ECE768743
:1049F000FBB5778780CE788781CE798782CE7A871C
:104A000083CE7B87EFF27C87F7F27D87EDF27E879E
:104A1000EEF27F8784CE808785CE818786CE82879F
:104A2000EBF28387A6F3848787CE8587A3F38687F7
:104A300088CE878789CE8887A2F389878ACE8A879E
:104A40008BCE8B87F4F28C878CCE8D87DAC88E87DD
:104A50008DCE8F878ECE90878FCE918790CE928786
:104A600091CE9387FBF2948792CE958793CE9687CB
:104A700094CE9787A5F3988795CE998796CE9A87F7
:104A800097CE9B8798CE9C8799CE9D879ACE9E87FE
:104A90009BCE9F87F8C3A0879CCEA1879DCEA2877F
:104AA0009ECEA3879FCEA487A0CEA58740CFA68702
:104AB00041CFA78742CFA887FDF2A98743CFAA8716
:104AC00044CFAB87A7F3AC87A9F3AD87A4F3AE8738
:104AD00045CFAF87FCF2B08746CFB18747CFB287CB
:104AE00048CFB387ABF3B48749CFB587AAF3B6876E
:104AF0004ACFB7874BCFB8874CCFB9874DCFBA874E
:104B0000DDC2BB874ECFBC874FCFBD87AEF3BE871C
:104B100050CFBF8751CFC087B0F3C18752CFC28774
:104B200053CFC38754CFC48755CFC58756CFC687C9
:104B3000A1F3C78757CFC88758CFC98759CFCA872E
:104B4000B1F3CB87ACF3CC875ACFCD875BCFCE8781
:104B50005CCFCF875DCFD0875ECFD187AFF3D287D1
:104B6000FEF2D387ADF3D4875FCFD58760CFD687EA
:104B700061CFD78762CFD88763CFD98764CFDA87F1
:104B800065CFDB87B2F3DC8766CFDD8767CFDE8753
:104B900068CFDF8769CFE087B4F3E1876ACFE28728
:104BA0006BCFE3876CCFE4876DCFE587A8F3E6870B
:104BB0006ECFE7876FCFE88770CFE98771CFEA873D
:104BC000B3F3EB8772CFEC8773CFED8774CFEE87AB
:104BD000B5F3EF8775CFF08776CFF18777CFF28780
:104BE00078CFF38779CFF4877ACFF5877BCFF687B5
:104BF0007CCFF7877DCFF8877ECFF987B7D0FA874C
:104C000080CFFB8781CFFC8782CFFD8783CFFE8754
:104C1000B8F3FF8784CF008885CF018886CF0288CC
:104C200087CF0388F9D9048888CF058889CF06887B
:104C30008ACF07888BCF08888CCF09888DCF0A88C8
:104C4000B9F30B888ECF0C888FCF0D8890CF0E884C
:104C500091CF0F8892CF108893CF118894CF12886C
:104C600095CF1388B7F3148896CF1588E4C81688B3
:104C7000B6F3178897CF188898CF198899CF1A88D4
:104C80009ACF1B88BAF31C889BCF1D889CCF1E88A7
:104C90009DCF1F889ECF20889FCF2188BBF322887D
:104CA000C0B42388A0CF248840D0258841D026884E
:104CB00042D0278843D0288844D0298845D02A88E4
:104CC00046D02B8847D02C8848D02D8849D02E88B4
:104CD0004AD02F884BD030884CD031884DD0328884
:104CE000C3EE33884ED034884FD0358850D03688C4
:104CF00051D0378852D0388853D03988BCF33A889D
:104D000054D03B8855D03C88BDF33D8856D03E8872
:104D100057D03F8858D04088AAD1418859D042887E
:104D20005AD043885BD04488ACF44588C6D04688C6
:104D30005CD047885DD048885ED049885FD04A887B
:104D400060D04B8861D04C88D0D04D88DCD14E8863
:104D500062D04F8863D0508864D0518865D0528823
:104D600066D0538867D05488CECF558868D056888F
:104D700069D05788D6BD58886AD05988C3D15A8817
:104D80006BD05B886CD05C886DD05D886ED05E889F
:104D90006FD05F8870D0608871D06188E2BA628815
:104DA000E9E16388C2D26488C2F16588B9B26688D5
:104DB00072D0678873D06888EDB16988C3F16A885A
:104DC00074D06B88C0C96C88C4B36D8875D06E8888
:104DD000F2D96F8876D07088A5CB718877D0728829
:104DE000C4F1738878D0748879D075887AD0768841
:104DF0007BD07788D4D678887CD079887DD07A8823
:104E00007ED07B8880D07C8881D07D88C5F17E88EB
:104E1000C0F47F88C6F1808882D08188ACD4828833
:104E2000C7F1838883D08488C0B08588C1F4868820
:104E300084D0878885D08888C2F4898886D08A887B
:104E400087D08B88FCB48C8888D08D88DBC58E8811
:104E500089D08F888AD090888BD091888CD0928886
:104E6000BBCC93888DD094888ED095888FD096882F
:104E7000E4D0978890D0988891D0998892D09A88D9
:104E800093D09B8894D09C88E0CD9D8895D09E88B7
:104E900096D09F8897D0A08898D0A18899D0A288D2
:104EA000C8F1A3889AD0A488F3D9A5889BD0A688F6
:104EB0009CD0A7889DD0A8889ED0A9889FD0AA887A
:104EC000A0D0AB88BBB1AC8840D1AD88AECFAE88A6
:104ED00041D1AF8842D1B08843D1B188A4B8B2885B
:104EE00044D1B38845D1B48846D1B58847D1B68876
:104EF00048D1B788CAF1B88849D1B9884AD1BA88A7
:104F00004BD1BB884CD1BC88CBF1BD884DD1BE887C
:104F10004ED1BF884FD1C08850D1C188C3B2C2889A
:104F2000D1C1C38851D1C48852D1C588B0D7C688F1
:104F3000C9F1C78853D1C88854D1C988CCF1CA886F
:104F400055D1CB8856D1CC8857D1CD8858D1CE8871
:104F5000CEF1CF8859D1D0885AD1D1885BD1D288AF
:104F6000F6D9D3885CD1D488E1D2D588A3D4D688A9
:104F70005DD1D7885ED1D888C3F4D988B9C8DA881A
:104F80005FD1DB8860D1DC8861D1DD8862D1DE88C9
:104F900063D1DF88C4F4E08864D1E18865D1E28818
:104FA000CDF1E388CFF1E488E3BFE588D0F1E6886E
:104FB00066D1E78867D1E888D4F1E98868D1EA88C2
:104FC00069D1EB886AD1EC886BD1ED886CD1EE8821
:104FD0006DD1EF886ED1F088D6F1F188D1F1F288E9
:104FE0006FD1F388D1C9F488E1C5F58870D1F6880E
:104FF00071D1F78872D1F888E3C2F988FCB9FA88D0
:1050000073D1FB8874D1FC88D3F1FD8875D1FE88FB
:10501000D5F1FF8876D1008977D1018978D10289CD
:10502000D3B9038979D104897AD105897BD10689DD
:105030007CD107897DD108897ED1098980D10A89EF
:10504000DBF10B8981D10C8982D10D8983D10E8945
:1050500084D10F8985D11089D6BA118986D1128958
:10506000FDB01389D9F1148987D1158988D11689A2
:1050700089D117898AD118898BD11989D8F11A89D0
:10508000D2F11B89DAF11C898CD11D898DD11E8941
:105090008ED11F898FD1208990D12189D7F1228982
:1050A00091D1238992D1248993D12589ECC826896D
:1050B00094D1278995D1288996D1298997D12A8990
:1050C000CACD2B89DDF12C8998D12D8999D12E89D2
:1050D0009AD12F899BD13089BDE531899CD1328904
:1050E0009DD133899ED13489DCF135899FD13689B0
:1050F000DEF13789A0D1388940D2398941D23A8945
:1051000042D23B8943D23C8944D23D8945D23E8933
:1051100046D23F8947D2408948D24189DFF142894E
:1051200049D243894AD24489E5CF45894BD2468941
:105130004CD247894DD248894ED249894FD24A89AB
:1051400050D24B8951D24C8952D24D8953D24E897B
:1051500054D24F8955D2508956D2518957D252894B
:1051600058D2538959D254895AD255895BD256891B
:105170005CD257895DD258895ED259895FD25A89EB
:1051800060D25B8961D25C8962D25D8963D25E89BB
:10519000C5F45F89F3BD608964D2618965D2628993
:1051A00066D2638967D2648968D2658969D2668963
:1051B000E0F167896AD268896BD269896CD26A89A1
:1051C0006DD26B896ED26C896FD26D8970D26E8907
:1051D00071D26F8972D2708973D2718974D27289D7
:1051E00075D2738976D2748977D2758978D27689A7
:1051F00079D277897AD278897BD279897CD27A8977
:105200007DD27B89E1F17C897ED27D8980D27E89C5
:1052100081D27F89F7CE808982D28189AAD2828980
:1052200083D28389FBF1848984D2858985D286895A
:10523000B2B8878986D2888987D2898988D28A89B3
:1052400089D28B898AD28C898BD28D898CD28E8996
:105250008DD28F898ED290898FD2918990D2928966
:1052600091D2938992D2948993D2958994D2968936
:1052700095D2978996D2988997D2998998D29A8906
:1052800099D29B899AD29C899BD29D899CD29E89D6
:105290009DD29F899ED2A0899FD2A189A0D2A289A6
:1052A00040D3A38941D3A48942D3A58943D3A689F6
:1052B00044D3A78945D3A88946D3A98947D3AA89C6
:1052C00048D3AB8949D3AC894AD3AD894BD3AE8996
:1052D0004CD3AF894DD3B0894ED3B1894FD3B28966
:1052E00050D3B38951D3B48952D3B58953D3B68936
:1052F00054D3B78955D3B88956D3B98957D3BA8906
:1053000058D3BB8959D3BC895AD3BD895BD3BE89D5
:105310005CD3BF895DD3C0895ED3C189FBBCC28920
:10532000DBB9C3895FD3C489E6B9C589D9C3C68946
:10533000D3CAC789E8EAC889C0C0C989F5BECA8985
:10534000E9EACB89EAEACC89EBEACD8960D3CE8958
:10535000ECEACF89EDEAD089EEEAD189EFEAD28989
:10536000C7BDD38961D3D48962D3D58963D3D689A4
:10537000FBF5D78964D3D88965D3D98966D3DA890F
:10538000FDF5DB8967D3DC89FEF5DD8968D3DE892D
:10539000FCF5DF8969D3E0896AD3E1896BD3E289BF
:1053A0006CD3E389E2BDE4896DD3E589A1F6E68992
:1053B000A5B4E7896ED3E8896FD3E98970D3EA8908
:1053C00071D3EB89A2F6EC8972D3ED8973D3EE89A0
:1053D00074D3EF89A3F6F08975D3F18976D3F28976
:1053E00077D3F389B2ECF48978D3F58979D3F68948
:1053F0007AD3F7897BD3F8897CD3F9897DD3FA896D
:105400007ED3FB8980D3FC8981D3FD8982D3FE8939
:1054100083D3FF8984D3008AD4D1018A85D3028AB9
:1054200086D3038A87D3048A88D3058A89D3068AD8
:105430008AD3078AEAD9088A8BD3098A8CD30A8A45
:105440008DD30B8A8ED30C8A8FD30D8A90D30E8A7C
:1054500091D30F8A92D3108A93D3118A94D3128A4C
:1054600095D3138A96D3148A97D3158A98D3168A1C
:1054700099D3178A9AD3188A9BD3198A9CD31A8AEC
:105480009DD31B8A9ED31C8A9FD31D8AA0D31E8ABC
:1054900040D41F8A41D4208A42D4218A43D4228A0C
:1054A00044D4238A45D4248A46D4258A47D4268ADC
:1054B00048D4278A49D4288A4AD4298A4BD42A8AAC
:1054C0004CD42B8A4DD42C8A4ED42D8A4FD42E8A7C
:1054D00050D42F8A51D4308A52D4318A53D4328A4C
:1054E00054D4338A55D4348A56D4358A57D4368A1C
:1054F00058D4378A59D4388A5AD4398A5BD43A8AEC
:105500005CD43B8A5DD43C8A5ED43D8A5FD43E8ABB
:10551000A4F63F8A60D4408A61D4418A62D4428A28
:1055200063D4438A64D4448A65D4458A66D4468A5F
:1055300067D4478A68D4488ABAEE498A69D44A8AC5
:105540006AD44B8A6BD44C8A6CD44D8A6DD44E8A03
:105550006ED44F8A6FD4508A70D4518A71D4528AD3
:1055600072D4538A73D4548A74D4558A75D4568AA3
:1055700076D4578A77D4588A78D4598A79D45A8A73
:105580007AD45B8A7BD45C8A7CD45D8A7DD45E8A43
:105590007ED45F8A80D4608A81D4618A82D4628A10
:1055A00083D4638A84D4648A85D4658A86D4668ADF
:1055B00087D4678A88D4688A89D4698A8AD46A8AAF
:1055C0008BD46B8A8CD46C8A8DD46D8A8ED46E8A7F
:1055D0008FD46F8A90D4708A91D4718A92D4728A4F
:1055E00093D4738A94D4748A95D4758A96D4768A1F
:1055F00097D4778A98D4788A99D4798AB2D57A8AD6
:105600009AD47B8A9BD47C8A9CD47D8A9DD47E8AC2
:105610009ED47F8A9FD4808AA0D4818A40D5828AF2
:1056200041D5838A42D5848A43D5858A44D5868AE2
:1056300045D5878A46D5888A47D5898AFED38A8AFE
:10564000DCCC8B8A48D58C8A49D58D8A4AD58E8AFE
:105650004BD58F8A4CD5908A4DD5918A4ED5928A5A
:105660004FD5938AC4CA948A50D5958A51D5968AC3
:1056700052D5978A53D5988A54D5998A55D59A8AFE
:1056800056D59B8A57D59C8A58D59D8A59D59E8ACE
:105690005AD59F8A5BD5A08A5CD5A18A5DD5A28A9E
:1056A0005ED5A38A5FD5A48A60D5A58A61D5A68A6E
:1056B00062D5A78A63D5A88A64D5A98A65D5AA8A3E
:1056C00066D5AB8A67D5AC8A68D5AD8A69D5AE8A0E
:1056D0006AD5AF8A6BD5B08A6CD5B18A6DD5B28ADE
:1056E0006ED5B38A6FD5B48A70D5B58A71D5B68AAE
:1056F00072D5B78A73D5B88A74D5B98A75D5BA8A7E
:1057000076D5BB8A77D5BC8A78D5BD8A79D5BE8A4D
:105710007AD5BF8A7BD5C08A7CD5C18A7DD5C28A1D
:105720007ED5C38A80D5C48A81D5C58A82D5C68AEA
:1057300083D5C78A84D5C88A85D5C98A86D5CA8AB9
:1057400087D5CB8A88D5CC8A89D5CD8A8AD5CE8A89
:105750008BD5CF8A8CD5D08A8DD5D18A8ED5D28A59
:105760008FD5D38A90D5D48A91D5D58A92D5D68A29
:1057700093D5D78A94D5D88A95D5D98A96D5DA8AF9
:1057800097D5DB8A98D5DC8A99D5DD8A9AD5DE8AC9
:105790009BD5DF8A9CD5E08A9DD5E18A9ED5E28A99
:1057A0009FD5E38AA0D5E48A40D6E58A41D6E68A29
:1057B00042D6E78A43D6E88A44D6E98A45D6EA8AB9
:1057C00046D6EB8A47D6EC8A48D6ED8A49D6EE8A89
:1057D0004AD6EF8A4BD6F08A4CD6F18A4DD6F28A59
:1057E0004ED6F38A4FD6F48A50D6F58A51D6F68A29
:1057F00052D6F78A53D6F88A54D6F98A55D6FA8AF9
:1058000056D6FB8A57D6FC8A58D6FD8A59D6FE8AC8
:105810005AD6FF8A5BD6008B5CD6018B5DD6028B95
:105820005ED6038B5FD6048B60D6058B61D6068B64
:1058300062D6078BC0E5088B63D6098B64D60A8BCA
:1058400065D60B8B66D60C8B67D60D8B68D60E8B08
:1058500069D60F8B6AD6108B6BD6118B6CD6128BD8
:105860006DD6138B6ED6148B6FD6158B70D6168BA8
:1058700071D6178B72D6188B73D6198B74D61A8B78
:1058800075D61B8B76D61C8B77D61D8B78D61E8B48
:1058900079D61F8B7AD6208B7BD6218B7CD6228B18
:1058A0007DD6238B7ED6248B80D6258B81D6268BE6
:1058B000A5F6278B82D6288B83D6298B84D62A8B74
:1058C00085D62B8B86D62C8B87D62D8B88D62E8B88
:1058D00089D62F8B8AD6308B8BD6318B8CD6328B58
:1058E0008DD6338B8ED6348B8FD6358B90D6368B28
:1058F00091D6378B92D6388B93D6398B94D63A8BF8
:1059000095D63B8B96D63C8B97D63D8B98D63E8BC7
:1059100099D63F8B9AD6408B9BD6418B9CD6428B97
:105920009DD6438B9ED6448B9FD6458BA0D6468B67
:1059300040D7478B41D7488B42D7498B43D74A8BB7
:1059400044D74B8B45D74C8B46D74D8B47D74E8B87
:1059500048D74F8B49D7508B4AD7518B4BD7528B57
:105960004CD7538B4DD7548B4ED7558B4FD7568B27
:1059700050D7578B51D7588B52D7598B53D75A8BF7
:1059800054D75B8B55D75C8B56D75D8B57D75E8BC7
:1059900058D75F8B59D7608B5AD7618B5BD7628B97
:1059A0005CD7638B5DD7648B5ED7658B5FD7668B67
:1059B000AFBE678B60D7688B61D7698B62D76A8B04
:1059C00063D76B8B64D76C8BA9C66D8B65D76E8BD9
:1059D00066D76F8B67D7708B68D7718B69D7728BDF
:1059E0006AD7738B6BD7748B6CD7758B6DD7768BAF
:1059F0006ED7778B6FD7788B70D7798B71D77A8B7F
:105A000072D77B8B73D77C8B74D77D8B75D77E8B4E
:105A100076D77F8B77D7808B78D7818B79D7828B1E
:105A20007AD7838B7BD7848B7CD7858B7DD7868BEE
:105A30007ED7878B80D7888B81D7898B82D78A8BBB
:105A400083D78B8B84D78C8B85D78D8B86D78E8B8A
:105A500087D78F8B88D7908B89D7918B8AD7928B5A
:105A60008BD7938B8CD7948B8DD7958B8ED7968B2A
:105A70008FD7978B90D7988B91D7998B92D79A8BFA
:105A800093D79B8B94D79C8B95D79D8B96D79E8BCA
:105A900097D79F8B98D7A08BA5DAA18BC6BCA28B7A
:105AA000A9B6A38BBCB8A48BCFC8A58BA5BCA68B6D
:105AB000A6DAA78BA7DAA88BD6CCA98BC3C8AA8BEA
:105AC000A8DAAB8BFDC6AC8B99D7AD8BB5D1AE8BBD
:105AD000E9D2AF8BB6D1B08BC7BCB18B9AD7B28BA2
:105AE000B2BDB38BE4BBB48BA9DAB58BAADAB68BA3
:105AF000C8D1B78BABDAB88BEDD0B98BEFB6BA8B18
:105B0000DBC2BB8B9BD7BC8BCFCBBD8BEDB7BE8B2A
:105B1000E8C9BF8BC3B7C08BF7BEC18BA4D6C28BFD
:105B2000ACDAC38BADDAC48BC0C6C58BE7D7C68BE6
:105B3000B6CAC78B9CD7C88BA9D5C98BDFCBCA8BFC
:105B4000EFD5CB8BAEDACC8BDFD6CD8BCAB4CE8B78
:105B5000B0DACF8BAFDAD08B9DD7D18BEBD2D28B93
:105B6000B1DAD38BB2DAD48BB3DAD58BD4CAD68B75
:105B7000B4DAD78BABCAD88BB5DAD98BB6DADA8B75
:105B8000CFB3DB8BEFD6DC8BB7DADD8BB0BBDE8B34
:105B9000AEB5DF8BB8DAE08BB9DAE18BEEB9E28B28
:105BA000AFD1E38BE8D2E48BBADAE58BC3B8E68BEE
:105BB000EACFE78BEFB2E88BBBDAE98BBCDAEA8B92
:105BC0009ED7EB8BEBBDEC8BDCCEED8BEFD3EE8B6E
:105BD000BDDAEF8BF3CEF08BBEDAF18BD5D3F28B3F
:105BE000E5BBF38BBFDAF48BB5CBF58BD0CBF68B63
:105BF000C0DAF78BEBC7F88BEED6F98BC1DAFA8BEC
:105C0000B5C5FB8BC1B6FC8BC2DAFD8BCCB7FE8B66
:105C1000CEBFFF8BC3DA008CC4DA018CADCB028C13
:105C2000C5DA038CF7B5048CC6DA058CC2C1068CC4
:105C3000BBD7078CC7DA088CB8CC098C9FD70A8CE5
:105C4000EAD20B8CB1C40C8CC8DA0D8CFDB50E8C6D
:105C5000D1BB0F8CC9DA108CB3D0118CCADA128C7C
:105C6000CBDA138CBDCE148CCCDA158CCDDA168C35
:105C7000CEDA178CF7B2188CD1DA198CCFDA1A8CED
:105C8000E8D11B8CD0DA1C8CD5C31D8CD2DA1E8CCB
:105C9000A0D71F8CD3DA208CD4DA218CD5DA228CD1
:105CA000BBD0238CA5D2248CF9B0258CD6DA268CD7
:105CB000ABC7278CD7DA288CF7BD298CA1C32A8CD7
:105CC000D8DA2B8CD9DA2C8CFDC32D8CB7CC2E8C4A
:105CD000DADA2F8CDBDA308CBEC0318CD7C6328C4E
:105CE000DCDA338CDDDA348CB4C7358CDEDA368C12
:105CF000DFDA378CC8B9388C40D8398C41D83A8C27
:105D000042D83B8C43D83C8C44D83D8C45D83E8C03
:105D100046D83F8C47D8408C48D8418CEDBB428C4C
:105D200049D8438C4AD8448C4BD8458C4CD8468CA7
:105D3000B9B6478CF8F4488C4DD8498CF9F44A8CA4
:105D40004ED84B8C4FD84C8CE3CD4D8C50D84E8CCC
:105D500051D84F8C52D8508C53D8518C54D8528C27
:105D600055D8538C56D8548C57D8558CB9F5568C79
:105D700058D8578C59D8588C5AD8598C5BD85A8CCB
:105D8000E0EB5B8C5CD85C8C5DD85D8C5ED85E8C07
:105D90005FD85F8C60D8608C61D8618CF3CF628CE7
:105DA000BFBB638C62D8648C63D8658C64D8668C06
:105DB00065D8678C66D8688C67D8698C68D86A8C17
:105DC000C0BA6B8CA5D46C8C69D86D8C6AD86E8C7B
:105DD0006BD86F8C6CD8708C6DD8718C6ED8728CBF
:105DE0006FD8738CD9E1748C70D8758C71D8768C1F
:105DF00072D8778C73D8788CF4F5798CAAB17A8CB8
:105E0000F2B27B8C74D87C8C75D87D8C76D87E8CE5
:105E100077D87F8C78D8808C79D8818C7AD8828C0E
:105E2000F5F5838C7BD8848C7CD8858CF7F5868CB3
:105E30007DD8878C7ED8888C80D8898CD1BA8A8C82
:105E4000F6F58B8C81D88C8CB2C38D8C82D88E8CDD
:105E500083D88F8C84D8908C85D8918C86D8928C5E
:105E600087D8938C88D8948CF9F5958C89D8968CA2
:105E70008AD8978C8BD8988CF8F5998C8CD89A8C7A
:105E80008DD89B8C8ED89C8C8FD89D8C90D89E8CD6
:105E900091D89F8C92D8A08C93D8A18C94D8A28CA6
:105EA00095D8A38C96D8A48C97D8A58C98D8A68C76
:105EB00099D8A78C9AD8A88C9BD8A98C9CD8AA8C46
:105EC0009DD8AB8C9ED8AC8C9FD8AD8CA0D8AE8C16
:105ED00040D9AF8C41D9B08C42D9B18C43D9B28C66
:105EE00044D9B38C45D9B48C46D9B58C47D9B68C36
:105EF00048D9B78C49D9B88C4AD9B98C4BD9BA8C06
:105F00004CD9BB8C4DD9BC8C4ED9BD8C4FD9BE8CD5
:105F100050D9BF8C51D9C08C52D9C18C53D9C28CA5
:105F200054D9C38C55D9C48C56D9C58C57D9C68C75
:105F300058D9C78C59D9C88C5AD9C98C5BD9CA8C45
:105F40005CD9CB8C5DD9CC8C5ED9CD8C5FD9CE8C15
:105F500060D9CF8C61D9D08C62D9D18C63D9D28CE5
:105F600064D9D38C65D9D48C66D9D58C67D9D68CB5
:105F700068D9D78C69D9D88C6AD9D98C6BD9DA8C85
:105F80006CD9DB8C6DD9DC8C6ED9DD8C6FD9DE8C55
:105F900070D9DF8C71D9E08C72D9E18C73D9E28C25
:105FA00074D9E38C75D9E48C76D9E58C77D9E68CF5
:105FB00078D9E78C79D9E88C7AD9E98C7BD9EA8CC5
:105FC0007CD9EB8C7DD9EC8C7ED9ED8C80D9EE8C94
:105FD00081D9EF8C82D9F08C83D9F18C84D9F28C61
:105FE00085D9F38C86D9F48C87D9F58C88D9F68C31
:105FF00089D9F78C8AD9F88C8BD9F98C8CD9FA8C01
:106000008DD9FB8C8ED9FC8C8FD9FD8C90D9FE8CD0
:1060100091D9FF8C92D9008D93D9018D94D9028D9D
:1060200095D9038D96D9048D97D9058D98D9068D6C
:1060300099D9078D9AD9088D9BD9098D9CD90A8D3C
:106040009DD90B8D9ED90C8D9FD90D8DA0D90E8D0C
:1060500040DA0F8D41DA108D42DA118D43DA128D5C
:1060600044DA138D45DA148D46DA158D47DA168D2C
:1060700048DA178D49DA188D4ADA198D4BDA1A8DFC
:106080004CDA1B8D4DDA1C8D4EDA1D8DB4B11E8D90
:10609000EAD51F8DBAB8208D4FDA218DB1B9228D86
:1060A000C6B2238DF0D4248DCDCF258DDCB0268DC6
:1060B000CBD5278DF5BB288DCAD6298DB7B72A8DAC
:1060C000B0CC2B8DB6C62C8DE1B12D8DBAB92E8DED
:1060D000FCD62F8DE1B9308DA1B7318DFABC328D50
:1060E000DAEA338DDBEA348DF9CC358DF3B9368DB0
:1060F000DCEA378DFBB4388DB3C3398DD1B73A8D17
:10610000D8BA3B8DDDEA3C8DF4D43D8DDEEA3E8D80
:10611000D6BC3F8DDFBB408DDFEA418DDEC1428DB5
:10612000B8C2438DDFD4448DCAD7458DE0EA468D91
:10613000E1EA478DE4EA488DE2EA498DE3EA4A8DD7
:10614000DEC94B8DB3B84C8DC4B64D8DE5EA4E8D8E
:10615000EACA4F8DCDC9508DCDB4518D50DA528DD4
:1061600051DA538DD9E2548DE2C5558DE6EA568D4C
:10617000B5C0578D52DA588DB8D7598DE7EA5A8D88
:10618000ACD75B8DFCC85C8DD3D85D8DCDD85E8DD2
:10619000DED45F8D53DA608DF9D4618DC4C9628D10
:1061A000AED3638DD3B8648DE0B3658D54DA668D5C
:1061B000E2C9678DF6F4688D55DA698D56DA6A8D15
:1061C00057DA6B8DD5BA6C8D58DA6D8DF7F46E8D0C
:1061D00059DA6F8D5ADA708DDFD7718D5BDA728D77
:1061E0005CDA738DF1F4748DB0B8758DD4D5768D7D
:1061F000CFB8778DF0C6788D5DDA798D5EDA7A8DDD
:106200005FDA7B8D60DA7C8D61DA7D8D62DA7E8D7E
:1062100063DA7F8D64DA808D65DA818DC3B3828D18
:1062200066DA838D67DA848DF2F4858DACB3868D62
:1062300068DA878D69DA888D6ADA898D6BDA8A8DFA
:10624000BDD48B8DF7C78C8D6CDA8D8D6DDA8E8D0C
:106250006EDA8F8D6FDA908D70DA918DF4F4928D05
:1062600071DA938D72DA948DF3F4958D73DA968DDD
:1062700074DA978D75DA988D76DA998D77DA9A8D4A
:1062800078DA9B8D79DA9C8D7ADA9D8D7BDA9E8D1A
:106290007CDA9F8DCBCCA08D7DDAA18D7EDAA28DAC
:1062A00080DAA38DA4C8A48D81DAA58D82DAA68DAB
:1062B00083DAA78D84DAA88D85DAA98D86DAAA8D8E
:1062C00087DAAB8D88DAAC8D89DAAD8D8ADAAE8D5E
:1062D0008BDAAF8D8CDAB08D8DDAB18DF5F4B28DAD
:1062E0008EDAB38DE3D7B48DBFC5B58DC0F5B68D4D
:1062F0008FDAB78D90DAB88DBBF5B98D91DABA8D9A
:10630000C3F5BB8D92DABC8DC2F5BD8D93DABE8D1F
:10631000BAD6BF8DC1F5C08D94DAC18D95DAC28D24
:1063200096DAC38DBED4C48DC4F5C58D97DAC68DFB
:10633000CCF5C78D98DAC88D99DAC98D9ADACA8DED
:106340009BDACB8DCFB0CC8DF8B5CD8D9CDACE8DD0
:10635000C9F5CF8DCAF5D08D9DDAD18DDCC5D28D32
:106360009EDAD38D9FDAD48DA0DAD58D40DBD68D21
:10637000C5F5D78DC6F5D88D41DBD98D42DBDA8DD9
:10638000C7F5DB8DCBF5DC8D43DBDD8DE0BEDE8D2F
:10639000C8F5DF8DFAB8E08D44DBE18D45DBE28D99
:1063A00046DBE38DD0F5E48DD3F5E58D47DBE68D57
:1063B00048DBE78D49DBE88DE7BFE98D4ADBEA8DF5
:1063C000F2B9EB8DBCF5EC8DCDF5ED8D4BDBEE8DA3
:1063D0004CDBEF8DB7C2F08D4DDBF18D4EDBF28DD6
:1063E0004FDBF38DF8CCF48D50DBF58DF9BCF68DD9
:1063F00051DBF78DCEF5F88DCFF5F98DD1F5FA8D0E
:10640000E5B6FB8DD2F5FC8D52DBFD8DD5F5FE8D0D
:1064100053DBFF8D54DB008E55DB018E56DB028E85
:1064200057DB038E58DB048E59DB058EBDF5068ED7
:106430005ADB078E5BDB088E5CDB098ED4F50A8E97
:10644000BBD30B8E5DDB0C8EECB30D8E5EDB0E8E44
:106450005FDB0F8EA4CC108E60DB118E61DB128EA1
:1064600062DB138E63DB148ED6F5158E64DB168E1D
:1064700065DB178E66DB188E67DB198E68DB1A8E7C
:1064800069DB1B8E6ADB1C8E6BDB1D8ED7F51E8EC7
:10649000E1BE1F8ED8F5208E6CDB218E6DDB228E47
:1064A000DFCC238EDBF5248E6EDB258E6FDB268E14
:1064B00070DB278E71DB288E72DB298EC8B22A8EA4
:1064C000D9D72B8E73DB2C8ED9F52D8E74DB2E8EC7
:1064D000DAF52F8EDCF5308E75DB318EE2F5328EFB
:1064E00076DB338E77DB348E78DB358EE0F5368ED7
:1064F00079DB378E7ADB388E7BDB398EDFF53A8EAF
:10650000DDF53B8E7CDB3C8E7DDB3D8EE1F53E8E0A
:106510007EDB3F8E80DB408EDEF5418EE4F5428EE1
:10652000E5F5438E81DB448EE3CC458E82DB468EDF
:1065300083DB478EBFE5488EB8B5498EE3F54A8EBA
:10654000E8F54B8EA3CC4C8E84DB4D8E85DB4E8ED6
:1065500086DB4F8E87DB508E88DB518EE6F5528EC0
:10656000E7F5538E89DB548E8ADB558E8BDB568E96
:106570008CDB578E8DDB588E8EDB598EBEF55A8E96
:106580008FDB5B8E90DB5C8E91DB5D8E92DB5E8EB3
:1065900093DB5F8E94DB608E95DB618E96DB628E83
:1065A00097DB638E98DB648E99DB658E9ADB668E53
:1065B000C4B1678E9BDB688E9CDB698EBFF56A8EEB
:1065C0009DDB6B8E9EDB6C8EC5B56D8EE4B26E8EE0
:1065D0009FDB6F8EECF5708EE9F5718EA0DB728E0D
:1065E000D7B6738E40DC748EEDF5758E41DC768EF9
:1065F000EAF5778E42DC788E43DC798E44DC7A8E45
:1066000045DC7B8E46DC7C8EEBF57D8E47DC7E8E1A
:1066100048DC7F8EDAB4808E49DC818EEAD4828EAB
:106620004ADC838E4BDC848E4CDC858EEEF5868EC8
:106630004DDC878EF9B3888E4EDC898E4FDC8A8ED6
:1066400050DC8B8E51DC8C8E52DC8D8E53DC8E8E2A
:1066500054DC8F8EEFF5908EF1F5918E55DC928E95
:1066600056DC938E57DC948EF0F5958E58DC968E22
:1066700059DC978E5ADC988E5BDC998E5CDC9A8EA6
:106680005DDC9B8E5EDC9C8EF2F59D8E5FDC9E8ECB
:10669000F3F59F8E60DCA08E61DCA18E62DCA28EA1
:1066A00063DCA38E64DCA48E65DCA58E66DCA68E1E
:1066B00067DCA78E68DCA88E69DCA98E6ADCAA8EEE
:1066C0006BDCAB8EEDC9AC8EAAB9AD8E6CDCAE8E38
:1066D0006DDCAF8EFBC7B08E6EDCB18E6FDCB28E20
:1066E000E3B6B38E70DCB48E71DCB58E72DCB68E20
:1066F00073DCB78E74DCB88E75DCB98E76DCBA8E3E
:10670000C9CCBB8E77DCBC8E78DCBD8E79DCBE8ECE
:106710007ADCBF8E7BDCC08E7CDCC18E7DDCC28EE1
:106720007EDCC38E80DCC48E81DCC58E82DCC68EAE
:1067300083DCC78E84DCC88E85DCC98E86DCCA8E7D
:1067400087DCCB8E88DCCC8E89DCCD8E8ADCCE8E4D
:10675000A6EACF8E8BDCD08E8CDCD18E8DDCD28EF7
:106760008EDCD38E8FDCD48E90DCD58E91DCD68EF1
:1067700092DCD78E93DCD88E94DCD98E95DCDA8EC1
:1067800096DCDB8E97DCDC8E98DCDD8E99DCDE8E91
:106790009ADCDF8E9BDCE08E9CDCE18E9DDCE28E61
:1067A0009EDCE38E9FDCE48EA0DCE58E40DDE68E91
:1067B00041DDE78E42DDE88E43DDE98E44DDEA8E81
:1067C00045DDEB8E46DDEC8E47DDED8E48DDEE8E51
:1067D00049DDEF8E4ADDF08E4BDDF18E4CDDF28E21
:1067E0004DDDF38E4EDDF48E4FDDF58E50DDF68EF1
:1067F00051DDF78E52DDF88E53DDF98E54DDFA8EC1
:1068000055DDFB8E56DDFC8E57DDFD8E58DDFE8E90
:1068100059DDFF8E5ADD008F5BDD018F5CDD028F5D
:106820005DDD038F5EDD048F5FDD058F60DD068F2C
:1068300061DD078F62DD088F63DD098F64DD0A8FFC
:1068400065DD0B8F66DD0C8F67DD0D8F68DD0E8FCC
:1068500069DD0F8F6ADD108F6BDD118F6CDD128F9C
:106860006DDD138F6EDD148F6FDD158F70DD168F6C
:1068700071DD178F72DD188F73DD198F74DD1A8F3C
:1068800075DD1B8F76DD1C8F77DD1D8F78DD1E8F0C
:1068900079DD1F8F7ADD208F7BDD218F7CDD228FDC
:1068A0007DDD238F7EDD248F80DD258F81DD268FAA
:1068B00082DD278F83DD288F84DD298F85DD2A8F78
:1068C00086DD2B8F87DD2C8F88DD2D8F89DD2E8F48
:1068D0008ADD2F8F8BDD308F8CDD318F8DDD328F18
:1068E0008EDD338F8FDD348F90DD358F91DD368FE8
:1068F00092DD378F93DD388F94DD398F95DD3A8FB8
:1069000096DD3B8F97DD3C8F98DD3D8F99DD3E8F87
:106910009ADD3F8F9BDD408F9CDD418F9DDD428F57
:106920009EDD438F9FDD448FA0DD458F40DE468F87
:1069300041DE478F42DE488F43DE498F44DE4A8F77
:1069400045DE4B8F46DE4C8F47DE4D8F48DE4E8F47
:1069500049DE4F8F4ADE508F4BDE518F4CDE528F17
:106960004DDE538F4EDE548F4FDE558F50DE568FE7
:1069700051DE578F52DE588F53DE598F54DE5A8FB7
:1069800055DE5B8F56DE5C8F57DE5D8F58DE5E8F87
:1069900059DE5F8F5ADE608F5BDE618F5CDE628F57
:1069A0005DDE638F5EDE648F5FDE658F60DE668F27
:1069B000B5B3678FFED4688FECB9698FF9D06A8F51
:1069C00061DE6B8FEDE96C8FAAD76D8FEEE96E8F6C
:1069D000D6C26F8FEDC8708FE4BA718FEFE9728FF6
:1069E000F0E9738FF1E9748FE1D6758FF2E9768F54
:1069F000F3E9778FF5E9788FF4E9798FF6E97A8F03
:106A0000F7E97B8FE1C77C8FF8E97D8FD8D47E8F43
:106A1000F9E97F8FCEBD808F62DE818FFAE9828FA8
:106A2000FBE9838FCFBD848FFCE9858FA8B8868F63
:106A3000BEC1878FFDE9888FB2B1898FD4BB8A8FA1
:106A4000F5B98B8FFEE98C8F63DE8D8FA1EA8E8F77
:106A5000A2EA8F8FA3EA908FF8B7918FADBC928F87
:106A600064DE938FE4CA948FCEE0958FAFD4968F77
:106A7000BDCF978FB7D5988FA4EA998FDED59A8F1F
:106A8000A5EA9B8FC1D09C8FBCB99D8F65DE9E8F80
:106A9000C7B49F8FD9B1A08F66DEA18F67DEA28FAA
:106AA00068DEA38FB1C0A48F69DEA58F6ADEA68FD2
:106AB0006BDEA78F6CDEA88FE6B1A98FE7B1AA8F36
:106AC0006DDEAB8FE8B1AC8F6EDEAD8F6FDEAE8F5B
:106AD00070DEAF8F71DEB08FBDB3B18FE8C8B28FFB
:106AE00072DEB38F73DEB48F74DEB58F75DEB68F52
:106AF000C1E5B78F76DEB88F77DEB98FDFB1BA8F99
:106B000078DEBB8F79DEBC8F7ADEBD8FC9C1BE8FC8
:106B1000EFB4BF8F7BDEC08F7CDEC18FA8C7C28F72
:106B2000D8D3C38F7DDEC48FF9C6C58FB8D1C68FC9
:106B30007EDEC78FFDB9C88FF5C2C98F80DECA8FD0
:106B400081DECB8F82DECC8F83DECD8F84DECE8F55
:106B5000ADD3CF8F85DED08FCBD4D18FFCBDD28F7C
:106B600086DED38FC2E5D48FB5B7D58FC3E5D68F78
:106B700087DED78F88DED88FB9BBD98FE2D5DA8F81
:106B800089DEDB8FF8BDDC8FB6D4DD8FA5CEDE8F3E
:106B9000ACC1DF8FD9B3E08F8ADEE18F8BDEE28F6D
:106BA000F6CCE38F8CDEE48FC6E5E58FC4E5E68F97
:106BB000C8E5E78F8DDEE88FCAE5E98FC7E5EA8F84
:106BC000CFB5EB8FC8C6EC8F8EDEED8FFCB5EE8FA8
:106BD000C5E5EF8F8FDEF08FF6CAF18F90DEF28F72
:106BE00091DEF38FC9E5F48F92DEF58F93DEF68F99
:106BF00094DEF78FD4C3F88FC5B1F98FA3BCFA8F99
:106C000095DEFB8F96DEFC8F97DEFD8FB7D7FE8F6C
:106C100098DEFF8F99DE0090CBCD0190CDCB029016
:106C2000CACA0390D3CC0490CCE50590CBE506907E
:106C3000E6C407909ADE08909BDE0990A1D10A90E5
:106C4000B7D10B90CDE50C909CDE0D90D0E50E9069
:106C50009DDE0F90B8CD1090F0D61190CFE5129038
:106C6000DDB513909EDE1490BECD15909FDE16907C
:106C7000D1E51790BAB61890A0DE199040DF1A90AF
:106C8000A8CD1B90E4B91C9041DF1D90C5CA1E9091
:106C9000D1B31F90D9CB2090ECD42190D2E5229093
:106CA000EAB7239042DF249043DF259044DF26900B
:106CB000CEE5279045DF289046DF299047DF2A90D0
:106CC00048DF2B9049DF2C904ADF2D90D5E52E90A0
:106CD000FEB42F90D6E530904BDF31904CDF3290F0
:106CE0004DDF33904EDF34904FDF3590D3E5369053
:106CF000D4E5379050DF3890DDD2399051DF3A90AB
:106D000052DF3B90DFC23C90C6B13D9053DF3E90D6
:106D1000E2D33F9054DF409055DF4190DDB6429082
:106D2000ECCB439056DF4490D7E5459057DF469033
:106D300058DF4790F6D3489059DF49905ADF4A9080
:106D40005BDF4B905CDF4C905DDF4D90E9B14E9086
:106D50005EDF4F90F4B65090DAE55190D8E552904E
:106D6000D9E55390C0B554905FDF559060DF5690E1
:106D700061DF5790C5D25890DCE5599062DF5A9098
:106D800063DF5B90DEE55C9064DF5D9065DF5E90C5
:106D900066DF5F9067DF609068DF619069DF629017
:106DA000DDE56390B2C764906ADF6590A3D2669018
:106DB0006BDF67906CDF6890DBE569906DDF6A9050
:106DC0006EDF6B906FDF6C9070DF6D90E2D46E9031
:106DD000DAD56F9071DF709072DF719073DF72900F
:106DE00074DF739075DF7490E0E57590F1D776905D
:106DF00076DF779077DF789078DF799079DF7A9017
:106E00007ADF7B907BDF7C907CDF7D90E1E57E907C
:106E10007DDF7F90DCB18090FBD181907EDF82901E
:106E2000E2E58390E4E5849080DF859081DF8690C1
:106E300082DF879083DF8890E3E5899084DF8A9002
:106E400085DF8B90E5E58C9086DF8D9087DF8E90D7
:106E500088DF8F9089DF90908ADF9190D8D29290CE
:106E60008BDF9390CBB594908CDF9590DFE7969075
:106E70008DDF9790F5DA98908EDF9990F8DA9A90F6
:106E80008FDF9B90F6DA9C9090DF9D90F7DA9E90D2
:106E900091DF9F9092DFA09093DFA190FADAA29009
:106EA000CFD0A390C7C4A49094DFA59095DFA690FF
:106EB000EEB0A79096DFA89097DFA99098DFAA90F0
:106EC000B0D0AB9099DFAC90F9DAAD909ADFAE908C
:106ED000CAD3AF90AABAB090A2DBB190F1C7B2907A
:106EE0009BDFB390FCDAB490FBDAB590DBC9B690C7
:106EF000FDDAB7909CDFB890A1DBB990DED7BA90ED
:106F0000FEDABB90DAC1BC909DDFBD909EDFBE90E3
:106F1000A5DBBF909FDFC090A0DFC190F4D3C290EB
:106F200040E0C39041E0C490A7DBC590A4DBC690CD
:106F300042E0C790A8DBC89043E0C99044E0CA9003
:106F4000BCBDCB9045E0CC9046E0CD9047E0CE90E4
:106F5000C9C0CF90A3DBD090A6DBD190A3D6D290AE
:106F600048E0D390A9DBD49049E0D5904AE0D69090
:106F70004BE0D790ADDBD8904CE0D9904DE0DA9063
:106F80004EE0DB90AEDBDC90ACDBDD90C2BADE9095
:106F90004FE0DF9050E0E09051E0E190A4BFE2903C
:106FA000ABDBE39052E0E49053E0E59054E0E690F0
:106FB000AADBE790C7D4E890BFB2E99055E0EA9029
:106FC00056E0EB90AFDBEC9057E0ED90F9B9EE9026
:106FD00058E0EF90B0DBF09059E0F1905AE0F29079
:106FE0005BE0F3905CE0F490BBB3F5905DE0F6906D
:106FF0005EE0F7905FE0F890A6B5F99060E0FA9057
:1070000061E0FB9062E0FC9063E0FD90BCB6FE9016
:10701000B1DBFF9064E0009165E0019166E00291D0
:10702000F5B6039167E00491B2DB059168E0069143
:1070300069E007916AE008916BE009916CE00A91C0
:107040006DE00B916EE00C916FE00D9170E00E9190
:1070500071E00F9172E0109173E0119174E0129160
:1070600075E0139176E0149177E0159178E0169130
:1070700079E017917AE018917BE01991C9B11A91E2
:107080007CE01B917DE01C917EE01D9180E01E91D3
:10709000B4DB1F9181E0209182E0219183E0229175
:1070A000B3DB2391B5DB249184E0259185E0269123
:1070B00086E0279187E0289188E0299189E02A914C
:1070C0008AE02B918BE02C918CE02D918DE02E911C
:1070D0008EE02F91B7DB30918FE03191B6DB3291AA
:1070E00090E0339191E0349192E0359193E03691C4
:1070F00094E0379195E0389196E03991B8DB3A9178
:1071000097E03B9198E03C9199E03D919AE03E9167
:107110009BE03F919CE040919DE041919EE0429137
:107120009FE04391B9DB4491A0E0459140E1469155
:10713000BADB479141E1489142E14991CFD34A916D
:10714000FAF44B91F5C74C91C3D74D91E4C54E91DC
:10715000FCF44F91FDF45091FBF4519143E15291B5
:10716000C6BE539144E1549145E1559146E1569193
:1071700047E15791EFD0589148E1599149E15A912F
:10718000D3B75B914AE15C914BE15D91CDD45E91C7
:10719000AACC5F914CE160914DE16191A2F56291C1
:1071A000A1F56391A8BA6491FEF46591D6CB66917E
:1071B0004EE167914FE1689150E16991A4F56A91C0
:1071C000D2C06B9151E16C91EAB36D9152E16E9135
:1071D000AACD6F91A5F57091A3F57191B4BD72918F
:1071E000A8F5739153E17491A9F57591CDBD769190
:1071F000B8C37791E1BF7891E1CB7991AAF57A9103
:1072000054E17B9155E17C9156E17D91A6F57E910B
:10721000A7F57F91F0C4809157E1819158E1829167
:1072200059E183915AE184915BE18591ACF58691B6
:107230005CE18791BCB488915DE18991EDD78A9139
:107240005EE18B91D7B48C91ABF58D91AEF58E91BB
:107250005FE18F9160E19091ADF59191AFF59291E1
:10726000D1D0939161E1949162E1959163E196911E
:1072700064E1979165E1989166E1999167E19A914E
:10728000D1C39B91A9C89C9168E19D9169E19E91B0
:107290006AE19F916BE1A0916CE1A1916DE1A291F6
:1072A000B0F5A391B1F5A4916EE1A5916FE1A6911E
:1072B00070E1A79171E1A89172E1A99173E1AA919E
:1072C000B2F5AB9174E1AC9175E1AD91B3F5AE91CE
:1072D000B4F5AF91B5F5B09176E1B19177E1B291A6
:1072E00078E1B39179E1B491B7F5B591B6F5B6917E
:1072F0007AE1B7917BE1B8917CE1B9917DE1BA91F6
:10730000B8F5BB917EE1BC9180E1BD9181E1BE9178
:1073100082E1BF9183E1C09184E1C19185E1C29195
:1073200086E1C39187E1C49188E1C59189E1C69165
:107330008AE1C791C9B2C8918BE1C991D4D3CA91EE
:10734000CDCACB918CE1CC91EFC0CD91D8D6CE9166
:10735000B0D2CF91BFC1D0918DE1D191F0BDD2918A
:107360008EE1D3918FE1D49190E1D59191E1D691C5
:1073700092E1D79193E1D89194E1D99195E1DA9195
:1073800096E1DB9197E1DC91AAB8DD9198E1DE917D
:1073900099E1DF919AE1E0919BE1E1919CE1E29139
:1073A0009DE1E3919EE1E4919FE1E591A0E1E69109
:1073B00040E2E79141E2E89142E2E99143E2EA9159
:1073C00044E2EB9145E2EC9146E2ED9147E2EE9129
:1073D00048E2EF9149E2F0914AE2F1914BE2F291F9
:1073E0004CE2F3914DE2F4914EE2F5914FE2F691C9
:1073F00050E2F79151E2F89152E2F99153E2FA9199
:1074000054E2FB9155E2FC9156E2FD9157E2FE9168
:1074100058E2FF9159E200925AE201925BE2029235
:107420005CE203925DE204925EE205925FE2069204
:1074300060E2079261E2089262E2099263E20A92D4
:1074400064E20B9265E20C9266E20D9267E20E92A4
:1074500068E20F9269E210926AE211926BE2129274
:107460006CE213926DE214926EE215926FE2169244
:1074700070E2179271E2189272E2199273E21A9214
:1074800074E21B9275E21C9276E21D9277E21E92E4
:1074900078E21F9279E220927AE221927BE22292B4
:1074A0007CE223927DE224927EE2259280E2269283
:1074B00081E2279282E2289283E2299284E22A9250
:1074C00085E22B9286E22C9287E22D9288E22E9220
:1074D00089E22F928AE230928BE231928CE23292F0
:1074E0008DE233928EE234928FE2359290E23692C0
:1074F00091E2379292E2389293E2399294E23A9290
:1075000095E23B9296E23C9297E23D9298E23E925F
:1075100099E23F929AE240929BE241929CE242922F
:107520009DE243929EE244929FE24592A0E24692FF
:1075300040E3479241E3489242E3499243E34A924F
:1075400044E34B9245E34C9246E34D9247E34E921F
:1075500048E34F9249E350924AE351924BE35292EF
:107560004CE353924DE354924EE355924FE35692BF
:1075700050E3579251E3589252E3599253E35A928F
:1075800054E35B9255E35C9256E35D9257E35E925F
:1075900058E35F9259E360925AE361925BE362922F
:1075A0005CE363925DE364925EE365925FE36692FF
:1075B00060E3679261E3689262E3699263E36A92CF
:1075C00064E36B9265E36C9266E36D9267E36E929F
:1075D00068E36F9269E370926AE371926BE372926F
:1075E0006CE373926DE37492F8BC75926EE37692DD
:1075F0006FE3779270E3789271E3799272E37A9213
:1076000073E37B9274E37C9275E37D9276E37E92E2
:1076100077E37F9278E3809279E381927AE38292B2
:107620007BE383927CE384927DE385927EE3869282
:1076300080E3879281E3889282E3899283E38A924E
:1076400084E38B9285E38C9286E38D9287E38E921E
:10765000C6F68F9288E3909289E391928AE39292A0
:107660008BE393928CE394928DE395928EE39692C2
:107670008FE3979290E3989291E3999292E39A9292
:1076800093E39B9294E39C9295E39D9296E39E9262
:1076900097E39F9298E3A09299E3A1929AE3A29232
:1076A0009BE3A3929CE3A4929DE3A5929EE3A69202
:1076B0009FE3A792A0E3A89240E4A99241E4AA9292
:1076C00042E4AB9243E4AC9244E4AD9245E4AE9222
:1076D000C7F6AF9246E4B09247E4B19248E4B29262
:1076E00049E4B3924AE4B4924BE4B5924CE4B692C6
:1076F0004DE4B7924EE4B8924FE4B99250E4BA9296
:1077000051E4BB9252E4BC9253E4BD9254E4BE9265
:1077100055E4BF9256E4C09257E4C19258E4C29235
:1077200059E4C3925AE4C4925BE4C5925CE4C69205
:107730005DE4C7925EE4C892C8F6C9925FE4CA925B
:1077400060E4CB9261E4CC9262E4CD9263E4CE92A9
:1077500064E4CF9265E4D09266E4D19267E4D29279
:1077600068E4D39269E4D4926AE4D5926BE4D69249
:107770006CE4D7926DE4D8926EE4D9926FE4DA9219
:1077800070E4DB9271E4DC9272E4DD9273E4DE92E9
:1077900074E4DF9275E4E09276E4E19277E4E292B9
:1077A00078E4E39279E4E4927AE4E5927BE4E69289
:1077B0007CE4E7927DE4E8927EE4E99280E4EA9258
:1077C00081E4EB9282E4EC9283E4ED9284E4EE9225
:1077D00085E4EF9286E4F09287E4F19288E4F292F5
:1077E00089E4F3928AE4F4928BE4F5928CE4F692C5
:1077F0008DE4F7928EE4F8928FE4F99290E4FA9295
:1078000091E4FB9292E4FC9293E4FD9294E4FE9264
:1078100095E4FF9296E4009397E4019398E4029331
:1078200099E403939AE404939BE405939CE4069300
:107830009DE407939EE408939FE40993A0E40A93D0
:1078400040E50B9341E50C9342E50D9343E50E9320
:1078500044E50F9345E5109346E5119347E51293F0
:1078600048E5139349E514934AE515934BE51693C0
:107870004CE517934DE518934EE519934FE51A9390
:1078800050E51B9351E51C9352E51D9353E51E9360
:1078900054E51F9355E5209356E5219357E5229330
:1078A00058E5239359E524935AE525935BE5269300
:1078B0005CE527935DE528935EE529935FE52A93D0
:1078C00060E52B9361E52C9362E52D9363E52E93A0
:1078D00064E52F9365E5309366E5319367E5329370
:1078E00068E5339369E534936AE535936BE5369340
:1078F0006CE537936DE538936EE539936FE53A9310
:1079000070E53B9371E53C9372E53D9373E53E93DF
:10791000C9F63F9374E5409375E5419376E542934C
:1079200077E5439378E5449379E545937AE5469383
:107930007BE547937CE548937DE549937EE54A9353
:1079400080E54B9381E54C9382E54D9383E54E931F
:1079500084E54F9385E5509386E5519387E55293EF
:1079600088E5539389E554938AE555938BE55693BF
:107970008CE557938DE558938EE559938FE55A938F
:1079800090E55B9391E55C9392E55D9393E55E935F
:1079900094E55F9395E5609396E5619397E562932F
:1079A00098E5639399E564939AE565939BE56693FF
:1079B0009CE567939DE568939EE569939FE56A93CF
:1079C000CAF66B93A0E56C9340E66D9341E66E9327
:1079D00042E66F9343E6709344E6719345E67293F3
:1079E00046E6739347E6749348E6759349E67693C3
:1079F0004AE677934BE678934CE679934DE67A9393
:107A00004EE67B934FE67C9350E67D9351E67E9362
:107A100052E67F9353E6809354E6819355E6829332
:107A200056E6839357E6849358E6859359E6869302
:107A30005AE687935BE688935CE689935DE68A93D2
:107A40005EE68B935FE68C9360E68D9361E68E93A2
:107A500062E68F93CCF6909363E6919364E69293FB
:107A600065E6939366E6949367E6959368E6969346
:107A700069E697936AE698936BE699936CE69A9316
:107A80006DE69B936EE69C936FE69D9370E69E93E6
:107A900071E69F9372E6A09373E6A19374E6A293B6
:107AA00075E6A39376E6A49377E6A59378E6A69386
:107AB00079E6A7937AE6A8937BE6A9937CE6AA9356
:107AC0007DE6AB937EE6AC9380E6AD9381E6AE9324
:107AD00082E6AF9383E6B09384E6B19385E6B293F2
:107AE00086E6B39387E6B49388E6B59389E6B693C2
:107AF0008AE6B7938BE6B8938CE6B9938DE6BA9392
:107B00008EE6BB938FE6BC9390E6BD9391E6BE9361
:107B100092E6BF9393E6C09394E6C19395E6C29331
:107B200096E6C39397E6C49398E6C59399E6C69301
:107B30009AE6C7939BE6C8939CE6C9939DE6CA93D1
:107B4000CBF6CB939EE6CC939FE6CD93A0E6CE9367
:107B500040E7CF9341E7D09342E7D19343E7D293F5
:107B600044E7D39345E7D49346E7D59347E7D693C5
:107B7000E9F7D79348E7D89349E7D9934AE7DA93E7
:107B80004BE7DB934CE7DC934DE7DD934EE7DE9369
:107B90004FE7DF9350E7E09351E7E19352E7E29339
:107BA00053E7E39354E7E49355E7E59356E7E69309
:107BB00057E7E79358E7E89359E7E9935AE7EA93D9
:107BC0005BE7EB935CE7EC935DE7ED935EE7EE93A9
:107BD0005FE7EF9360E7F09361E7F19362E7F29379
:107BE00063E7F39364E7F49365E7F59366E7F69349
:107BF00067E7F79368E7F89369E7F9936AE7FA9319
:107C00006BE7FB936CE7FC936DE7FD936EE7FE93E8
:107C10006FE7FF9370E7009471E7019472E70294B5
:107C200073E7039474E7049475E7059476E7069484
:107C300077E7079478E7089479E709947AE70A9454
:107C40007BE70B947CE70C947DE70D947EE70E9424
:107C500080E70F9481E7109482E7119483E71294F0
:107C600084E7139485E7149486E7159487E71694C0
:107C700088E7179489E718948AE719948BE71A9490
:107C80008CE71B948DE71C948EE71D948FE71E9460
:107C900090E71F9491E7209492E7219493E7229430
:107CA00094E7239495E7249496E7259497E7269400
:107CB00098E7279499E728949AE729949BE72A94D0
:107CC0009CE72B949DE72C949EE72D949FE72E94A0
:107CD000A0E72F9440E8309441E8319442E8329490
:107CE00043E8339444E8349445E8359446E83694C0
:107CF00047E8379448E8389449E839944AE83A9490
:107D00004BE83B944CE83C944DE83D944EE83E945F
:107D1000CDF63F944FE8409450E8419451E84294A6
:107D200052E8439453E8449454E8459455E8469403
:107D300056E8479457E8489458E8499459E84A94D3
:107D40005AE84B945BE84C945CE84D945DE84E94A3
:107D50005EE84F945FE8509460E8519461E8529473
:107D600062E8539463E8549464E8559465E8569443
:107D700066E8579467E8589468E8599469E85A9413
:107D80006AE85B946BE85C946CE85D946DE85E94E3
:107D90006EE85F946FE8609470E8619471E86294B3
:107DA00072E8639473E8649474E8659475E8669483
:107DB00076E8679477E8689478E8699479E86A9453
:107DC0007AE86B94CEF66C947BE86D947CE86E94C4
:107DD0007DE86F947EE8709480E8719481E87294F5
:107DE00082E8739483E8749484E8759485E87694C3
:107DF00086E8779487E8789488E8799489E87A9493
:107E00008AE87B948BE87C948CE87D948DE87E9462
:107E10008EE87F948FE8809490E8819491E8829432
:107E200092E8839493E8849494E88594C4EE8694CD
:107E3000C5EE8794C6EE8894EBD58994A4B68A944F
:107E4000C8EE8B94C7EE8C94C9EE8D94CAEE8E94D6
:107E5000A5C78F94CBEE9094CCEE919495E8929434
:107E6000B0B79394F6B59494CDEE9594CFEE9694E6
:107E700096E89794CEEE989497E89994C6B89A9419
:107E8000D0EE9B94D1EE9C94D2EE9D94DBB69E9462
:107E9000AEB39F94D3D6A094C6C4A194B5B1A29416
:107EA000D6B8A394D3EEA494D4EEA594BFD4A6944C
:107EB000D5C7A794FBBEA894D9CEA994B3B9AA9468
:107EC000D6EEAB94D5EEAC94D8EEAD94D7EEAE949E
:107ED000A5C5AF94D9EEB094DAEEB194AEC7B29422
:107EE000DBEEB394AFC7B494DCEEB594A7B2B6940E
:107EF000DDEEB794DEEEB894DFEEB994E0EEBA941E
:107F0000E1EEBB94EAD7BC94E2EEBD94E3EEBE94FE
:107F1000D8BCBF94E4EEC094CBD3C194FACCC29445
:107F2000ACB2C394E5C1C494E5EEC594A6C7C694AB
:107F3000ADC3C79498E8C894E6EEC994E7EECA9436
:107F4000E8EECB94E9EECC94EAEECD94EBEECE9451
:107F5000ECEECF9499E8D094EDEED194EEEED2947D
:107F6000EFEED3949AE8D4949BE8D594F0EED694AF
:107F7000F1EED794F2EED894F4EED994F3EEDA94CD
:107F80009CE8DB94F5EEDC94ADCDDD94C1C2DE94CB
:107F9000F6EEDF94F7EEE094F8EEE194A1D5E294EA
:107FA000F9EEE394B3CFE494FAEEE594FBEEE694B5
:107FB0009DE8E794FCEEE894FDEEE994A1EFEA94E5
:107FC000FEEEEB94A2EFEC94F5B8ED94FAC3EE94C8
:107FD000A3EFEF94A4EFF094C2BDF194BFD2F2945A
:107FE000F9B2F394A5EFF494A6EFF594A7EFF69405
:107FF000F8D2F794A8EFF894FDD6F994A9EFFA9483
:10800000CCC6FB949EE8FC94AAEFFD94ABEFFE94E3
:10801000B4C1FF94ACEF0095FACF0195F8CB02956F
:10802000AEEF0395ADEF0495FAB30595F8B9069553
:10803000AFEF0795B0EF0895E2D00995B1EF0A953B
:10804000B2EF0B95E6B70C95BFD00D95B3EF0E953B
:10805000B4EF0F95B5EF1095F1C81195E0CC1295DE
:10806000B6EF1395B7EF1495B8EF1595B9EF1695D0
:10807000BAEF1795E0D51895BBEF1995EDB41A95A1
:10808000AAC31B95BCEF1C959FE81D95BDEF1E95DF
:10809000BEEF1F95BFEF2095A0E82195FDCE22955C
:1080A000C0EF2395E0C22495B8B42595B6D72695A0
:1080B000F5BD279540E92895C7CF2995C3EF2A95A7
:1080C000C1EF2B95C2EF2C95C4EF2D95A7B62E9539
:1080D000FCBC2F95E2BE3095CCC33195C5EF3295EF
:1080E000C6EF339541E93495C7EF3595CFEF369517
:1080F000C8EF3795C9EF3895CAEF3995C2C73A9599
:10810000F1EF3B95CDB63C95CBEF3D9542E93E95E1
:10811000CCEF3F95CDEF4095C6B64195BEC3429595
:10812000CEEF439543E94495D0EF4595D1EF469581
:10813000D2EF4795F2D5489544E94995D3EF4A9552
:10814000F7C44B9545E94C95D4EF4D95F8C44E9541
:10815000D5EF4F95D6EF5095E4B85195F7B05295BD
:10816000D7EF5395D8EF5495D9EF559546E95695E5
:10817000DAEF5795DBEF5895DCEF5995DDEF5A951F
:1081800047E95B95DEEF5C95B5BE5D95E1EF5E95E9
:10819000DFEF5F95E0EF609548E96195E2EF62956A
:1081A000E3EF6395CDC16495E4EF6595E5EF6695E2
:1081B000E6EF6795E7EF6895E8EF6995E9EF6A956F
:1081C000EAEF6B95EBEF6C95ECEF6D95D8C06E9583
:1081D00049E96F95EDEF7095ADC17195EEEF729530
:1081E000EFEF7395F0EF74954AE975954BE9769545
:1081F000E2CF77954CE978954DE979954EE97A95F6
:108200004FE97B9550E97C9551E97D9552E97E9542
:1082100053E97F95A4B3809554E9819555E98295FA
:1082200056E9839557E9849558E9859559E98695E6
:108230005AE987955BE988955CE989955DE98A95B6
:108240005EE98B955FE98C9560E98D9561E98E9586
:1082500062E98F9563E9909564E9919565E9929556
:1082600066E9939567E9949568E9959569E9969526
:108270006AE997956BE998956CE999956DE99A95F6
:108280006EE99B956FE99C9570E99D9571E99E95C6
:1082900072E99F9573E9A09574E9A19575E9A29596
:1082A00076E9A39577E9A49578E9A59579E9A69566
:1082B0007AE9A7957BE9A8957CE9A9957DE9AA9536
:1082C0007EE9AB9580E9AC9581E9AD9582E9AE9503
:1082D00083E9AF9584E9B09585E9B19586E9B295D2
:1082E00087E9B39588E9B49589E9B5958AE9B695A2
:1082F0008BE9B7958CE9B8958DE9B9958EE9BA9572
:108300008FE9BB9590E9BC9591E9BD9592E9BE9541
:1083100093E9BF9594E9C09595E9C19596E9C29511
:1083200097E9C39598E9C49599E9C5959AE9C695E1
:108330009BE9C7959CE9C8959DE9C9959EE9CA95B1
:108340009FE9CB95A0E9CC9540EACD9541EACE9541
:1083500042EACF9543EAD09544EAD19545EAD295D1
:1083600046EAD39547EAD49548EAD59549EAD695A1
:108370004AEAD7954BEAD8954CEAD9954DEADA9571
:108380004EEADB954FEADC9550EADD9551EADE9541
:1083900052EADF9553EAE09554EAE19555EAE29511
:1083A00056EAE39557EAE49558EAE59559EAE695E1
:1083B0005AEAE7955BEAE895C5C3E995C5E3EA950E
:1083C000C1C9EB95C6E3EC955CEAED95D5B1EE95A8
:1083D000CACEEF95B3B4F095F2C8F195C7E3F29524
:1083E000D0CFF395C8E3F495E4BCF595C9E3F695D1
:1083F000CAE3F795C6C3F895A2D5F995D6C4FA9500
:10840000EBB9FB95C5CEFC95CBE3FD95F6C3FE9588
:10841000CCE3FF955DEA0096A7B70196F3B8029604
:10842000D2BA0396CDE30496CEE30596C4D406965D
:10843000CFE307965EEA0896D0E30996CBD10A9679
:10844000D1E30B96D2E30C96D3E30D96D4E30E96CC
:10845000D6D10F96D5E31096FBB21196BBC01296FB
:10846000D6E313965FEA1496ABC01596D7E316963B
:10847000D8E31796D9E3189660EA1996DAE31A96C4
:10848000DBE31B9661EA1C96B7B81D96E2DA1E96EE
:1084900062EA1F96D3B6209663EA2196E4DA229622
:1084A000E3DA239664EA249665EA259666EA269638
:1084B00067EA279668EA289669EA29966AEA2A9678
:1084C000E6DA2B966BEA2C966CEA2D966DEA2E96E0
:1084D000EEC82F966EEA30966FEA3196E5DA32965C
:1084E000C0B73396F4D13496F5D23596F3D5369697
:1084F000D7BD379670EA389671EA399672EA3A969D
:1085000073EA3B96E8D73C96E8DA3D96E7DA3E9682
:1085100074EA3F96A2B04096D3CD419675EA429652
:10852000E9DA439676EA4496BDB84596CABC4696C3
:10853000BDC24796A4C24896C2B34996EADA4A96A3
:1085400077EA4B96AAC24C96B0C44D96B5BD4E96EE
:1085500078EA4F9679EA5096DECF51967AEA5296AB
:108560007BEA53967CEA5496EBDA5596C2C9569646
:108570007DEA57967EEA589680EA599681EA5A969D
:1085800082EA5B96DDB15C9683EA5D9684EA5E964C
:1085900085EA5F96ECDA609686EA6196B8B66296EE
:1085A000BAD4639687EA6496FDB3659688EA6696C0
:1085B00089EA6796EDDA6896C9D46996D5CF6A9646
:1085C000E3C56B968AEA6C96EEDA6D968BEA6E9648
:1085D0008CEA6F968DEA70968EEA71968FEA7296A3
:1085E000EFDA739690EA7496F0DA7596EAC17696A9
:1085F000D5CC7796DDCF789691EA799692EA7A96FD
:1086000093EA7B9694EA7C9695EA7D9696EA7E9626
:1086100097EA7F9698EA809699EA81969AEA8296F6
:108620009BEA83969CEA84969DEA8596E7D3869694
:10863000A1C287969EEA8896F1DA89969FEA8A9681
:10864000A0EA8B96E5CB8C9640EB8D96F2DA8E966F
:1086500041EB8F96E6CB9096FED2919642EB9296A6
:1086600043EB939644EB9496F4B8959645EB969627
:1086700046EB9796F3DA9896AFB09996B6CF9A965E
:1086800047EB9B9648EB9C96CFD59D9649EB9E96E3
:108690004AEB9F964BEBA0964CEBA1964DEBA29626
:1086A0004EEBA3964FEBA49650EBA59651EBA696F6
:1086B00052EBA796EDCBA89653EBA99654EBAA964E
:1086C00055EBAB9656EBAC9657EBAD9658EBAE969A
:1086D00059EBAF965AEBB096F4DAB1965BEBB296E3
:1086E0005CEBB396C4E3B4965DEBB5965EEBB696E1
:1086F000A5C1B7965FEBB89660EBB996BFF6BA9690
:1087000061EBBB9662EBBC96C0F6BD96C1F6BE9619
:10871000D1C4BF9663EBC096B8C8C196E3D1C296E8
:1087200064EBC39665EBC496DBD0C596C5D1C696FF
:10873000AFBCC796CDB9C89666EBC996F4EFCA969A
:1087400067EBCB9668EBCC96C6B4CD96BAD3CE96F3
:10875000C2F6CF96FBB3D09669EBD1966AEBD29670
:10876000C3F6D3966BEBD4966CEBD596F1B5D69653
:108770006DEBD7966EEBD8966FEBD99670EBDA96D9
:1087800071EBDB9672EBDC9673EBDD9674EBDE96A9
:1087900075EBDF9676EBE096C5F6E19677EBE29621
:1087A00078EBE39679EBE4967AEBE5967BEBE6964D
:1087B0007CEBE7967DEBE896EAD3E996A7F6EA9696
:1087C000A9D1EB967EEBEC9680EBED9681EBEE96E5
:1087D00082EBEF96A9F6F09683EBF19684EBF29696
:1087E00085EBF396A8F6F49686EBF59687EBF6966E
:1087F000E3C1F796D7C0F89688EBF996A2B1FA963E
:1088000089EBFB968AEBFC968BEBFD968CEBFE9648
:10881000EDCEFF968DEB0097E8D00197ABF602976F
:108820008EEB03978FEB0497F6CF059790EB0697A7
:10883000AAF60797F0D50897ACF60997B9C30A9737
:1088400091EB0B9792EB0C9793EB0D97F4BB0E9774
:10885000AEF60F97ADF6109794EB119795EB129734
:1088600096EB1397DEC4149797EB159798EB169732
:10887000D8C1179799EB18979AEB19979BEB1A9712
:108880009CEB1B979DEB1C97AACB1D979EEB1E970D
:10889000BCCF1F979FEB2097A0EB219740EC22972E
:1088A00041EC239742EC249743EC259744EC269720
:1088B00045EC279746EC289747EC299748EC2A97F0
:1088C000AFF62B9749EC2C974AEC2D97B0F62E97E4
:1088D0004BEC2F974CEC3097B1F631974DEC32972B
:1088E000B6C233974EEC34974FEC359750EC369731
:1088F00051EC379752EC3897D4B03997F9C53A977D
:1089000053EC3B9754EC3C9755EC3D9756EC3E9717
:10891000B2F63F9757EC409758EC419759EC429785
:108920005AEC43975BEC44975CEC45975DEC4697BB
:108930005EEC47975FEC489760EC499761EC4A978B
:1089400062EC4B9763EC4C9764EC4D9765EC4E975B
:1089500066EC4F9767EC509768EC519769EC52972B
:10896000E0C75397A6F654976AEC55976BEC569769
:10897000B8BE57976CEC58976DEC5997B2BE5A97A2
:108980006EEC5B97E5B55C976FEC5D9770EC5E976E
:10899000C7B75F9771EC6097BFBF6197D2C362970B
:1089A000E6C3639772EC649773EC6597CCD86697CF
:1089B00074EC679775EC689776EC6997EFB86A97EF
:1089C00077EC6B9778EC6C9779EC6D977AEC6E9707
:1089D0007BEC6F977CEC70977DEC71977EEC7297D7
:1089E00080EC7397F9BD7497A5D1759781EC769754
:1089F000D0B0779782EC789783EC799784EC7A976C
:108A000085EC7B9786EC7C97B0F77D9787EC7E971B
:108A100088EC7F9789EC80978AEC81978BEC829722
:108A20008CEC83978DEC84978EEC8597B1F78697C5
:108A30008FEC879790EC889791EC899792EC8A97C6
:108A400093EC8B97ACD08C9794EC8D97B0B08E97BD
:108A500095EC8F9796EC909797EC9197B2F7929749
:108A6000B3F7939798EC9497B4F7959799EC9697FA
:108A70009AEC97979BEC9897CAC799979CEC9A9712
:108A80009DEC9B979EEC9C979FEC9D97A0EC9E97EE
:108A900040ED9F9741EDA097CFBEA19742EDA297E1
:108AA00043EDA397B7F7A49744EDA59745EDA69797
:108AB00046EDA79747EDA89748EDA99749EDAA97E6
:108AC0004AEDAB97B6F7AC974BEDAD97DEB1AE97ED
:108AD0004CEDAF97B5F7B0974DEDB1974EEDB2971E
:108AE000B8F7B3974FEDB497B9F7B59750EDB69780
:108AF00051EDB79752EDB89753EDB99754EDBA973A
:108B000055EDBB9756EDBC9757EDBD9758EDBE9709
:108B100059EDBF975AEDC0975BEDC1975CEDC297D9
:108B20005DEDC3975EEDC4975FEDC59760EDC697A9
:108B300061EDC79762EDC89763EDC99764EDCA9779
:108B400065EDCB9766EDCC9767EDCD9768EDCE9749
:108B500069EDCF976AEDD0976BEDD1976CEDD29719
:108B60006DEDD3976EEDD4976FEDD59770EDD697E9
:108B700071EDD79772EDD89773EDD99774EDDA97B9
:108B800075EDDB9776EDDC9777EDDD9778EDDE9789
:108B900079EDDF977AEDE0977BEDE1977CEDE29759
:108BA0007DEDE3977EEDE49780EDE59781EDE69727
:108BB000A4CEE797CDC8E89782EDE997ABBAEA97DC
:108BC000B8E8EB97B9E8EC97BAE8ED97C2BEEE9734
:108BD00083EDEF9784EDF09785EDF19786EDF297B1
:108BE00087EDF397F4D2F49788EDF597CFD4F69705
:108BF000D8C9F79789EDF8978AEDF9978BEDFA9731
:108C00008CEDFB978DEDFC978EEDFD978FEDFE972C
:108C100090EDFF9791ED009892ED019893ED0298F9
:108C200094ED039895ED049896ED059897ED0698C8
:108C300098ED079899ED08989AED09989BED0A9898
:108C40009CED0B989DED0C989EED0D989FED0E9868
:108C5000A0ED0F9840EE109841EE119842EE129858
:108C600043EE139844EE149845EE159846EE169888
:108C700047EE179848EE189849EE19984AEE1A9858
:108C80004BEE1B984CEE1C984DEE1D984EEE1E9828
:108C90004FEE1F9850EE209851EE219852EE2298F8
:108CA00053EE239854EE249855EE259856EE2698C8
:108CB00057EE279858EE289859EE29985AEE2A9898
:108CC0005BEE2B985CEE2C985DEE2D985EEE2E9868
:108CD0005FEE2F9860EE309861EE319862EE329838
:108CE00063EE339864EE349865EE359866EE369808
:108CF00067EE379868EE389869EE39986AEE3A98D8
:108D00006BEE3B986CEE3C986DEE3D986EEE3E98A7
:108D10006FEE3F9870EE409871EE419872EE429877
:108D200073EE439874EE449875EE459876EE469847
:108D300077EE479878EE489879EE49987AEE4A9817
:108D40007BEE4B987CEE4C987DEE4D987EEE4E98E7
:108D500080EE4F9881EE509882EE519883EE5298B3
:108D600084EE539885EE549886EE559887EE569883
:108D700088EE579889EE58988AEE59988BEE5A9853
:108D80008CEE5B988DEE5C988EEE5D988FEE5E9823
:108D900090EE5F9891EE609892EE619893EE6298F3
:108DA00094EE639895EE649896EE659897EE6698C3
:108DB00098EE679899EE68989AEE69989BEE6A9893
:108DC0009CEE6B989DEE6C989EEE6D989FEE6E9863
:108DD000A0EE6F9840EF709841EF719842EF729853
:108DE00043EF739844EF749845EF7598B3D2769833
:108DF000A5B67798EAC77898FCF17998EECF7A987B
:108E0000B3CB7B98EBD07C98EFE77D98E7CD7E984D
:108E1000CBB97F98D9B68098FDF18198E4B082985B
:108E2000CCCB8398FEF18498A4D48598ADC2869863
:108E3000ECC18798C4C68898B1BE8998A1F28A9877
:108E4000D5BC8B9846EF8C98A2F28D98A3F28E98A1
:108E500047EF8F98A4F29098C3D29198B5C6929894
:108E600048EF9398C7CD9498A5F2959849EF9698B6
:108E7000B1D39798C5BF9898E2CC99984AEF9A9841
:108E8000A6F29B98A7F29C98D5D19D98EEB69E9895
:108E9000A8F29F98A9F2A098DFB5A198AAF2A2988B
:108EA000ABF2A3984BEFA498FCB2A598ACF2A698AD
:108EB000ADF2A798A7C8A8984CEFA9984DEFAA982B
:108EC0004EEFAB984FEFAC9850EFAD9851EFAE9896
:108ED00052EFAF9853EFB09854EFB19855EFB29866
:108EE00056EFB39857EFB49858EFB59859EFB69836
:108EF0005AEFB7985BEFB8985CEFB9985DEFBA9806
:108F00005EEFBB985FEFBC9860EFBD9861EFBE98D5
:108F100062EFBF9863EFC09864EFC19865EFC298A5
:108F200066EFC39867EFC49868EFC59869EFC69875
:108F30006AEFC7986BEFC8986CEFC9986DEFCA9845
:108F40006EEFCB986FEFCC9870EFCD9871EFCE9815
:108F5000E7B7CF9872EFD09873EFD198A9ECD29879
:108F6000AAECD398ABECD49874EFD598ACECD69827
:108F700075EFD79876EFD898AEC6D998ADECDA9859
:108F8000AEECDB9877EFDC9878EFDD9879EFDE9840
:108F9000C9B7DF98B3CAE0987AEFE1987BEFE2981F
:108FA0007CEFE3987DEFE4987EEFE59880EFE6981C
:108FB00081EFE798B8E2E898CFF7E99882EFEA986E
:108FC00083EFEB9884EFEC9885EFED9886EFEE98C1
:108FD00087EFEF9888EFF09889EFF1988AEFF29891
:108FE0008BEFF3988CEFF4988DEFF5988EEFF69861
:108FF0008FEFF79890EFF89891EFF99892EFFA9831
:1090000093EFFB9894EFFC9895EFFD9896EFFE9800
:1090100097EFFF9898EF009999EF01999AEF0299CD
:109020009BEF03999CEF04999DEF05999EEF06999C
:109030009FEF0799A0EF089940F0099941F00A992C
:1090400042F00B9943F00C9944F00D99D0F70E992A
:1090500045F00F9946F01099CDB2119947F0129949
:1090600048F0139949F014994AF015994BF0169964
:109070004CF017994DF018994EF019994FF01A9934
:1090800050F01B9951F01C9952F01D9953F01E9904
:1090900054F01F9955F0209956F0219957F02299D4
:1090A00058F0239959F024995AF025995BF02699A4
:1090B0005CF027995DF028995EF029995FF02A9974
:1090C00060F02B9961F02C9962F02D9963F02E9944
:1090D000D1F72F9964F0309965F0319966F03299A3
:1090E00067F0339968F0349969F035996AF03699E8
:1090F0006BF037996CF038996DF039996EF03A99B8
:109100006FF03B9970F03C9971F03D9972F03E9987
:1091100073F03F9974F0409975F0419976F0429957
:1091200077F0439978F0449979F045997AF0469927
:109130007BF047997CF048997DF049997EF04A99F7
:1091400080F04B9981F04C9982F04D9983F04E99C3
:1091500084F04F9985F0509986F0519987F0529993
:1091600088F0539989F05499D3F75599D2F75699C5
:109170008AF057998BF058998CF059998DF05A993B
:109180008EF05B998FF05C9990F05D9991F05E990B
:1091900092F05F9993F0609994F0619995F06299DB
:1091A00096F06399BBE2649997F06599A2BC6699C1
:1091B00098F06799BCE26899BDE26999BEE26A9944
:1091C000BFE26B99C0E26C99C1E26D99B9B76E9933
:1091D000FBD26F99A4BD7099CECA7199A5B172994D
:1091E000C7CB739999F07499C2E27599FCB67699D8
:1091F000C4C87799C3E278999AF079999BF07A99E3
:10920000C8BD7B999CF07C99FDB17D99C4E27E99A3
:109210009DF07F99F6B68099C5E28199D9C482996B
:109220009EF083999FF08499C6E28599DACF86995A
:10923000DDB98799C7E28899A1C08999A0F08A9978
:10924000C8E28B99F6B28C9940F18D99C9E28E995A
:1092500041F18F99F3C19099CAE29199CBE2929929
:10926000F8C29399CCE29499CDE29599CEE2969981
:10927000D7CA9799B8D89899E5D99999E3CF9A9987
:1092800042F19B9943F19C9944F19D9945F19E9936
:1092900046F19F9947F1A09948F1A19949F1A29906
:1092A0004AF1A3994BF1A4994CF1A599A5F0A6997F
:1092B0004DF1A7994EF1A899B0DCA9994FF1AA995F
:1092C00050F1AB9951F1AC9952F1AD9953F1AE997E
:1092D00054F1AF9955F1B09956F1B19957F1B2994E
:1092E00058F1B39959F1B4995AF1B5995BF1B6991E
:1092F0005CF1B7995DF1B8995EF1B9995FF1BA99EE
:1093000060F1BB9961F1BC9962F1BD9963F1BE99BD
:1093100064F1BF9965F1C09966F1C19967F1C2998D
:1093200068F1C39969F1C4996AF1C5996BF1C6995D
:109330006CF1C7996DF1C8996EF1C9996FF1CA992D
:1093400070F1CB9971F1CC9972F1CD9973F1CE99FD
:1093500074F1CF9975F1D09976F1D19977F1D299CD
:1093600078F1D39979F1D4997AF1D5997BF1D6999D
:109370007CF1D7997DF1D8997EF1D99980F1DA996C
:1093800081F1DB9982F1DC9983F1DD9984F1DE9939
:1093900085F1DF9986F1E09987F1E19988F1E29909
:1093A00089F1E3998AF1E4998BF1E5998CF1E699D9
:1093B0008DF1E7998EF1E8998FF1E99990F1EA99A9
:1093C00091F1EB9992F1EC9993F1ED9994F1EE9979
:1093D00095F1EF9996F1F09997F1F19998F1F29949
:1093E00099F1F3999AF1F4999BF1F5999CF1F69919
:1093F0009DF1F7999EF1F8999FF1F999A0F1FA99E9
:1094000040F2FB9941F2FC9942F2FD9943F2FE9938
:1094100044F2FF9945F2009A46F2019A47F2029A05
:1094200048F2039A49F2049A4AF2059A4BF2069AD4
:109430004CF2079A4DF2089A4EF2099A4FF20A9AA4
:1094400050F20B9A51F20C9A52F20D9A53F20E9A74
:1094500054F20F9A55F2109A56F2119A57F2129A44
:1094600058F2139A59F2149A5AF2159A5BF2169A14
:109470005CF2179A5DF2189A5EF2199A5FF21A9AE4
:1094800060F21B9A61F21C9A62F21D9A63F21E9AB4
:1094900064F21F9A65F2209A66F2219A67F2229A84
:1094A00068F2239A69F2249A6AF2259A6BF2269A54
:1094B0006CF2279A6DF2289A6EF2299A6FF22A9A24
:1094C00070F22B9A71F22C9A72F22D9A73F22E9AF4
:1094D00074F22F9A75F2309A76F2319A77F2329AC4
:1094E00078F2339A79F2349A7AF2359A7BF2369A94
:1094F0007CF2379A7DF2389A7EF2399A80F23A9A63
:1095000081F23B9A82F23C9A83F23D9A84F23E9A2F
:1095100085F23F9A86F2409A87F2419A88F2429AFF
:1095200089F2439A8AF2449A8BF2459A8CF2469ACF
:109530008DF2479A8EF2489A8FF2499A90F24A9A9F
:1095400091F24B9A92F24C9A93F24D9A94F24E9A6F
:1095500095F24F9A96F2509A97F2519A98F2529A3F
:1095600099F2539A9AF2549A9BF2559A9CF2569A0F
:109570009DF2579A9EF2589A9FF2599AA0F25A9ADF
:1095800040F35B9A41F35C9A42F35D9A43F35E9A2F
:1095900044F35F9A45F3609A46F3619A47F3629AFF
:1095A00048F3639A49F3649A4AF3659A4BF3669ACF
:1095B0004CF3679A4DF3689A4EF3699A4FF36A9A9F
:1095C00050F36B9A51F36C9AEDC26D9AA6D46E9AD1
:1095D000D4CD6F9AB1D1709ADBB3719AFDC7729AEC
:1095E00052F3739AB5B2749ABFC2759AE0E6769A4E
:1095F000BBCA779AE1E6789AE2E6799AD4BE7A9A7B
:10960000E3E67B9AA4D77C9AD5CD7D9AE5E67E9A4F
:10961000DDBC7F9AE4E6809AE6E6819AE7E6829AE4
:10962000EEC2839A53F3849ABEBD859AE8E6869A81
:10963000E6C2879AA7BA889AE9E6899A54F38A9A81
:10964000EAE68B9AD2B38C9AE9D18D9A55F38E9A29
:1096500056F38F9AA5BF909AEBE6919AEFC6929A2D
:10966000ECE6939AEDE6949A57F3959A58F3969A06
:10967000EEE6979AADC6989AEFE6999A59F39A9AB8
:10968000A7C99B9AF0E69C9AF1E69D9AF2E69E9A0B
:10969000B9E59F9AF3E6A09AF4E6A19AE2C2A29AEB
:1096A000F5E6A39AF6E6A49AE8D6A59AF7E6A69A6E
:1096B0005AF3A79AF8E6A89AC7B9A99A5BF3AA9AA7
:1096C0005CF3AB9A5DF3AC9A5EF3AD9A5FF3AE9A3E
:1096D00060F3AF9A61F3B09ABBF7B19ABAF7B29A56
:1096E00062F3B39A63F3B49A64F3B59A65F3B69AE6
:1096F000BEF7B79ABCF7B89AA1BAB99A66F3BA9A04
:10970000BFF7BB9A67F3BC9AC0F7BD9A68F3BE9ADD
:1097100069F3BF9A6AF3C09AC2F7C19AC1F7C29AB5
:10972000C4F7C39A6BF3C49A6CF3C59AC3F7C69A8D
:109730006DF3C79A6EF3C89A6FF3C99A70F3CA9A19
:1097400071F3CB9AC5F7CC9AC6F7CD9A72F3CE9A3D
:1097500073F3CF9A74F3D09A75F3D19AC7F7D29A6C
:1097600076F3D39AE8CBD49A77F3D59A78F3D69A4E
:1097700079F3D79A7AF3D89ADFB8D99A7BF3DA9A41
:109780007CF3DB9A7DF3DC9A7EF3DD9A80F3DE9A3C
:1097900081F3DF9AD4F7E09A82F3E19AD5F7E29A5F
:1097A00083F3E39A84F3E49A85F3E59A86F3E69AE1
:1097B000D6F7E79A87F3E89A88F3E99A89F3EA9A61
:1097C0008AF3EB9AD8F7EC9A8BF3ED9ADAF7EE9AE4
:1097D0008CF3EF9AD7F7F09A8DF3F19A8EF3F29A11
:1097E0008FF3F39A90F3F49A91F3F59A92F3F69A31
:1097F00093F3F79A94F3F89A95F3F99ADBF7FA9AB8
:1098000096F3FB9AD9F7FC9A97F3FD9A98F3FE9A90
:1098100099F3FF9A9AF3009B9BF3019B9CF3029BA5
:109820009DF3039BD7D7049B9EF3059B9FF3069B59
:10983000A0F3079B40F4089BDCF7099B41F40A9BCB
:1098400042F40B9B43F40C9B44F40D9B45F40E9B9C
:1098500046F40F9BDDF7109B47F4119B48F4129BD5
:1098600049F4139BDEF7149B4AF4159B4BF4169BAB
:109870004CF4179B4DF4189B4EF4199B4FF41A9B14
:1098800050F41B9B51F41C9B52F41D9B53F41E9BE4
:1098900054F41F9BDFF7209B55F4219B56F4229B29
:1098A00057F4239BE0F7249B58F4259B59F4269BFF
:1098B0005AF4279B5BF4289B5CF4299B5DF42A9B5C
:1098C0005EF42B9B5FF42C9B60F42D9B61F42E9B2C
:1098D00062F42F9BCBDB309B63F4319B64F4329BAF
:1098E000AAD8339B65F4349B66F4359B67F4369BAA
:1098F00068F4379B69F4389B6AF4399B6BF43A9BA4
:109900006CF43B9BF7E53C9BEDB93D9B6DF43E9BB6
:109910006EF43F9B6FF4409B70F4419BFDBF429BF4
:10992000EABB439BC9F7449BC7C6459BC8F7469B08
:1099300071F4479BCAF7489BCCF7499BCBF74A9BEE
:1099400072F44B9B73F44C9B74F44D9BCDF74E9B80
:1099500075F44F9BBACE509B76F4519BCEF7529B39
:1099600077F4539B78F4549BA7C4559B79F4569B8A
:109970007AF4579B7BF4589B7CF4599B7DF45A9B5B
:109980007EF45B9B80F45C9B81F45D9B82F45E9B28
:1099900083F45F9B84F4609B85F4619B86F4629BF7
:1099A00087F4639B88F4649B89F4659B8AF4669BC7
:1099B0008BF4679B8CF4689B8DF4699B8EF46A9B97
:1099C0008FF46B9B90F46C9B91F46D9B92F46E9B67
:1099D00093F46F9B94F4709B95F4719B96F4729B37
:1099E00097F4739B98F4749B99F4759B9AF4769B07
:1099F0009BF4779B9CF4789B9DF4799B9EF47A9BD7
:109A00009FF47B9BA0F47C9B40F57D9B41F57E9B66
:109A100042F57F9B43F5809B44F5819B45F5829BF6
:109A200046F5839B47F5849B48F5859B49F5869BC6
:109A30004AF5879B4BF5889B4CF5899B4DF58A9B96
:109A40004EF58B9B4FF58C9B50F58D9B51F58E9B66
:109A500052F58F9B53F5909B54F5919B55F5929B36
:109A600056F5939B57F5949B58F5959B59F5969B06
:109A70005AF5979B5BF5989B5CF5999B5DF59A9BD6
:109A80005EF59B9B5FF59C9B60F59D9B61F59E9BA6
:109A900062F59F9B63F5A09B64F5A19B65F5A29B76
:109AA00066F5A39B67F5A49B68F5A59B69F5A69B46
:109AB0006AF5A79B6BF5A89B6CF5A99B6DF5AA9B16
:109AC0006EF5AB9B6FF5AC9B70F5AD9B71F5AE9BE6
:109AD00072F5AF9B73F5B09B74F5B19B75F5B29BB6
:109AE00076F5B39B77F5B49B78F5B59B79F5B69B86
:109AF0007AF5B79B7BF5B89B7CF5B99B7DF5BA9B56
:109B00007EF5BB9B80F5BC9B81F5BD9B82F5BE9B22
:109B100083F5BF9B84F5C09B85F5C19B86F5C29BF1
:109B200087F5C39B88F5C49B89F5C59B8AF5C69BC1
:109B30008BF5C79B8CF5C89B8DF5C99B8EF5CA9B91
:109B40008FF5CB9B90F5CC9B91F5CD9B92F5CE9B61
:109B500093F5CF9B94F5D09B95F5D19B96F5D29B31
:109B600097F5D39B98F5D49B99F5D59B9AF5D69B01
:109B70009BF5D79B9CF5D89B9DF5D99B9EF5DA9BD1
:109B80009FF5DB9BA0F5DC9B40F6DD9B41F6DE9B61
:109B900042F6DF9B43F6E09B44F6E19B45F6E29BF1
:109BA00046F6E39B47F6E49B48F6E59B49F6E69BC1
:109BB0004AF6E79B4BF6E89B4CF6E99B4DF6EA9B91
:109BC0004EF6EB9B4FF6EC9B50F6ED9B51F6EE9B61
:109BD00052F6EF9B53F6F09B54F6F19B55F6F29B31
:109BE00056F6F39B57F6F49B58F6F59B59F6F69B01
:109BF0005AF6F79B5BF6F89B5CF6F99B5DF6FA9BD1
:109C00005EF6FB9B5FF6FC9B60F6FD9B61F6FE9BA0
:109C100062F6FF9B63F6009C64F6019C65F6029C6D
:109C200066F6039C67F6049C68F6059C69F6069C3C
:109C30006AF6079C6BF6089C6CF6099C6DF60A9C0C
:109C40006EF60B9C6FF60C9C70F60D9C71F60E9CDC
:109C500072F60F9C73F6109C74F6119C75F6129CAC
:109C600076F6139C77F6149C78F6159C79F6169C7C
:109C70007AF6179C7BF6189C7CF6199C7DF61A9C4C
:109C80007EF61B9C80F61C9C81F61D9C82F61E9C19
:109C900083F61F9C84F6209C85F6219C86F6229CE8
:109CA00087F6239C88F6249C89F6259C8AF6269CB8
:109CB0008BF6279C8CF6289C8DF6299C8EF62A9C88
:109CC0008FF62B9C90F62C9C91F62D9C92F62E9C58
:109CD00093F62F9C94F6309C95F6319C96F6329C28
:109CE00097F6339C98F6349C99F6359C9AF6369CF8
:109CF0009BF6379C9CF6389C9DF6399C9EF63A9CC8
:109D00009FF63B9CA0F63C9C40F73D9C41F73E9C57
:109D100042F73F9C43F7409C44F7419C45F7429CE7
:109D200046F7439C47F7449C48F7459C49F7469CB7
:109D30004AF7479C4BF7489C4CF7499C4DF74A9C87
:109D40004EF74B9C4FF74C9C50F74D9C51F74E9C57
:109D500052F74F9C53F7509C54F7519C55F7529C27
:109D600056F7539C57F7549C58F7559C59F7569CF7
:109D70005AF7579C5BF7589C5CF7599C5DF75A9CC7
:109D80005EF75B9C5FF75C9C60F75D9C61F75E9C97
:109D900062F75F9C63F7609C64F7619C65F7629C67
:109DA00066F7639C67F7649C68F7659C69F7669C37
:109DB0006AF7679C6BF7689C6CF7699C6DF76A9C07
:109DC0006EF76B9C6FF76C9C70F76D9C71F76E9CD7
:109DD00072F76F9C73F7709C74F7719C75F7729CA7
:109DE00076F7739C77F7749C78F7759C79F7769C77
:109DF0007AF7779C7BF7789C7CF7799C7DF77A9C47
:109E00007EF77B9C80F77C9CE3D37D9C81F77E9CD6
:109E100082F77F9CCFF6809C83F7819CB3C2829CA3
:109E2000D0F6839C84F7849C85F7859CD1F6869C2C
:109E3000D2F6879CD3F6889CD4F6899C86F78A9CB8
:109E400087F78B9CD6F68C9C88F78D9CABB18E9C4B
:109E5000D7F68F9C89F7909CD8F6919CD9F6929C66
:109E6000DAF6939C8AF7949CDBF6959CDCF6969C3C
:109E70008BF7979C8CF7989C8DF7999C8EF79A9C02
:109E8000DDF69B9CDEF69C9CCACF9D9C8FF79E9C2A
:109E9000DFF69F9CE0F6A09CE1F6A19CE2F6A29C76
:109EA000E3F6A39CE4F6A49CF0C0A59CE5F6A69C72
:109EB000E6F6A79CE7F6A89CE8F6A99CE9F6AA9C1A
:109EC00090F7AB9CEAF6AC9C91F7AD9CEBF6AE9CA0
:109ED000ECF6AF9C92F7B09CEDF6B19CEEF6B29C1E
:109EE000EFF6B39CF0F6B49CF1F6B59CF2F6B69C96
:109EF000F3F6B79CF4F6B89CA8BEB99C93F7BA9C4D
:109F0000F5F6BB9CF6F6BC9CF7F6BD9CF8F6BE9C3D
:109F100094F7BF9C95F7C09C96F7C19C97F7C29C9D
:109F200098F7C39CFAC8C49CF9F6C59CFAF6C69C7F
:109F3000FBF6C79CFCF6C89C99F7C99C9AF7CA9C8B
:109F4000FDF6CB9CFEF6CC9CA1F7CD9CA2F7CE9C57
:109F5000A3F7CF9CA4F7D09CA5F7D19C9BF7D29CEC
:109F60009CF7D39CA6F7D49CA7F7D59CA8F7D69CC2
:109F7000EEB1D79CA9F7D89CAAF7D99CABF7DA9C8D
:109F80009DF7DB9C9EF7DC9CACF7DD9CADF7DE9C7F
:109F9000DBC1DF9CAEF7E09C9FF7E19CA0F7E29C61
:109FA000AFF7E39C40F8E49C41F8E59C42F8E69C5E
:109FB00043F8E79C44F8E89C45F8E99C46F8EA9C9D
:109FC00047F8EB9C48F8EC9C49F8ED9C4AF8EE9C6D
:109FD0004BF8EF9C4CF8F09C4DF8F19C4EF8F29C3D
:109FE0004FF8F39C50F8F49C51F8F59C52F8F69C0D
:109FF00053F8F79C54F8F89C55F8F99C56F8FA9CDD
:10A0000057F8FB9C58F8FC9C59F8FD9C5AF8FE9CAC
:10A010005BF8FF9C5CF8009D5DF8019D5EF8029D79
:10A020005FF8039D60F8049D61F8059D62F8069D48
:10A0300063F8079D64F8089D65F8099D66F80A9D18
:10A0400067F80B9D68F80C9D69F80D9D6AF80E9DE8
:10A050006BF80F9D6CF8109D6DF8119D6EF8129DB8
:10A060006FF8139D70F8149D71F8159D72F8169D88
:10A0700073F8179D74F8189D75F8199D76F81A9D58
:10A0800077F81B9D78F81C9D79F81D9D7AF81E9D28
:10A090007BF81F9D7CF8209D7DF8219D7EF8229DF8
:10A0A00080F8239D81F8249D82F8259D83F8269DC4
:10A0B00084F8279D85F8289D86F8299D87F82A9D94
:10A0C00088F82B9D89F82C9D8AF82D9D8BF82E9D64
:10A0D0008CF82F9D8DF8309D8EF8319D8FF8329D34
:10A0E00090F8339D91F8349D92F8359D93F8369D04
:10A0F00094F8379D95F8389D96F8399D97F83A9DD4
:10A1000098F83B9D99F83C9D9AF83D9D9BF83E9DA3
:10A110009CF83F9D9DF8409D9EF8419D9FF8429D73
:10A12000A0F8439D40F9449D41F9459D42F9469D63
:10A1300043F9479D44F9489D45F9499D46F94A9D93
:10A1400047F94B9D48F94C9D49F94D9D4AF94E9D63
:10A150004BF94F9D4CF9509D4DF9519D4EF9529D33
:10A160004FF9539D50F9549D51F9559D52F9569D03
:10A1700053F9579D54F9589D55F9599D56F95A9DD3
:10A1800057F95B9D58F95C9D59F95D9D5AF95E9DA3
:10A190005BF95F9D5CF9609D5DF9619D5EF9629D73
:10A1A0005FF9639D60F9649D61F9659D62F9669D43
:10A1B00063F9679D64F9689D65F9699D66F96A9D13
:10A1C00067F96B9D68F96C9D69F96D9D6AF96E9DE3
:10A1D0006BF96F9D6CF9709D6DF9719D6EF9729DB3
:10A1E0006FF9739D70F9749D71F9759D72F9769D83
:10A1F00073F9779D74F9789D75F9799D76F97A9D53
:10A2000077F97B9D78F97C9D79F97D9D7AF97E9D22
:10A210007BF97F9D7CF9809D7DF9819D7EF9829DF2
:10A2200080F9839D81F9849D82F9859D83F9869DBE
:10A2300084F9879D85F9889D86F9899D87F98A9D8E
:10A2400088F98B9D89F98C9D8AF98D9D8BF98E9D5E
:10A250008CF98F9D8DF9909D8EF9919D8FF9929D2E
:10A2600090F9939D91F9949D92F9959D93F9969DFE
:10A2700094F9979D95F9989D96F9999D97F99A9DCE
:10A2800098F99B9D99F99C9D9AF99D9D9BF99E9D9E
:10A290009CF99F9D9DF9A09D9EF9A19D9FF9A29D6E
:10A2A000A0F9A39D40FAA49D41FAA59D42FAA69D5E
:10A2B00043FAA79D44FAA89D45FAA99D46FAAA9D8E
:10A2C00047FAAB9D48FAAC9D49FAAD9D4AFAAE9D5E
:10A2D0004BFAAF9D4CFAB09D4DFAB19D4EFAB29D2E
:10A2E0004FFAB39D50FAB49D51FAB59D52FAB69DFE
:10A2F00053FAB79D54FAB89D55FAB99D56FABA9DCE
:10A3000057FABB9D58FABC9D59FABD9D5AFABE9D9D
:10A310005BFABF9D5CFAC09D5DFAC19D5EFAC29D6D
:10A320005FFAC39D60FAC49D61FAC59D62FAC69D3D
:10A3300063FAC79D64FAC89D65FAC99D66FACA9D0D
:10A3400067FACB9D68FACC9D69FACD9D6AFACE9DDD
:10A350006BFACF9D6CFAD09D6DFAD19D6EFAD29DAD
:10A360006FFAD39D70FAD49D71FAD59D72FAD69D7D
:10A3700073FAD79D74FAD89D75FAD99D76FADA9D4D
:10A3800077FADB9D78FADC9D79FADD9D7AFADE9D1D
:10A390007BFADF9D7CFAE09D7DFAE19D7EFAE29DED
:10A3A00080FAE39D81FAE49D82FAE59D83FAE69DB9
:10A3B00084FAE79D85FAE89D86FAE99D87FAEA9D89
:10A3C00088FAEB9D89FAEC9D8AFAED9D8BFAEE9D59
:10A3D0008CFAEF9D8DFAF09D8EFAF19D8FFAF29D29
:10A3E00090FAF39D91FAF49D92FAF59D93FAF69DF9
:10A3F00094FAF79D95FAF89D96FAF99D97FAFA9DC9
:10A4000098FAFB9D99FAFC9D9AFAFD9D9BFAFE9D98
:10A410009CFAFF9D9DFA009E9EFA019E9FFA029E65
:10A42000A0FA039E40FB049E41FB059E42FB069E54
:10A4300043FB079E44FB089E45FB099E46FB0A9E84
:10A4400047FB0B9E48FB0C9E49FB0D9E4AFB0E9E54
:10A450004BFB0F9E4CFB109E4DFB119E4EFB129E24
:10A460004FFB139E50FB149E51FB159E52FB169EF4
:10A4700053FB179E54FB189E55FB199E56FB1A9EC4
:10A4800057FB1B9E58FB1C9E59FB1D9E5AFB1E9E94
:10A490005BFB1F9EF1C4209EAFF0219EA6BC229EB6
:10A4A000B0F0239EF9C3249E5CFB259EB8C5269E72
:10A4B000BBD1279E5DFB289EB1F0299EB2F02A9E5B
:10A4C000B3F02B9EB4F02C9EB5F02D9EBCD12E9EE9
:10A4D0005EFB2F9EECD1309E5FFB319EB7F0329E2B
:10A4E000B6F0339EA7D4349E60FB359ED2CD369E07
:10A4F000B8F0379EBAF0389EB9F0399EBBF03A9E5C
:10A50000BCF03B9E61FB3C9E62FB3D9EEBB83E9ED9
:10A51000BDF03F9EE8BA409E63FB419EBEF0429E66
:10A52000BFF0439EE9BE449EC0F0459EECB6469EF9
:10A53000C1F0479EC2F0489EC3F0499EC4F04A9EB7
:10A54000B5C84B9EC5F04C9EC6F04D9E64FB4E9E1A
:10A55000C7F04F9EF4C5509E65FB519EC8F0529EB9
:10A5600066FB539E67FB549E68FB559EC9F0569E42
:10A5700069FB579ECAF0589EBDF7599E6AFB5A9ECA
:10A58000CBF05B9ECCF05C9ECDF05D9E6BFB5E9E47
:10A59000CEF05F9E6CFB609E6DFB619E6EFB629ECB
:10A5A0006FFB639ECFF0649ED7BA659E70FB669E7C
:10A5B000D0F0679ED1F0689ED2F0699ED3F06A9E7B
:10A5C000D4F06B9ED5F06C9ED6F06D9ED8F06E9E4A
:10A5D00071FB6F9E72FB709EA5D3719ED7F0729E29
:10A5E00073FB739ED9F0749E74FB759E75FB769E0B
:10A5F00076FB779E77FB789E78FB799E79FB7A9E37
:10A600007AFB7B9E7BFB7C9E7CFB7D9E7DFB7E9E06
:10A61000BAF57F9EB9C2809E7EFB819E80FB829EA2
:10A62000E4F7839E81FB849E82FB859E83FB869E4E
:10A6300084FB879EE5F7889EE6F7899E85FB8A9EC8
:10A6400086FB8B9EE7F78C9E87FB8D9E88FB8E9EFC
:10A6500089FB8F9E8AFB909E8BFB919E8CFB929E2A
:10A66000E8F7939EB4C2949E8DFB959E8EFB969EBA
:10A670008FFB979E90FB989E91FB999E92FB9A9ED2
:10A6800093FB9B9E94FB9C9E95FB9D9EEAF79E9E52
:10A6900096FB9F9EEBF7A09E97FBA19E98FBA29E28
:10A6A00099FBA39E9AFBA49E9BFBA59E9CFBA69E4A
:10A6B000F3C2A79E9DFBA89E9EFBA99E9FFBAA9E00
:10A6C000A0FBAB9E40FCAC9E41FCAD9E42FCAE9E0E
:10A6D00043FCAF9E44FCB09E45FCB19E46FCB29E3E
:10A6E00047FCB39E48FCB49EF0F4B59E49FCB69E70
:10A6F0004AFCB79E4BFCB89EEFF4B99E4CFCBA9E48
:10A700004DFCBB9EE9C2BC9E4EFCBD9EE1F7BE9EC9
:10A71000E2F7BF9E4FFCC09E50FCC19E51FCC29E02
:10A7200052FCC39E53FCC49EC6BBC59E54FCC69E31
:10A7300055FCC79E56FCC89E57FCC99EE4D9CA9ECC
:10A7400058FCCB9E59FCCC9E5AFCCD9EF2CACE9EA4
:10A75000E8C0CF9EA4F0D09E5BFCD19EDABAD29E18
:10A760005CFCD39E5DFCD49EADC7D59E5EFCD69EA0
:10A770005FFCD79E60FCD89EACC4D99E61FCDA9E7B
:10A7800062FCDB9EECF7DC9EEDF7DD9EEEF7DE9ED5
:10A7900063FCDF9EF0F7E09EEFF7E19E64FCE29E33
:10A7A000F1F7E39E65FCE49E66FCE59EF4F7E69E09
:10A7B00067FCE79EF3F7E89E68FCE99EF2F7EA9EE5
:10A7C000F5F7EB9E69FCEC9E6AFCED9E6BFCEE9E41
:10A7D0006CFCEF9EF6F7F09E6DFCF19E6EFCF29E17
:10A7E0006FFCF39E70FCF49E71FCF59E72FCF69E6D
:10A7F00073FCF79E74FCF89E75FCF99EE9EDFA9ED9
:10A8000076FCFB9EEAEDFC9EEBEDFD9E77FCFE9E4A
:10A81000BCF6FF9E78FC009F79FC019F7AFC029FAA
:10A820007BFC039F7CFC049F7DFC059F7EFC069FB8
:10A8300080FC079F81FC089F82FC099F83FC0A9F84
:10A8400084FC0B9FBDF60C9F85FC0D9FBEF60E9FF2
:10A85000A6B60F9F86FC109FBED8119F87FC129F43
:10A8600088FC139FC4B9149F89FC159F8AFC169F0E
:10A870008BFC179FBBD8189F8CFC199FB1DC1A9FCB
:10A880008DFC1B9F8EFC1C9F8FFC1D9F90FC1E9FB0
:10A8900091FC1F9F92FC209FF3CA219F93FC229F53
:10A8A000F7F7239F94FC249F95FC259F96FC269FF9
:10A8B00097FC279F98FC289F99FC299F9AFC2A9F28
:10A8C0009BFC2B9F9CFC2C9FF8F72D9F9DFC2E9FA3
:10A8D0009EFC2F9FF9F7309F9FFC319FA0FC329F79
:10A8E00040FD339F41FD349F42FD359F43FD369F20
:10A8F00044FD379FFBF7389F45FD399FFAF73A9F94
:10A9000046FD3B9FC7B13C9F47FD3D9FFCF73E9FE7
:10A91000FDF73F9F48FD409F49FD419F4AFD429FF3
:10A920004BFD439F4CFD449FFEF7459F4DFD469FC9
:10A930004EFD479F4FFD489F50FD499F51FD4A9F47
:10A9400052FD4B9F53FD4C9F54FD4D9F55FD4E9F17
:10A9500056FD4F9F57FD509FEBC6519FB4EC529F41
:10A9600058FD539F59FD549F5AFD559F5BFD569FBF
:10A970005CFD579F5DFD589F5EFD599F5FFD5A9F8F
:10A9800060FD5B9F61FD5C9F62FD5D9F63FD5E9F5F
:10A9900064FD5F9F65FD609F66FD619F67FD629F2F
:10A9A00068FD639F69FD649F6AFD659F6BFD669FFF
:10A9B0006CFD679F6DFD689F6EFD699F6FFD6A9FCF
:10A9C00070FD6B9F71FD6C9F72FD6D9F73FD6E9F9F
:10A9D00074FD6F9F75FD709F76FD719F77FD729F6F
:10A9E00078FD739F79FD749F7AFD759F7BFD769F3F
:10A9F0007CFD779F7DFD789F7EFD799F80FD7A9F0E
:10AA000081FD7B9F82FD7C9F83FD7D9F84FD7E9FDA
:10AA100085FD7F9FDDB3809FB3F6819F86FD829F7A
:10AA200087FD839FB4F6849FE4C1859FB5F6869F1A
:10AA3000B6F6879FB7F6889FB8F6899FB9F68A9FC2
:10AA4000BAF68B9FA3C88C9FBBF68D9F88FD8E9F07
:10AA500089FD8F9F8AFD909F8BFD919F8CFD929F1A
:10AA60008DFD939F8EFD949F8FFD959F90FD969FEA
:10AA700091FD979F92FD989F93FD999FFAC19A9F90
:10AA8000A8B99B9FE8ED9C9F94FD9D9F95FD9E9F7F
:10AA900096FD9F9FEAB9A09FDFD9A19F97FDA29F36
:10AAA00098FDA39F99FDA49F9AFDA59F9BFD2CF95E
:10AAB0009CFD79F99DFD95F99EFDE7F99FFDF1F962
:10AAC000A0FD0CFA40FE0DFA41FE0EFA42FE0FFA0E
:10AAD00043FE11FA44FE13FA45FE14FA46FE18FA34
:10AAE00047FE1FFA48FE20FA49FE21FA4AFE23FAE1
:10AAF0004BFE24FA4CFE27FA4DFE28FA4EFE29FAA8
:10AB00004FFE30FE55A931FEF2A633FEF4A634FE08
:10AB1000F5A635FEE0A636FEE1A637FEF0A638FE25
:10AB2000F1A639FEE2A63AFEE3A63BFEEEA63CFE07
:10AB3000EFA63DFEE6A63EFEE7A63FFEE4A640FEEB
:10AB4000E5A641FEE8A642FEE9A643FEEAA644FECB
:10AB5000EBA649FE68A94AFE69A94BFE6AA94CFE0C
:10AB60006BA94DFE6CA94EFE6DA94FFE6EA950FE5D
:10AB70006FA951FE70A952FE71A954FE72A955FE2B
:10AB800073A956FE74A957FE75A959FE76A95AFEF7
:10AB900077A95BFE78A95CFE79A95DFE7AA95EFEC5
:10ABA0007BA95FFE7CA960FE7DA961FE7EA962FE95
:10ABB00080A963FE81A964FE82A965FE83A966FE61
:10ABC00084A968FE85A969FE86A96AFE87A96BFE2D
:10ABD00088A901FFA1A302FFA2A303FFA3A304FF6F
:10ABE000E7A105FFA5A306FFA6A307FFA7A308FFEC
:10ABF000A8A309FFA9A30AFFAAA30BFFABA30CFFFD
:10AC0000ACA30DFFADA30EFFAEA30FFFAFA310FFCC
:10AC1000B0A311FFB1A312FFB2A313FFB3A314FF9C
:10AC2000B4A315FFB5A316FFB6A317FFB7A318FF6C
:10AC3000B8A319FFB9A31AFFBAA31BFFBBA31CFF3C
:10AC4000BCA31DFFBDA31EFFBEA31FFFBFA320FF0C
:10AC5000C0A321FFC1A322FFC2A323FFC3A324FFDC
:10AC6000C4A325FFC5A326FFC6A327FFC7A328FFAC
:10AC7000C8A329FFC9A32AFFCAA32BFFCBA32CFF7C
:10AC8000CCA32DFFCDA32EFFCEA32FFFCFA330FF4C
:10AC9000D0A331FFD1A332FFD2A333FFD3A334FF1C
:10ACA000D4A335FFD5A336FFD6A337FFD7A338FFEC
:10ACB000D8A339FFD9A33AFFDAA33BFFDBA33CFFBC
:10ACC000DCA33DFFDDA33EFFDEA33FFFDFA340FF8C
:10ACD000E0A341FFE1A342FFE2A343FFE3A344FF5C
:10ACE000E4A345FFE5A346FFE6A347FFE7A348FF2C
:10ACF000E8A349FFE9A34AFFEAA34BFFEBA34CFFFC
:10AD0000ECA34DFFEDA34EFFEEA34FFFEFA350FFCB
:10AD1000F0A351FFF1A352FFF2A353FFF3A354FF9B
:10AD2000F4A355FFF5A356FFF6A357FFF7A358FF6B
:10AD3000F8A359FFF9A35AFFFAA35BFFFBA35CFF3B
:10AD4000FCA35DFFFDA35EFFABA1E0FFE9A1E1FF76
:10AD5000EAA1E2FF56A9E3FFFEA3E4FF57A9E5FF3E
:10AD6000A4A3000000008000AC204081024E41817D
:10AD7000044E4281054E4381064E44810F4E45816B
:10AD8000124E4681174E47811F4E4881204E498101
:10AD9000214E4A81234E4B81264E4C81294E4D81B6
:10ADA0002E4E4E812F4E4F81314E5081334E518168
:10ADB000354E5281374E53813C4E5481404E558121
:10ADC000414E5681424E5781444E5881464E5981DC
:10ADD0004A4E5A81514E5B81554E5C81574E5D8182
:10ADE0005A4E5E815B4E5F81624E6081634E61812F
:10ADF000644E6281654E6381674E6481684E6581F1
:10AE00006A4E66816B4E67816C4E68816D4E6981BA
:10AE10006E4E6A816F4E6B81724E6C81744E6D8185
:10AE2000754E6E81764E6F81774E7081784E71814E
:10AE3000794E72817A4E73817B4E74817C4E75811E
:10AE40007D4E76817F4E7781804E7881814E7981EB
:10AE5000824E7A81834E7B81844E7C81854E7D81BA
:10AE6000874E7E818A4E8081904E8181964E82816E
:10AE7000974E8381994E84819C4E85819D4E86811B
:10AE80009E4E8781A34E8881AA4E8981AF4E8A81CA
:10AE9000B04E8B81B14E8C81B44E8D81B64E8E8179
:10AEA000B74E8F81B84E9081B94E9181BC4E928140
:10AEB000BD4E9381BE4E9481C84E9581CC4E9681F5
:10AEC000CF4E9781D04E9881D24E9981DA4E9A8199
:10AED000DB4E9B81DC4E9C81E04E9D81E24E9E814B
:10AEE000E64E9F81E74EA081E94EA181ED4EA28101
:10AEF000EE4EA381EF4EA481F14EA581F44EA681C2
:10AF0000F84EA781F94EA881FA4EA981FC4EAA817C
:10AF1000FE4EAB81004FAC81024FAD81034FAE813D
:10AF2000044FAF81054FB081064FB181074FB28109
:10AF3000084FB3810B4FB4810C4FB581124FB681CE
:10AF4000134FB781144FB881154FB981164FBA818D
:10AF50001C4FBB811D4FBC81214FBD81234FBE8142
:10AF6000284FBF81294FC0812C4FC1812D4FC281F5
:10AF70002E4FC381314FC481334FC581354FC681B8
:10AF8000374FC781394FC8813B4FC9813E4FCA8176
:10AF90003F4FCB81404FCC81414FCD81424FCE813D
:10AFA000444FCF81454FD081474FD181484FD28107
:10AFB000494FD3814A4FD4814B4FD5814C4FD681D5
:10AFC000524FD781544FD881564FD981614FDA8182
:10AFD000624FDB81664FDC81684FDD816A4FDE8125
:10AFE0006B4FDF816D4FE0816E4FE181714FE281E8
:10AFF000724FE381754FE481774FE581784FE681A9
:10B00000794FE7817A4FE8817D4FE981804FEA816E
:10B01000814FEB81824FEC81854FED81864FEE8130
:10B02000874FEF818A4FF0818C4FF1818E4FF281F3
:10B03000904FF381924FF481934FF581954FF681B4
:10B04000964FF781984FF881994FF9819A4FFA817D
:10B050009C4FFB819E4FFC819F4FFD81A14FFE8144
:10B06000A24F4082A44F4182AB4F4282AD4F4382F8
:10B07000B04F4482B14F4582B24F4682B34F4782B0
:10B08000B44F4882B64F4982B74F4A82B84F4B827D
:10B09000B94F4C82BA4F4D82BB4F4E82BC4F4F824C
:10B0A000BD4F5082BE4F5182C04F5282C14F53821A
:10B0B000C24F5482C64F5582C74F5682C84F5782DF
:10B0C000C94F5882CB4F5982CC4F5A82CD4F5B82A9
:10B0D000D24F5C82D34F5D82D44F5E82D54F5F8268
:10B0E000D64F6082D94F6182DB4F6282E04F63822C
:10B0F000E24F6482E44F6582E54F6682E74F6782E4
:10B10000EB4F6882EC4F6982F04F6A82F24F6B829C
:10B11000F44F6C82F54F6D82F64F6E82F74F6F825F
:10B12000F94F7082FB4F7182FC4F7282FD4F738228
:10B13000FF4F7482005075820150768202507782F0
:10B14000035078820450798205507A8206507B82BF
:10B1500007507C8208507D8209507E820A5080828E
:10B160000B5081820E508282105083821150848253
:10B170001350858215508682165087821750888218
:10B180001B5089821D508A821E508B8220508C82D7
:10B1900022508D8223508E8224508F82275090829D
:10B1A0002B5091822F509282305093823150948252
:10B1B000325095823350968234509782355098821F
:10B1C0003650998237509A8238509B8239509C82EF
:10B1D0003B509D823D509E823F509F824050A082B6
:10B1E0004150A1824250A2824450A3824550A48281
:10B1F0004650A5824950A6824A50A7824B50A88249
:10B200004D50A9825050AA825150AB825250AC820C
:10B210005350AD825450AE825650AF825750B082D8
:10B220005850B1825950B2825B50B3825D50B482A3
:10B230005E50B5825F50B6826050B7826150B8826E
:10B240006250B9826350BA826450BB826650BC823D
:10B250006750BD826850BE826950BF826A50C0820A
:10B260006B50C1826D50C2826E50C3826F50C482D7
:10B270007050C5827150C6827250C7827350C882A6
:10B280007450C9827550CA827850CB827950CC8272
:10B290007A50CD827C50CE827D50CF828150D08238
:10B2A0008250D1828350D2828450D3828650D482FD
:10B2B0008750D5828950D6828A50D7828B50D882C7
:10B2C0008C50D9828E50DA828F50DB829050DC8293
:10B2D0009150DD829250DE829350DF829450E08262
:10B2E0009550E1829650E2829750E3829850E48232
:10B2F0009950E5829A50E6829B50E7829C50E88202
:10B300009D50E9829E50EA829F50EB82A050EC82D1
:10B31000A150ED82A250EE82A450EF82A650F0829E
:10B32000AA50F182AB50F282AD50F382AE50F4825B
:10B33000AF50F582B050F682B150F782B350F88228
:10B34000B450F982B550FA82B650FB82B750FC82F5
:10B35000B850FD82B950FE82BC504083BD5041833D
:10B36000BE504283BF504383C0504483C150458385
:10B37000C2504683C3504783C4504883C550498355
:10B38000C6504A83C7504B83C8504C83C9504D8325
:10B39000CA504E83CB504F83CC505083CD505183F5
:10B3A000CE505283D0505383D1505483D2505583C2
:10B3B000D3505683D4505783D5505883D750598390
:10B3C000D8505A83D9505B83DB505C83DC505D835B
:10B3D000DD505E83DE505F83DF506083E050618329
:10B3E000E1506283E2506383E3506483E4506583F9
:10B3F000E5506683E8506783E9506883EA506983C3
:10B40000EB506A83EF506B83F0506C83F1506D8387
:10B41000F2506E83F4506F83F6507083F75071834F
:10B42000F8507283F9507383FA507483FC5075831B
:10B43000FD507683FE507783FF50788300517983E7
:10B4400001517A8302517B8303517C8304517D83B4
:10B4500005517E8308518083095181830A5182837B
:10B460000C5183830D5184830E5185830F51868344
:10B4700010518783115188831351898314518A8312
:10B4800015518B8316518C8317518D8318518E83E0
:10B4900019518F831A5190831B5191831C519283B0
:10B4A0001D5193831E5194831F5195832051968380
:10B4B00022519783235198832451998325519A834C
:10B4C00026519B8327519C8328519D8329519E831C
:10B4D0002A519F832B51A0832C51A1832D51A283EC
:10B4E0002E51A3832F51A4833051A5833151A683BC
:10B4F0003251A7833351A8833451A9833551AA838C
:10B500003651AB833751AC833851AD833951AE835B
:10B510003A51AF833B51B0833C51B1833D51B2832B
:10B520003E51B3834251B4834751B5834A51B683E8
:10B530004C51B7834E51B8834F51B9835051BA83A0
:10B540005251BB835351BC835751BD835851BE8365
:10B550005951BF835B51C0835D51C1835E51C2832A
:10B560005F51C3836051C4836151C5836351C683F6
:10B570006451C7836651C8836751C9836951CA83BF
:10B580006A51CB836F51CC837251CD837A51CE8374
:10B590007E51CF837F51D0838351D1838451D28315
:10B5A0008651D3838751D4838A51D5838B51D683D7
:10B5B0008E51D7838F51D8839051D9839151DA839B
:10B5C0009351DB839451DC839851DD839A51DE8360
:10B5D0009D51DF839E51E0839F51E183A151E2831E
:10B5E000A351E383A651E483A751E583A851E683E1
:10B5F000A951E783AA51E883AD51E983AE51EA83AB
:10B60000B451EB83B851EC83B951ED83BA51EE8359
:10B61000BE51EF83BF51F083C151F183C251F28318
:10B62000C351F383C551F483C851F583CA51F683DE
:10B63000CD51F783CE51F883D051F983D251FA839B
:10B64000D351FB83D451FC83D551FD83D651FE8366
:10B65000D7514084D8514184D9514284DA5143842E
:10B66000DC514484DE514584DF514684E2514784F5
:10B67000E3514884E5514984E6514A84E7514B84BB
:10B68000E8514C84E9514D84EA514E84EC514F8489
:10B69000EE515084F1515184F2515284F45153844B
:10B6A000F7515484FE5155840452568405525784F0
:10B6B000095258840B5259840C525A840F525B849D
:10B6C00010525C8413525D8414525E8415525F8460
:10B6D0001C5260841E5261841F5262842152638412
:10B6E00022526484235265842552668426526784DC
:10B6F000275268842A5269842C526A842F526B84A0
:10B7000031526C8432526D8434526E8435526F845F
:10B710003C5270843E527184445272844552738408
:10B7200046527484475275844852768449527784CD
:10B730004B5278844E5279844F527A8452527B8491
:10B7400053527C8455527D8457527E845852808453
:10B75000595281845A5282845B5283845D5284841C
:10B760005F528584605286846252878463528884E3
:10B770006452898466528A8468528B846B528C84AA
:10B780006C528D846D528E846E528F847052908470
:10B79000715291847352928474529384755294843A
:10B7A0007652958477529684785297847952988409
:10B7B0007A5299847B529A847C529B847E529C84D8
:10B7C00080529D8483529E8484529F848552A0849B
:10B7D0008652A1848752A2848952A3848A52A48467
:10B7E0008B52A5848C52A6848D52A7848E52A88435
:10B7F0008F52A9849152AA849252AB849452AC8401
:10B800009552AD849652AE849752AF849852B084CC
:10B810009952B1849A52B2849C52B384A452B48493
:10B82000A552B584A652B684A752B784AE52B88446
:10B83000AF52B984B052BA84B452BB84B552BC84FE
:10B84000B652BD84B752BE84B852BF84B952C084C8
:10B85000BA52C184BB52C284BC52C384BD52C48498
:10B86000C052C584C152C684C252C784C452C8845F
:10B87000C552C984C652CA84C852CB84CA52CC8429
:10B88000CC52CD84CD52CE84CE52CF84CF52D084F0
:10B89000D152D184D352D284D452D384D552D484B9
:10B8A000D752D584D952D684DA52D784DB52D88481
:10B8B000DC52D984DD52DA84DE52DB84E052DC844F
:10B8C000E152DD84E252DE84E352DF84E552E0841B
:10B8D000E652E184E752E284E852E384E952E484E8
:10B8E000EA52E584EB52E684EC52E784ED52E884B8
:10B8F000EE52E984EF52EA84F152EB84F252EC8486
:10B90000F352ED84F452EE84F552EF84F652F08453
:10B91000F752F184F852F284FB52F384FC52F4841F
:10B92000FD52F5840153F6840253F7840353F884DF
:10B930000453F9840753FA840953FB840A53FC84A3
:10B940000B53FD840C53FE840E53408511534185E7
:10B950001253428513534385145344851853458528
:10B960001B5346851C5347851E5348851F534985E5
:10B9700022534A8524534B8525534C8527534D85A7
:10B9800028534E8529534F852B5350852C53518571
:10B990002D5352852F53538530535485315355853C
:10B9A000325356853353578534535885355359850B
:10B9B00036535A8537535B8538535C853C535D85D8
:10B9C0003D535E8540535F85425360854453618596
:10B9D000465362854B5363854C5364854D5365854F
:10B9E0005053668554536785585368855953698504
:10B9F0005B536A855D536B8565536C8568536D85B4
:10BA00006A536E856C536F856D5370857253718563
:10BA100076537285795373857B5374857C53758512
:10BA20007D5376857E5377858053788581537985DC
:10BA300083537A8587537B8588537C858A537D859C
:10BA40008E537E858F538085905381859153828557
:10BA50009253838593538485945385859653868525
:10BA600097538785995388859B5389859C538A85ED
:10BA70009E538B85A0538C85A1538D85A4538E85B1
:10BA8000A7538F85AA539085AB539185AC5392856C
:10BA9000AD539385AF539485B0539585B153968537
:10BAA000B2539785B3539885B4539985B5539A8506
:10BAB000B7539B85B8539C85B9539D85BA539E85D2
:10BAC000BC539F85BD53A085BE53A185C053A2859D
:10BAD000C353A385C453A485C553A585C653A68562
:10BAE000C753A785CE53A885CF53A985D053AA8520
:10BAF000D253AB85D353AC85D553AD85DA53AE85E0
:10BB0000DC53AF85DD53B085DE53B185E153B2859B
:10BB1000E253B385E753B485F453B585FA53B6853C
:10BB2000FE53B785FF53B8850054B9850254BA85D2
:10BB30000554BB850754BC850B54BD851454BE8584
:10BB40001854BF851954C0851A54C1851C54C28528
:10BB50002254C3852454C4852554C5852A54C685DA
:10BB60003054C7853354C8853654C9853754CA857F
:10BB70003A54CB853D54CC853F54CD854154CE8538
:10BB80004254CF854454D0854554D1854754D285FD
:10BB90004954D3854C54D4854D54D5854E54D685BF
:10BBA0004F54D7855154D8855A54D9855D54DA8578
:10BBB0005E54DB855F54DC856054DD856154DE8531
:10BBC0006354DF856554E0856754E1856954E285F7
:10BBD0006A54E3856B54E4856C54E5856D54E685C1
:10BBE0006E54E7856F54E8857054E9857454EA858E
:10BBF0007954EB857A54EC857E54ED857F54EE853F
:10BC00008154EF858354F0858554F1858754F285FE
:10BC10008854F3858954F4858A54F5858D54F685C6
:10BC20009154F7859354F8859754F9859854FA857B
:10BC30009C54FB859E54FC859F54FD85A054FE8535
:10BC4000A1544086A2544186A5544286AE544386F0
:10BC5000B0544486B2544586B5544686B654478699
:10BC6000B7544886B9544986BA544A86BC544B8660
:10BC7000BE544C86C3544D86C5544E86CA544F8616
:10BC8000CB545086D6545186D8545286DB545386B2
:10BC9000E0545486E1545586E2545686E354578660
:10BCA000E4545886EB545986EC545A86EF545B861C
:10BCB000F0545C86F1545D86F4545E86F5545F86DC
:10BCC000F6546086F7546186F8546286F9546386A8
:10BCD000FB546486FE546586005566860255678669
:10BCE000035568860455698605556A8608556B862E
:10BCF0000A556C860B556D860C556E860D556F86F4
:10BD00000E557086125571861355728615557386B9
:10BD10001655748617557586185576861955778683
:10BD20001A5578861C5579861D557A861E557B8650
:10BD30001F557C8621557D8625557E862655808615
:10BD400028558186295582862B5583862D558486D4
:10BD5000325585863455868635558786365588868C
:10BD60003855898639558A863A558B863B558C8657
:10BD70003D558D8640558E8642558F864555908619
:10BD800047559186485592864B5593864C559486D7
:10BD90004D5595864E5596864F55978651559886A2
:10BDA0005255998653559A8654559B8657559C866D
:10BDB00058559D8659559E865A559F865B55A08637
:10BDC0005D55A1865E55A2865F55A3866055A48603
:10BDD0006255A5866355A6866855A7866955A886C7
:10BDE0006B55A9866F55AA867055AB867155AC8682
:10BDF0007255AD867355AE867455AF867955B0864B
:10BE00007A55B1867D55B2867F55B3868555B48601
:10BE10008655B5868C55B6868D55B7868E55B886AF
:10BE20009055B9869255BA869355BB869555BC8672
:10BE30009655BD869755BE869A55BF869B55C0863A
:10BE40009E55C186A055C286A155C386A255C486FB
:10BE5000A355C586A455C686A555C786A655C886CA
:10BE6000A855C986A955CA86AA55CB86AB55CC8696
:10BE7000AC55CD86AD55CE86AE55CF86AF55D08666
:10BE8000B055D186B255D286B455D386B655D48630
:10BE9000B855D586BA55D686BC55D786BF55D886EF
:10BEA000C055D986C155DA86C255DB86C355DC86B6
:10BEB000C655DD86C755DE86C855DF86CA55E0867D
:10BEC000CB55E186CE55E286CF55E386D055E48644
:10BED000D555E586D755E686D855E786D955E886FF
:10BEE000DA55E986DB55EA86DE55EB86E055EC86C9
:10BEF000E255ED86E755EE86E955EF86ED55F0867D
:10BF0000EE55F186F055F286F155F386F455F48638
:10BF1000F655F586F855F686F955F786FA55F886FA
:10BF2000FB55F986FC55FA86FF55FB860256FC86C2
:10BF30000356FD860456FE86055640870656418701
:10BF4000075642870A5643870B5644870D56458746
:10BF50001056468711564787125648871356498709
:10BF600014564A8715564B8716564C8717564D87D9
:10BF700019564E871A564F871C5650871D565187A3
:10BF80002056528721565387225654872556558767
:10BF90002656568728565787295658872A5659872E
:10BFA0002B565A872E565B872F565C8730565D87F7
:10BFB00033565E8735565F873756608738566187B8
:10BFC0003A5662873C5663873D5664873E5665877E
:10BFD0004056668741566787425668874356698749
:10BFE00044566A8745566B8746566C8747566D8719
:10BFF00048566E8749566F874A5670874B567187E9
:10C000004F567287505673875156748752567587AC
:10C010005356768755567787565678875A56798776
:10C020005B567A875D567B875E567C875F567D8739
:10C0300060567E8761568087635681876556828702
:10C0400066568387675684876D5685876E568687C2
:10C050006F568787705688877256898773568A8786
:10C0600074568B8775568C8777568D8778568E8752
:10C0700079568F877A5690877D5691877E5692871C
:10C080007F569387805694878156958782569687E8
:10C0900083569787845698878756998788569A87B4
:10C0A00089569B878A569C878B569D878C569E8780
:10C0B0008D569F879056A0879156A1879256A2874A
:10C0C0009456A3879556A4879656A5879756A68714
:10C0D0009856A7879956A8879A56A9879B56AA87E4
:10C0E0009C56AB879D56AC879E56AD879F56AE87B4
:10C0F000A056AF87A156B087A256B187A456B28783
:10C10000A556B387A656B487A756B587A856B6874F
:10C11000A956B787AA56B887AB56B987AC56BA871F
:10C12000AD56BB87AE56BC87B056BD87B156BE87ED
:10C13000B256BF87B356C087B456C187B556C287BB
:10C14000B656C387B856C487B956C587BA56C68788
:10C15000BB56C787BD56C887BE56C987BF56CA8754
:10C16000C056CB87C156CC87C256CD87C356CE8723
:10C17000C456CF87C556D087C656D187C756D287F3
:10C18000C856D387C956D487CB56D587CC56D687C1
:10C19000CD56D787CE56D887CF56D987D056DA878F
:10C1A000D156DB87D256DC87D356DD87D556DE875E
:10C1B000D656DF87D856E087D956E187DC56E28726
:10C1C000E356E387E556E487E656E587E756E687D4
:10C1D000E856E787E956E887EA56E987EC56EA87A2
:10C1E000EE56EB87EF56EC87F256ED87F356EE8767
:10C1F000F656EF87F756F087F856F187FB56F28729
:10C20000FC56F3870057F4870157F5870257F687E6
:10C210000557F7870757F8870B57F9870C57FA87A1
:10C220000D57FB870E57FC870F57FD871057FE876A
:10C230001157408812574188135742881457438832
:10C240001557448816574588175746881857478802
:10C25000195748881A5749881B574A881D574B88D1
:10C260001E574C8820574D8821574E8822574F889B
:10C270002457508825575188265752882757538866
:10C280002B5754883157558832575688345757881A
:10C29000355758883657598837575A8838575B88E2
:10C2A0003C575C883D575D883F575E8841575F88A3
:10C2B000435760884457618845576288465763886A
:10C2C00048576488495765884B576688525767882E
:10C2D000535768885457698855576A8856576B88EA
:10C2E00058576C8859576D8862576E8863576F88A6
:10C2F00065577088675771886C5772886E57738856
:10C300007057748871577588725776887457778814
:10C31000755778887857798879577A887A577B88DB
:10C320007D577C887E577D887F577E8880578088A0
:10C33000815781888757828888578388895784885E
:10C340008A5785888D5786888E5787888F57888823
:10C350009057898891578A8894578B8895578C88ED
:10C3600096578D8897578E8898578F8899579088B9
:10C370009A5791889C5792889D5793889E57948886
:10C380009F579588A5579688A8579788AA57988841
:10C39000AC579988AF579A88B0579B88B1579C88FB
:10C3A000B3579D88B5579E88B6579F88B757A088C2
:10C3B000B957A188BA57A288BB57A388BC57A4888D
:10C3C000BD57A588BE57A688BF57A788C057A8885D
:10C3D000C157A988C457AA88C557AB88C657AC8827
:10C3E000C757AD88C857AE88C957AF88CA57B088F5
:10C3F000CC57B188CD57B288D057B388D157B488BD
:10C40000D357B588D657B688D757B788DB57B8887B
:10C41000DC57B988DE57BA88E157BB88E257BC8839
:10C42000E357BD88E557BE88E657BF88E757C08801
:10C43000E857C188E957C288EA57C388EB57C488D0
:10C44000EC57C588EE57C688F057C788F157C8889B
:10C45000F257C988F357CA88F557CB88F657CC8866
:10C46000F757CD88FB57CE88FC57CF88FE57D0882A
:10C47000FF57D1880158D2880358D3880458D488EC
:10C480000558D5880858D6880958D7880A58D888B2
:10C490000C58D9880E58DA880F58DB881058DC8879
:10C4A0001258DD881358DE881458DF881658E08843
:10C4B0001758E1881858E2881A58E3881B58E4880E
:10C4C0001C58E5881D58E6881F58E7882258E888D8
:10C4D0002358E9882558EA882658EB882758EC889D
:10C4E0002858ED882958EE882B58EF882C58F0886A
:10C4F0002D58F1882E58F2882F58F3883158F48837
:10C500003258F5883358F6883458F7883658F88802
:10C510003758F9883858FA883958FB883A58FC88CF
:10C520003B58FD883C58FE883D5840893E5841891B
:10C530003F58428940584389415844894258458967
:10C540004358468945584789465848894758498934
:10C5500048584A8949584B894A584C894B584D8903
:10C560004E584E894F584F895058508952585189CA
:10C570005358528955585389565854895758558994
:10C58000595856895A5857895B5858895C5859895F
:10C590005D585A895F585B8960585C8961585D892C
:10C5A00062585E8963585F896458608966586189FA
:10C5B0006758628968586389695864896A586589C7
:10C5C0006D5866896E5867896F586889705869898F
:10C5D00071586A8972586B8973586C8974586D895F
:10C5E00075586E8976586F8977587089785871892F
:10C5F000795872897A5873897B5874897C587589FF
:10C600007D5876897F5877898258788984587989C6
:10C6100086587A8987587B8988587C898A587D8989
:10C620008B587E898C5880898D5881898E58828953
:10C630008F58838990588489915885899458868920
:10C6400095588789965888899758898998588A89EA
:10C650009B588B899C588C899D588D89A0588E89B0
:10C66000A1588F89A2589089A3589189A45892897A
:10C67000A5589389A6589489A7589589AA58968948
:10C68000AB589789AC589889AD589989AE589A8912
:10C69000AF589B89B0589C89B1589D89B2589E89E2
:10C6A000B3589F89B458A089B558A189B658A289B2
:10C6B000B758A389B858A489B958A589BA58A68982
:10C6C000BB58A789BD58A889BE58A989BF58AA894F
:10C6D000C058AB89C258AC89C358AD89C458AE891B
:10C6E000C658AF89C758B089C858B189C958B289E6
:10C6F000CA58B389CB58B489CC58B589CD58B689B6
:10C70000CE58B789CF58B889D058B989D258BA8984
:10C71000D358BB89D458BC89D658BD89D758BE894F
:10C72000D858BF89D958C089DA58C189DB58C2891D
:10C73000DC58C389DD58C489DE58C589DF58C689ED
:10C74000E058C789E158C889E258C989E358CA89BD
:10C75000E558CB89E658CC89E758CD89E858CE8989
:10C76000E958CF89EA58D089ED58D189EF58D28954
:10C77000F158D389F258D489F458D589F558D68917
:10C78000F758D789F858D889FA58D989FB58DA89DF
:10C79000FC58DB89FD58DC89FE58DD89FF58DE89AD
:10C7A0000059DF890159E0890359E1890559E28976
:10C7B0000659E3890859E4890959E5890A59E6893E
:10C7C0000B59E7890C59E8890E59E9891059EA890A
:10C7D0001159EB891259EC891359ED891759EE89D2
:10C7E0001859EF891B59F0891D59F1891E59F28991
:10C7F0002059F3892159F4892259F5892359F68959
:10C800002659F7892859F8892C59F9893059FA8914
:10C810003259FB893359FC893559FD893659FE89CE
:10C820003B59408A3D59418A3E59428A3F59438A81
:10C830004059448A4359458A4559468A4659478A48
:10C840004A59488A4C59498A4D594A8A50594B8A03
:10C8500052594C8A53594D8A59594E8A5B594F8ABD
:10C860005C59508A5D59518A5E59528A5F59538A80
:10C870006159548A6359558A6459568A6659578A48
:10C880006759588A6859598A69595A8A6A595B8A14
:10C890006B595C8A6C595D8A6D595E8A6E595F8AE4
:10C8A0006F59608A7059618A7159628A7259638AB4
:10C8B0007559648A7759658A7A59668A7B59678A75
:10C8C0007C59688A7E59698A7F596A8A80596B8A3D
:10C8D00085596C8A89596D8A8B596E8A8C596F8AF1
:10C8E0008E59708A8F59718A9059728A9159738AB8
:10C8F0009459748A9559758A9859768A9A59778A7B
:10C900009B59788A9C59798A9D597A8A9F597B8A42
:10C91000A0597C8AA1597D8AA2597E8AA659808A0B
:10C92000A759818AAC59828AAD59838AB059848AC1
:10C93000B159858AB359868AB459878AB559888A84
:10C94000B659898AB7598A8AB8598B8ABA598C8A52
:10C95000BC598D8ABD598E8ABF598F8AC059908A19
:10C96000C159918AC259928AC359938AC459948AE7
:10C97000C559958AC759968AC859978AC959988AB4
:10C98000CC59998ACD599A8ACE599B8ACF599C8A7B
:10C99000D5599D8AD6599E8AD9599F8ADB59A08A32
:10C9A000DE59A18ADF59A28AE059A38AE159A48AF3
:10C9B000E259A58AE459A68AE659A78AE759A88ABE
:10C9C000E959A98AEA59AA8AEB59AB8AED59AC8A86
:10C9D000EE59AD8AEF59AE8AF059AF8AF159B08A53
:10C9E000F259B18AF359B28AF459B38AF559B48A23
:10C9F000F659B58AF759B68AF859B78AFA59B88AF2
:10CA0000FC59B98AFD59BA8AFE59BB8A005ABC8AB8
:10CA1000025ABD8A0A5ABE8A0B5ABF8A0D5AC08A68
:10CA20000E5AC18A0F5AC28A105AC38A125AC48A2D
:10CA3000145AC58A155AC68A165AC78A175AC88AF6
:10CA4000195AC98A1A5ACA8A1B5ACB8A1D5ACC8AC1
:10CA50001E5ACD8A215ACE8A225ACF8A245AD08A87
:10CA6000265AD18A275AD28A285AD38A2A5AD48A4D
:10CA70002B5AD58A2C5AD68A2D5AD78A2E5AD88A1A
:10CA80002F5AD98A305ADA8A335ADB8A355ADC8AE5
:10CA9000375ADD8A385ADE8A395ADF8A3A5AE08AAA
:10CAA0003B5AE18A3D5AE28A3E5AE38A3F5AE48A77
:10CAB000415AE58A425AE68A435AE78A445AE88A42
:10CAC000455AE98A475AEA8A485AEB8A4B5AEC8A0D
:10CAD0004C5AED8A4D5AEE8A4E5AEF8A4F5AF08AD6
:10CAE000505AF18A515AF28A525AF38A535AF48AA6
:10CAF000545AF58A565AF68A575AF78A585AF88A73
:10CB0000595AF98A5B5AFA8A5C5AFB8A5D5AFC8A3E
:10CB10005E5AFD8A5F5AFE8A605A408B615A418B89
:10CB2000635A428B645A438B655A448B665A458BD1
:10CB3000685A468B695A478B6B5A488B6C5A498B9B
:10CB40006D5A4A8B6E5A4B8B6F5A4C8B705A4D8B69
:10CB5000715A4E8B725A4F8B735A508B785A518B35
:10CB6000795A528B7B5A538B7C5A548B7D5A558BF6
:10CB70007E5A568B805A578B815A588B825A598BC2
:10CB8000835A5A8B845A5B8B855A5C8B865A5D8B91
:10CB9000875A5E8B885A5F8B895A608B8A5A618B61
:10CBA0008B5A628B8C5A638B8D5A648B8E5A658B31
:10CBB0008F5A668B905A678B915A688B935A698B00
:10CBC000945A6A8B955A6B8B965A6C8B975A6D8BCD
:10CBD000985A6E8B995A6F8B9C5A708B9D5A718B99
:10CBE0009E5A728B9F5A738BA05A748BA15A758B65
:10CBF000A25A768BA35A778BA45A788BA55A798B35
:10CC0000A65A7A8BA75A7B8BA85A7C8BA95A7D8B04
:10CC1000AB5A7E8BAC5A808BAD5A818BAE5A828BCD
:10CC2000AF5A838BB05A848BB15A858BB45A868B9A
:10CC3000B65A878BB75A888BB95A898BBA5A8A8B5E
:10CC4000BB5A8B8BBC5A8C8BBD5A8D8BBF5A8E8B2B
:10CC5000C05A8F8BC35A908BC45A918BC55A928BF2
:10CC6000C65A938BC75A948BC85A958BCA5A968BBF
:10CC7000CB5A978BCD5A988BCE5A998BCF5A9A8B89
:10CC8000D05A9B8BD15A9C8BD35A9D8BD55A9E8B55
:10CC9000D75A9F8BD95AA08BDA5AA18BDB5AA28B19
:10CCA000DD5AA38BDE5AA48BDF5AA58BE25AA68BE2
:10CCB000E45AA78BE55AA88BE75AA98BE85AAA8BA6
:10CCC000EA5AAB8BEC5AAC8BED5AAD8BEE5AAE8B6D
:10CCD000EF5AAF8BF05AB08BF25AB18BF35AB28B3A
:10CCE000F45AB38BF55AB48BF65AB58BF75AB68B08
:10CCF000F85AB78BF95AB88BFA5AB98BFB5ABA8BD8
:10CD0000FC5ABB8BFD5ABC8BFE5ABD8BFF5ABE8BA7
:10CD1000005BBF8B015BC08B025BC18B035BC28B73
:10CD2000045BC38B055BC48B065BC58B075BC68B43
:10CD3000085BC78B0A5BC88B0B5BC98B0C5BCA8B10
:10CD40000D5BCB8B0E5BCC8B0F5BCD8B105BCE8BDF
:10CD5000115BCF8B125BD08B135BD18B145BD28BAF
:10CD6000155BD38B185BD48B195BD58B1A5BD68B79
:10CD70001B5BD78B1C5BD88B1D5BD98B1E5BDA8B47
:10CD80001F5BDB8B205BDC8B215BDD8B225BDE8B17
:10CD9000235BDF8B245BE08B255BE18B265BE28BE7
:10CDA000275BE38B285BE48B295BE58B2A5BE68BB7
:10CDB0002B5BE78B2C5BE88B2D5BE98B2E5BEA8B87
:10CDC0002F5BEB8B305BEC8B315BED8B335BEE8B56
:10CDD000355BEF8B365BF08B385BF18B395BF28B1D
:10CDE0003A5BF38B3B5BF48B3C5BF58B3D5BF68BEB
:10CDF0003E5BF78B3F5BF88B415BF98B425BFA8BB9
:10CE0000435BFB8B445BFC8B455BFD8B465BFE8B86
:10CE1000475B408C485B418C495B428C4A5B438C4E
:10CE20004B5B448C4C5B458C4D5B468C4E5B478C1E
:10CE30004F5B488C525B498C565B4A8C5E5B4B8CDB
:10CE4000605B4C8C615B4D8C675B4E8C685B4F8C80
:10CE50006B5B508C6D5B518C6E5B528C6F5B538C3B
:10CE6000725B548C745B558C765B568C775B578CFD
:10CE7000785B588C795B598C7B5B5A8C7C5B5B8CC8
:10CE80007E5B5C8C7F5B5D8C825B5E8C865B5F8C8B
:10CE90008A5B608C8D5B618C8E5B628C905B638C3B
:10CEA000915B648C925B658C945B668C965B678C03
:10CEB0009F5B688CA75B698CA85B6A8CA95B6B8C99
:10CEC000AC5B6C8CAD5B6D8CAE5B6E8CAF5B6F8C5A
:10CED000B15B708CB25B718CB75B728CBA5B738C1C
:10CEE000BB5B748CBC5B758CC05B768CC15B778CD8
:10CEF000C35B788CC85B798CC95B7A8CCA5B7B8C92
:10CF0000CB5B7C8CCD5B7D8CCE5B7E8CCF5B808C59
:10CF1000D15B818CD45B828CD55B838CD65B848C1B
:10CF2000D75B858CD85B868CD95B878CDA5B888CE9
:10CF3000DB5B898CDC5B8A8CE05B8B8CE25B8C8CB2
:10CF4000E35B8D8CE65B8E8CE75B8F8CE95B908C72
:10CF5000EA5B918CEB5B928CEC5B938CED5B948C3D
:10CF6000EF5B958CF15B968CF25B978CF35B988C06
:10CF7000F45B998CF55B9A8CF65B9B8CF75B9C8CD5
:10CF8000FD5B9D8CFE5B9E8C005C9F8C025CA08C8C
:10CF9000035CA18C055CA28C075CA38C085CA48C50
:10CFA0000B5CA58C0C5CA68C0D5CA78C0E5CA88C15
:10CFB000105CA98C125CAA8C135CAB8C175CAC8CDB
:10CFC000195CAD8C1B5CAE8C1E5CAF8C1F5CB08C96
:10CFD000205CB18C215CB28C235CB38C265CB48C5D
:10CFE000285CB58C295CB68C2A5CB78C2B5CB88C21
:10CFF0002D5CB98C2E5CBA8C2F5CBB8C305CBC8CED
:10D00000325CBD8C335CBE8C355CBF8C365CC08CB6
:10D01000375CC18C435CC28C445CC38C465CC48C62
:10D02000475CC58C4C5CC68C4D5CC78C525CC88C14
:10D03000535CC98C545CCA8C565CCB8C575CCC8CD2
:10D04000585CCD8C5A5CCE8C5B5CCF8C5C5CD08C9D
:10D050005D5CD18C5F5CD28C625CD38C645CD48C64
:10D06000675CD58C685CD68C695CD78C6A5CD88C24
:10D070006B5CD98C6C5CDA8C6D5CDB8C705CDC8CF2
:10D08000725CDD8C735CDE8C745CDF8C755CE08CB8
:10D09000765CE18C775CE28C785CE38C7B5CE48C86
:10D0A0007C5CE58C7D5CE68C7E5CE78C805CE88C4F
:10D0B000835CE98C845CEA8C855CEB8C865CEC8C14
:10D0C000875CED8C895CEE8C8A5CEF8C8B5CF08CE1
:10D0D0008E5CF18C8F5CF28C925CF38C935CF48CA4
:10D0E000955CF58C9D5CF68C9E5CF78C9F5CF88C57
:10D0F000A05CF98CA15CFA8CA45CFB8CA55CFC8C1C
:10D10000A65CFD8CA75CFE8CA85C408DAA5C418D62
:10D11000AE5C428DAF5C438DB05C448DB25C458D9E
:10D12000B45C468DB65C478DB95C488DBA5C498D60
:10D13000BB5C4A8DBC5C4B8DBE5C4C8DC05C4D8D28
:10D14000C25C4E8DC35C4F8DC55C508DC65C518DED
:10D15000C75C528DC85C538DC95C548DCA5C558DBB
:10D16000CC5C568DCD5C578DCE5C588DCF5C598D87
:10D17000D05C5A8DD15C5B8DD35C5C8DD45C5D8D55
:10D18000D55C5E8DD65C5F8DD75C608DD85C618D23
:10D19000DA5C628DDB5C638DDC5C648DDD5C658DEF
:10D1A000DE5C668DDF5C678DE05C688DE25C698DBE
:10D1B000E35C6A8DE75C6B8DE95C6C8DEB5C6D8D7F
:10D1C000EC5C6E8DEE5C6F8DEF5C708DF15C718D43
:10D1D000F25C728DF35C738DF45C748DF55C758D0F
:10D1E000F65C768DF75C778DF85C788DF95C798DDF
:10D1F000FA5C7A8DFC5C7B8DFD5C7C8DFE5C7D8DAC
:10D20000FF5C7E8D005D808D015D818D045D828D72
:10D21000055D838D085D848D095D858D0A5D868D34
:10D220000B5D878D0C5D888D0D5D898D0F5D8A8D01
:10D23000105D8B8D115D8C8D125D8D8D135D8E8DCE
:10D24000155D8F8D175D908D185D918D195D928D97
:10D250001A5D938D1C5D948D1D5D958D1F5D968D62
:10D26000205D978D215D988D225D998D235D9A8D2E
:10D27000255D9B8D285D9C8D2A5D9D8D2B5D9E8DF2
:10D280002C5D9F8D2F5DA08D305DA18D315DA28DB8
:10D29000325DA38D335DA48D355DA58D365DA68D84
:10D2A000375DA78D385DA88D395DA98D3A5DAA8D52
:10D2B0003B5DAB8D3C5DAC8D3F5DAD8D405DAE8D1E
:10D2C000415DAF8D425DB08D435DB18D445DB28DEA
:10D2D000455DB38D465DB48D485DB58D495DB68DB8
:10D2E0004D5DB78D4E5DB88D4F5DB98D505DBA8D7A
:10D2F000515DBB8D525DBC8D535DBD8D545DBE8D4A
:10D30000555DBF8D565DC08D575DC18D595DC28D18
:10D310005A5DC38D5C5DC48D5E5DC58D5F5DC68DE0
:10D32000605DC78D615DC88D625DC98D635DCA8DAD
:10D33000645DCB8D655DCC8D665DCD8D675DCE8D7D
:10D34000685DCF8D6A5DD08D6D5DD18D6E5DD28D46
:10D35000705DD38D715DD48D725DD58D735DD68D0D
:10D36000755DD78D765DD88D775DD98D785DDA8DD9
:10D37000795DDB8D7A5DDC8D7B5DDD8D7C5DDE8DA9
:10D380007D5DDF8D7E5DE08D7F5DE18D805DE28D79
:10D39000815DE38D835DE48D845DE58D855DE68D46
:10D3A000865DE78D875DE88D885DE98D895DEA8D15
:10D3B0008A5DEB8D8B5DEC8D8C5DED8D8D5DEE8DE5
:10D3C0008E5DEF8D8F5DF08D905DF18D915DF28DB5
:10D3D000925DF38D935DF48D945DF58D955DF68D85
:10D3E000965DF78D975DF88D985DF98D9A5DFA8D54
:10D3F0009B5DFB8D9C5DFC8D9E5DFD8D9F5DFE8D1F
:10D40000A05D408EA15D418EA25D428EA35D438EE4
:10D41000A45D448EA55D458EA65D468EA75D478EB4
:10D42000A85D488EA95D498EAA5D4A8EAB5D4B8E84
:10D43000AC5D4C8EAD5D4D8EAE5D4E8EAF5D4F8E54
:10D44000B05D508EB15D518EB25D528EB35D538E24
:10D45000B45D548EB55D558EB65D568EB85D578EF3
:10D46000B95D588EBA5D598EBB5D5A8EBC5D5B8EC0
:10D47000BD5D5C8EBE5D5D8EBF5D5E8EC05D5F8E90
:10D48000C15D608EC25D618EC35D628EC45D638E60
:10D49000C65D648EC75D658EC85D668EC95D678E2C
:10D4A000CA5D688ECB5D698ECC5D6A8ECE5D6B8EFB
:10D4B000CF5D6C8ED05D6D8ED15D6E8ED25D6F8EC8
:10D4C000D35D708ED45D718ED55D728ED65D738E98
:10D4D000D75D748ED85D758ED95D768EDA5D778E68
:10D4E000DC5D788EDF5D798EE05D7A8EE35D7B8E2C
:10D4F000E45D7C8EEA5D7D8EEC5D7E8EED5D808EE2
:10D50000F05D818EF55D828EF65D838EF85D848E92
:10D51000F95D858EFA5D868EFB5D878EFC5D888E5B
:10D52000FF5D898E005E8A8E045E8B8E075E8C8E18
:10D53000095E8D8E0A5E8E8E0B5E8F8E0D5E908ED6
:10D540000E5E918E125E928E135E938E175E948E97
:10D550001E5E958E1F5E968E205E978E215E988E43
:10D56000225E998E235E9A8E245E9B8E255E9C8E13
:10D57000285E9D8E295E9E8E2A5E9F8E2B5EA08EDB
:10D580002C5EA18E2F5EA28E305EA38E325EA48EA4
:10D59000335EA58E345EA68E355EA78E365EA88E6F
:10D5A000395EA98E3A5EAA8E3E5EAB8E3F5EAC8E31
:10D5B000405EAD8E415EAE8E435EAF8E465EB08EF7
:10D5C000475EB18E485EB28E495EB38E4A5EB48EBF
:10D5D0004B5EB58E4D5EB68E4E5EB78E4F5EB88E8C
:10D5E000505EB98E515EBA8E525EBB8E535EBC8E5B
:10D5F000565EBD8E575EBE8E585EBF8E595EC08E23
:10D600005A5EC18E5C5EC28E5D5EC38E5F5EC48EEE
:10D61000605EC58E635EC68E645EC78E655EC88EB4
:10D62000665EC98E675ECA8E685ECB8E695ECC8E82
:10D630006A5ECD8E6B5ECE8E6C5ECF8E6D5ED08E52
:10D640006E5ED18E6F5ED28E705ED38E715ED48E22
:10D65000755ED58E775ED68E795ED78E7E5ED88EDD
:10D66000815ED98E825EDA8E835EDB8E855EDC8E95
:10D67000885EDD8E895EDE8E8C5EDF8E8D5EE08E56
:10D680008E5EE18E925EE28E985EE38E9B5EE48E0D
:10D690009D5EE58EA15EE68EA25EE78EA35EE88EBD
:10D6A000A45EE98EA85EEA8EA95EEB8EAA5EEC8E81
:10D6B000AB5EED8EAC5EEE8EAE5EEF8EAF5EF08E4C
:10D6C000B05EF18EB15EF28EB25EF38EB45EF48E19
:10D6D000BA5EF58EBB5EF68EBC5EF78EBD5EF88ED2
:10D6E000BF5EF98EC05EFA8EC15EFB8EC25EFC8E9E
:10D6F000C35EFD8EC45EFE8EC55E408FC65E418FEA
:10D70000C75E428FC85E438FCB5E448FCC5E458F31
:10D71000CD5E468FCE5E478FCF5E488FD05E498FFD
:10D72000D45E4A8FD55E4B8FD75E4C8FD85E4D8FBF
:10D73000D95E4E8FDA5E4F8FDC5E508FDD5E518F8B
:10D74000DE5E528FDF5E538FE05E548FE15E558F59
:10D75000E25E568FE35E578FE45E588FE55E598F29
:10D76000E65E5A8FE75E5B8FE95E5C8FEB5E5D8FF6
:10D77000EC5E5E8FED5E5F8FEE5E608FEF5E618FC1
:10D78000F05E628FF15E638FF25E648FF35E658F91
:10D79000F55E668FF85E678FF95E688FFB5E698F56
:10D7A000FC5E6A8FFD5E6B8F055F6C8F065F6D8F11
:10D7B000075F6E8F095F6F8F0C5F708F0D5F718FCA
:10D7C0000E5F728F105F738F125F748F145F758F8F
:10D7D000165F768F195F778F1A5F788F1C5F798F4E
:10D7E0001D5F7A8F1E5F7B8F215F7C8F225F7D8F15
:10D7F000235F7E8F245F808F285F818F2B5F828FD6
:10D800002C5F838F2E5F848F305F858F325F868F92
:10D81000335F878F345F888F355F898F365F8A8F5C
:10D82000375F8B8F385F8C8F3B5F8D8F3D5F8E8F27
:10D830003E5F8F8F3F5F908F415F918F425F928FEE
:10D84000435F938F445F948F455F958F465F968FBC
:10D85000475F978F485F988F495F998F4A5F9A8F8C
:10D860004B5F9B8F4C5F9C8F4D5F9D8F4E5F9E8F5C
:10D870004F5F9F8F515FA08F545FA18F595FA28F21
:10D880005A5FA38F5B5FA48F5C5FA58F5E5FA68FDF
:10D890005F5FA78F605FA88F635FA98F655FAA8FA7
:10D8A000675FAB8F685FAC8F6B5FAD8F6E5FAE8F66
:10D8B0006F5FAF8F725FB08F745FB18F755FB28F24
:10D8C000765FB38F785FB48F7A5FB58F7D5FB68FE9
:10D8D0007E5FB78F7F5FB88F835FB98F865FBA8FA8
:10D8E0008D5FBB8F8E5FBC8F8F5FBD8F915FBE8F53
:10D8F000935FBF8F945FC08F965FC18F9A5FC28F17
:10D900009B5FC38F9D5FC48F9E5FC58F9F5FC68FD8
:10D91000A05FC78FA25FC88FA35FC98FA45FCA8FA4
:10D92000A55FCB8FA65FCC8FA75FCD8FA95FCE8F72
:10D93000AB5FCF8FAC5FD08FAF5FD18FB05FD28F37
:10D94000B15FD38FB25FD48FB35FD58FB45FD68F03
:10D95000B65FD78FB85FD88FB95FD98FBA5FDA8FCC
:10D96000BB5FDB8FBE5FDC8FBF5FDD8FC05FDE8F95
:10D97000C15FDF8FC25FE08FC75FE18FC85FE28F5B
:10D98000CA5FE38FCB5FE48FCE5FE58FD35FE68F17
:10D99000D45FE78FD55FE88FDA5FE98FDB5FEA8FCF
:10D9A000DC5FEB8FDE5FEC8FDF5FED8FE25FEE8F92
:10D9B000E35FEF8FE55FF08FE65FF18FE85FF28F57
:10D9C000E95FF38FEC5FF48FEF5FF58FF05FF68F19
:10D9D000F25FF78FF35FF88FF45FF98FF65FFA8FDE
:10D9E000F75FFB8FF95FFC8FFA5FFD8FFC5FFE8FA7
:10D9F0000760409008604190096042900B6043903E
:10DA00000C60449010604590116046901360479000
:10DA100017604890186049901A604A901E604B90B9
:10DA20001F604C9022604D9023604E9024604F9078
:10DA30002C6050902D6051902E6052903060539029
:10DA400031605490326055903360569034605790F6
:10DA5000366058903760599038605A9039605B90C2
:10DA60003A605C903D605D903E605E9040605F908B
:10DA7000446060904560619046606290476063904A
:10DA800048606490496065904A6066904C60679019
:10DA90004E6068904F60699051606A9053606B90DF
:10DAA00054606C9056606D9057606E9058606F90A7
:10DAB0005B6070905C6071905E6072905F6073906C
:10DAC0006060749061607590656076906660779034
:10DAD0006E6078907160799072607A9074607B90DB
:10DAE00075607C9077607D907E607E908060809095
:10DAF000816081908260829085608390866084904E
:10DB000087608590886086908A6087908B60889017
:10DB10008E6089908F608A9090608B9091608C90DD
:10DB200093608D9095608E9097608F9098609090A4
:10DB3000996091909C6092909E609390A160949067
:10DB4000A2609590A4609690A5609790A760989029
:10DB5000A9609990AA609A90AE609B90B0609C90EA
:10DB6000B3609D90B5609E90B6609F90B760A090A6
:10DB7000B960A190BA60A290BD60A390BE60A4906D
:10DB8000BF60A590C060A690C160A790C260A89039
:10DB9000C360A990C460AA90C760AB90C860AC9005
:10DBA000C960AD90CC60AE90CD60AF90CE60B090CB
:10DBB000CF60B190D060B290D260B390D360B49097
:10DBC000D460B590D660B690D760B790D960B89061
:10DBD000DB60B990DE60BA90E160BB90E260BC901F
:10DBE000E360BD90E460BE90E560BF90EA60C090E5
:10DBF000F160C190F260C290F560C390F760C4908C
:10DC0000F860C590FB60C690FC60C790FD60C8904E
:10DC1000FE60C990FF60CA900261CB900361CC9016
:10DC20000461CD900561CE900761CF900A61D090DC
:10DC30000B61D1900C61D2901061D3901161D4909E
:10DC40001261D5901361D6901461D7901661D89067
:10DC50001761D9901861DA901961DB901B61DC9033
:10DC60001C61DD901D61DE901E61DF902161E090FE
:10DC70002261E1902561E2902861E3902961E490BE
:10DC80002A61E5902C61E6902D61E7902E61E89085
:10DC90002F61E9903061EA903161EB903261EC9054
:10DCA0003361ED903461EE903561EF903661F09024
:10DCB0003761F1903861F2903961F3903A61F490F4
:10DCC0003B61F5903C61F6903D61F7903E61F890C4
:10DCD0004061F9904161FA904261FB904361FC9090
:10DCE0004461FD904561FE904661409147614191DC
:10DCF000496142914B6143914D6144914F6145911E
:10DD000050614691526147915361489154614991E4
:10DD100056614A9157614B9158614C9159614D91AF
:10DD20005A614E915B614F915C6150915E6151917E
:10DD30005F6152916061539161615491636155914A
:10DD40006461569165615791666158916961599115
:10DD50006A615A916B615B916C615C916D615D91DF
:10DD60006E615E916F615F917161609172616191AD
:10DD70007361629174616391766164917861659178
:10DD8000796166917A6167917B6168917C61699143
:10DD90007D616A917E616B917F616C9180616D9113
:10DDA00081616E9182616F918361709184617191E3
:10DDB00085617291866173918761749188617591B3
:10DDC000896176918A6177918C6178918D61799181
:10DDD0008F617A9190617B9191617C9192617D914B
:10DDE00093617E9195618091966181919761829115
:10DDF00098618391996184919A6185919B618691E3
:10DE00009C6187919E6188919F618991A0618A91AF
:10DE1000A1618B91A2618C91A3618D91A4618E917E
:10DE2000A5618F91A6619091AA619191AB61929148
:10DE3000AD619391AE619491AF619591B06196910E
:10DE4000B1619791B2619891B3619991B4619A91DE
:10DE5000B5619B91B6619C91B8619D91B9619E91AC
:10DE6000BA619F91BB61A091BC61A191BD61A2917A
:10DE7000BF61A391C061A491C161A591C361A69145
:10DE8000C461A791C561A891C661A991C761AA9112
:10DE9000C961AB91CC61AC91CD61AD91CE61AE91D8
:10DEA000CF61AF91D061B091D361B191D561B291A1
:10DEB000D661B391D761B491D861B591D961B6916A
:10DEC000DA61B791DB61B891DC61B991DD61BA913A
:10DED000DE61BB91DF61BC91E061BD91E161BE910A
:10DEE000E261BF91E361C091E461C191E561C291DA
:10DEF000E761C391E861C491E961C591EA61C691A6
:10DF0000EB61C791EC61C891ED61C991EE61CA9175
:10DF1000EF61CB91F061CC91F161CD91F261CE9145
:10DF2000F361CF91F461D091F661D191F761D29113
:10DF3000F861D391F961D491FA61D591FB61D691E1
:10DF4000FC61D791FD61D891FE61D9910062DA91AF
:10DF50000162DB910262DC910362DD910462DE9179
:10DF60000562DF910762E0910962E1911362E2913B
:10DF70001462E3911962E4911C62E5911D62E691DD
:10DF80001E62E7912062E8912362E9912662EA919C
:10DF90002762EB912862EC912962ED912B62EE9160
:10DFA0002D62EF912F62F0913062F1913162F29126
:10DFB0003262F3913562F4913662F5913862F691EE
:10DFC0003962F7913A62F8913B62F9913C62FA91B9
:10DFD0004262FB914462FC914562FD914662FE9172
:10DFE0004A6240924F62419250624292556243921D
:10DFF0005662449257624592596246925A624792DB
:10E000005C6248925D6249925E624A925F624B92A4
:10E0100060624C9261624D9262624E9264624F9273
:10E02000656250926862519271625292726253922A
:10E0300074625492756255927762569278625792E2
:10E040007A6258927B6259927D625A9281625B92A7
:10E0500082625C9283625D9285625E9286625F926A
:10E0600087626092886261928B6262928C62639234
:10E070008D6264928E6265928F6266929062679200
:10E0800094626892996269929C626A929D626B92B4
:10E090009E626C92A3626D92A6626E92A7626F926C
:10E0A000A9627092AA627192AD627292AE6273922C
:10E0B000AF627492B0627592B2627692B3627792F6
:10E0C000B4627892B6627992B7627A92B8627B92C1
:10E0D000BA627C92BE627D92C0627E92C162809280
:10E0E000C3628192CB628292CF628392D162849228
:10E0F000D5628592DD628692DE628792E0628892C6
:10E10000E1628992E4628A92EA628B92EB628C927B
:10E11000F0628D92F2628E92F5628F92F862909226
:10E12000F9629192FA629292FB62939200639492E6
:10E13000036395920463969205639792066398929F
:10E140000A6399920B639A920C639B920D639C9263
:10E150000F639D9210639E9212639F921363A0922D
:10E160001463A1921563A2921763A3921863A492F9
:10E170001963A5921C63A6922663A7922763A892AF
:10E180002963A9922C63AA922D63AB922E63AC9261
:10E190003063AD923163AE923363AF923463B09229
:10E1A0003563B1923663B2923763B3923863B492F7
:10E1B0003B63B5923C63B6923E63B7923F63B892BD
:10E1C0004063B9924163BA924463BB924763BC9285
:10E1D0004863BD924A63BE925163BF925263C0923C
:10E1E0005363C1925463C2925663C3925763C492FD
:10E1F0005863C5925963C6925A63C7925B63C892CB
:10E200005C63C9925D63CA926063CB926463CC9293
:10E210006563CD926663CE926863CF926A63D09253
:10E220006B63D1926C63D2926F63D3927063D4921A
:10E230007263D5927363D6927463D7927563D892E2
:10E240007863D9927963DA927C63DB927D63DC92A6
:10E250007E63DD927F63DE928163DF928363E0926F
:10E260008463E1928563E2928663E3928B63E49236
:10E270008D63E5929163E6929363E7929463E892EB
:10E280009563E9929763EA929963EB929A63EC92B1
:10E290009B63ED929C63EE929D63EF929E63F0927E
:10E2A0009F63F192A163F292A463F392A663F49246
:10E2B000AB63F592AF63F692B163F792B263F892F3
:10E2C000B563F992B663FA92B963FB92BB63FC92B1
:10E2D000BD63FD92BF63FE92C0634093C1634193EF
:10E2E000C2634293C3634393C5634493C763459337
:10E2F000C8634693CA634793CB634893CC634993FF
:10E30000D1634A93D3634B93D4634C93D5634D93BA
:10E31000D7634E93D8634F93D9635093DA63519385
:10E32000DB635293DC635393DD635493DF63559354
:10E33000E2635693E4635793E5635893E663599316
:10E34000E7635A93E8635B93EB635C93EC635D93E1
:10E35000EE635E93EF635F93F0636093F1636193A9
:10E36000F3636293F5636393F7636493F96365936F
:10E37000FA636693FB636793FC636893FE63699338
:10E3800003646A9304646B9306646C9307646D93EF
:10E3900008646E9309646F930A6470930D647193BB
:10E3A0000E6472931164739312647493156475937D
:10E3B0001664769317647793186478931964799345
:10E3C0001A647A931D647B931F647C9322647D930B
:10E3D00023647E93246480932564819327648293CD
:10E3E00028648393296484932B6485932E64869395
:10E3F0002F648793306488933164899332648A935D
:10E4000033648B9335648C9336648D9337648E9329
:10E4100038648F93396490933B6491933C649293F6
:10E420003E649393406494934264959343649693BB
:10E43000496497934B6498934C6499934D649A9371
:10E440004E649B934F649C9350649D9351649E9340
:10E4500053649F935564A0935664A1935764A29309
:10E460005964A3935A64A4935B64A5935C64A693D4
:10E470005D64A7935F64A8936064A9936164AA93A1
:10E480006264AB936364AC936464AD936564AE9370
:10E490006664AF936864B0936A64B1936B64B2933B
:10E4A0006C64B3936E64B4936F64B5937064B69305
:10E4B0007164B7937264B8937364B9937464BA93D4
:10E4C0007564BB937664BC937764BD937B64BE93A1
:10E4D0007C64BF937D64C0937E64C1937F64C29368
:10E4E0008064C3938164C4938364C5938664C69334
:10E4F0008864C7938964C8938A64C9938B64CA93F8
:10E500008C64CB938D64CC938E64CD938F64CE93C7
:10E510009064CF939364D0939464D1939764D2938F
:10E520009864D3939A64D4939B64D5939C64D69354
:10E530009D64D7939F64D893A064D993A164DA9320
:10E54000A264DB93A364DC93A564DD93A664DE93ED
:10E55000A764DF93A864E093AA64E193AB64E293B9
:10E56000AF64E393B164E493B264E593B364E69378
:10E57000B464E793B664E893B964E993BB64EA933F
:10E58000BD64EB93BE64EC93BF64ED93C164EE9302
:10E59000C364EF93C464F093C664F193C764F293C9
:10E5A000C864F393C964F493CA64F593CB64F69397
:10E5B000CC64F793CF64F893D164F993D364FA935E
:10E5C000D464FB93D564FC93D664FD93D964FE9325
:10E5D000DA644094DB644194DC644294DD644394E7
:10E5E000DF644494E0644594E1644694E3644794B2
:10E5F000E5644894E7644994E8644A94E9644B9478
:10E60000EA644C94EB644D94EC644E94ED644F9446
:10E61000EE645094EF645194F0645294F164539416
:10E62000F2645494F3645594F4645694F5645794E6
:10E63000F6645894F7645994F8645A94F9645B94B6
:10E64000FA645C94FB645D94FC645E94FD645F9486
:10E65000FE646094FF646194016562940265639452
:10E66000036564940465659405656694066567941E
:10E6700007656894086569940A656A940B656B94EC
:10E680000C656C940D656D940E656E940F656F94BA
:10E690001065709411657194136572941465739488
:10E6A0001565749416657594176576941965779455
:10E6B0001A6578941B6579941C657A941D657B9422
:10E6C0001E657C941F657D9420657E9421658094F1
:10E6D00022658194236582942465839426658494BD
:10E6E0002765859428658694296587942A6588948A
:10E6F0002C6589942D658A9430658B9431658C9452
:10E7000032658D9433658E9437658F943A65909415
:10E710003C6591943D6592944065939441659494D1
:10E72000426595944365969444659794466598949C
:10E73000476599944A659A944B659B944D659C9462
:10E740004E659D9450659E9452659F945365A09428
:10E750005465A1945765A2945865A3945A65A494EE
:10E760005C65A5945F65A6946065A7946165A894AF
:10E770006465A9946565AA946765AB946865AC9473
:10E780006965AD946A65AE946D65AF946E65B0943D
:10E790006F65B1947165B2947365B3947565B49403
:10E7A0007665B5947865B6947965B7947A65B894CA
:10E7B0007B65B9947C65BA947D65BB947E65BC9499
:10E7C0007F65BD948065BE948165BF948265C09469
:10E7D0008365C1948465C2948565C3948665C49439
:10E7E0008865C5948965C6948A65C7948D65C89403
:10E7F0008E65C9948F65CA949265CB949465CC94C8
:10E800009565CD949665CE949865CF949A65D0948D
:10E810009D65D1949E65D294A065D394A265D4944D
:10E82000A365D594A665D694A865D794AA65D8940F
:10E83000AC65D994AE65DA94B165DB94B265DC94CD
:10E84000B365DD94B465DE94B565DF94B665E09498
:10E85000B765E194B865E294BA65E394BB65E49466
:10E86000BE65E594BF65E694C065E794C265E8942B
:10E87000C765E994C865EA94C965EB94CA65EC94E8
:10E88000CD65ED94D065EE94D165EF94D365F094A9
:10E89000D465F194D565F294D865F394D965F49470
:10E8A000DA65F594DB65F694DC65F794DD65F8943C
:10E8B000DE65F994DF65FA94E165FB94E365FC9409
:10E8C000E465FD94EA65FE94EB654095F26541953B
:10E8D000F3654295F4654395F5654495F86545956E
:10E8E000F9654695FB654795FC654895FD65499535
:10E8F000FE654A95FF654B9501664C9504664D95FE
:10E9000005664E9507664F950866509509665195C0
:10E910000B6652950D665395106654951166559584
:10E920001266569516665795176658951866599546
:10E930001A665A951B665B951C665C951E665D950E
:10E9400021665E9522665F952366609524666195D3
:10E9500026666295296663952A6664952B66659599
:10E960002C6666952E666795306668953266699561
:10E9700033666A9537666B9538666C9539666D9522
:10E980003A666E953B666F953D6670953F667195EC
:10E9900040667295426673954466749545667595B2
:10E9A000466676954766779548667895496679957F
:10E9B0004A667A954D667B954E667C9550667D9548
:10E9C00051667E9558668095596681955B668295FD
:10E9D0005C6683955D6684955E66859560668695C2
:10E9E00062668795636688956566899567668A9588
:10E9F00069668B956A668C956B668D956C668E954F
:10EA00006D668F9571669095726691957366929515
:10EA10007566939578669495796695957B669695D7
:10EA20007C6697957D6698957F66999580669A95A0
:10EA300081669B9583669C9585669D9586669E9569
:10EA400088669F958966A0958A66A1958B66A29532
:10EA50008D66A3958E66A4958F66A5959066A695FE
:10EA60009266A7959366A8959466A9959566AA95CA
:10EA70009866AB959966AC959A66AD959B66AE9592
:10EA80009C66AF959E66B0959F66B195A066B2955F
:10EA9000A166B395A266B495A366B595A466B6952E
:10EAA000A566B795A666B895A966B995AA66BA95FA
:10EAB000AB66BB95AC66BC95AD66BD95AF66BE95C5
:10EAC000B066BF95B166C095B266C195B366C29592
:10EAD000B566C395B666C495B766C595B866C6955E
:10EAE000BA66C795BB66C895BC66C995BD66CA952A
:10EAF000BF66CB95C066CC95C166CD95C266CE95F6
:10EB0000C366CF95C466D095C566D195C666D295C5
:10EB1000C766D395C866D495C966D595CA66D69595
:10EB2000CB66D795CC66D895CD66D995CE66DA9565
:10EB3000CF66DB95D066DC95D166DD95D266DE9535
:10EB4000D366DF95D466E095D566E195D666E29505
:10EB5000D766E395D866E495DA66E595DE66E695D0
:10EB6000DF66E795E066E895E166E995E266EA9595
:10EB7000E366EB95E466EC95E566ED95E766EE9564
:10EB8000E866EF95EA66F095EB66F195EC66F2952E
:10EB9000ED66F395EE66F495EF66F595F166F695FC
:10EBA000F566F795F666F895F866F995FA66FA95BA
:10EBB000FB66FB95FD66FC950167FD950267FE957A
:10EBC0000367409604674196056742960667439639
:10EBD000076744960C6745960E6746960F674796FB
:10EBE000116748961267499613674A9616674B96BF
:10EBF00018674C9619674D961A674E961C674F9684
:10EC00001E67509620675196216752962267539649
:10EC10002367549624675596256756962767579617
:10EC2000296758962E67599630675A9632675B96D1
:10EC300033675C9636675D9637675E9638675F9692
:10EC4000396760963B6761963C6762963E6763965C
:10EC50003F67649641676596446766964567679621
:10EC6000476768964A6769964B676A964D676B96E1
:10EC700052676C9654676D9655676E9657676F9698
:10EC800058677096596771965A6772965B67739664
:10EC90005D67749662677596636776966467779624
:10ECA00066677896676779966B677A966C677B96E6
:10ECB0006E677C9671677D9674677E9676678096A0
:10ECC00078678196796782967A6783967B67849660
:10ECD0007D67859680678696826787968367889624
:10ECE0008567899686678A9688678B968A678C96E9
:10ECF0008C678D968D678E968E678F968F679096B0
:10ED0000916791969267929693679396946794967B
:10ED100096679596996796969B6797969F6798963C
:10ED2000A0679996A1679A96A4679B96A6679C96FA
:10ED3000A9679D96AC679E96AE679F96B167A096B1
:10ED4000B267A196B467A296B967A396BA67A4966C
:10ED5000BB67A596BC67A696BD67A796BE67A89633
:10ED6000BF67A996C067AA96C267AB96C567AC96FF
:10ED7000C667AD96C767AE96C867AF96C967B096C7
:10ED8000CA67B196CB67B296CC67B396CD67B49697
:10ED9000CE67B596D567B696D667B796D767B89655
:10EDA000DB67B996DF67BA96E167BB96E367BC9607
:10EDB000E467BD96E667BE96E767BF96E867C096CC
:10EDC000EA67C196EB67C296ED67C396EE67C49695
:10EDD000F267C596F567C696F667C796F767C89651
:10EDE000F867C996F967CA96FA67CB96FB67CC961F
:10EDF000FC67CD96FE67CE960168CF960268D096E6
:10EE00000368D1960468D2960668D3960D68D496A6
:10EE10001068D5961268D6961468D7961568D89655
:10EE20001868D9961968DA961A68DB961B68DC961A
:10EE30001C68DD961E68DE961F68DF962068E096E7
:10EE40002268E1962368E2962468E3962568E496B2
:10EE50002668E5962768E6962868E7962B68E89680
:10EE60002C68E9962D68EA962E68EB962F68EC964A
:10EE70003068ED963168EE963468EF963568F09616
:10EE80003668F1963A68F2963B68F3963F68F496D6
:10EE90004768F5964B68F6964D68F7964F68F89672
:10EEA0005268F9965668FA965768FB965868FC9629
:10EEB0005968FD965A68FE965B6840975C68419772
:10EEC0005D6842975E6843975F6844976A684597B4
:10EED0006C6846976D6847976E6848976F68499762
:10EEE00070684A9771684B9772684C9773684D9732
:10EEF00075684E9778684F97796850977A685197F8
:10EF00007B6852977C6853977D6854977E685597C5
:10EF10007F68569780685797826858978468599792
:10EF200087685A9788685B9789685C978A685D9755
:10EF30008B685E978C685F978D6860978E68619725
:10EF400090686297916863979268649794686597F0
:10EF500095686697966867979868689799686997BB
:10EF60009A686A979B686B979C686C979D686D9789
:10EF70009E686E979F686F97A0687097A168719759
:10EF8000A3687297A4687397A5687497A968759722
:10EF9000AA687697AB687797AC687897AE687997E8
:10EFA000B1687A97B2687B97B4687C97B6687D97AA
:10EFB000B7687E97B8688097B9688197BA68829772
:10EFC000BB688397BC688497BD688597BE68869741
:10EFD000BF688797C1688897C3688997C4688A970C
:10EFE000C5688B97C6688C97C7688D97C8688E97D9
:10EFF000CA688F97CC689097CE689197CF689297A0
:10F00000D0689397D1689497D3689597D46896976A
:10F01000D6689797D7689897D9689997DB689A9731
:10F02000DC689B97DD689C97DE689D97DF689E97FC
:10F03000E1689F97E268A097E468A197E568A297C6
:10F04000E668A397E768A497E868A597E968A69794
:10F05000EA68A797EB68A897EC68A997ED68AA9764
:10F06000EF68AB97F268AC97F368AD97F468AE972A
:10F07000F668AF97F768B097F868B197FB68B297F2
:10F08000FD68B397FE68B497FF68B5970069B697B7
:10F090000269B7970369B8970469B9970669BA977F
:10F0A0000769BB970869BC970969BD970A69BE974C
:10F0B0000C69BF970F69C0971169C1971369C2970F
:10F0C0001469C3971569C4971669C5971769C697D8
:10F0D0001869C7971969C8971A69C9971B69CA97A8
:10F0E0001C69CB971D69CC971E69CD972169CE9776
:10F0F0002269CF972369D0972569D1972669D2973E
:10F100002769D3972869D4972969D5972A69D6970B
:10F110002B69D7972C69D8972E69D9972F69DA97D9
:10F120003169DB973269DC973369DD973569DE97A2
:10F130003669DF973769E0973869E1973A69E2976E
:10F140003B69E3973C69E4973E69E5974069E69738
:10F150004169E7974369E8974469E9974569EA9700
:10F160004669EB974769EC974869ED974969EE97CF
:10F170004A69EF974B69F0974C69F1974D69F2979F
:10F180004E69F3974F69F4975069F5975169F6976F
:10F190005269F7975369F8975569F9975669FA973D
:10F1A0005869FB975969FC975B69FD975C69FE9705
:10F1B0005F694098616941986269429864694398BF
:10F1C0006569449867694598686946986969479888
:10F1D0006A6948986C6949986D694A986F694B9853
:10F1E00070694C9872694D9873694E9874694F981C
:10F1F00075695098766951987A6952987B695398E5
:10F200007D6954987E6955987F69569881695798A9
:10F2100083695898856959988A695A988B695B9867
:10F220008C695C988E695D988F695E9890695F982B
:10F2300091696098926961989369629896696398F8
:10F2400097696498996965989A6966989D696798BD
:10F250009E6968989F696998A0696A98A1696B9886
:10F26000A2696C98A3696D98A4696E98A5696F9856
:10F27000A6697098A9697198AA697298AC6973981F
:10F28000AE697498AF697598B0697698B2697798E5
:10F29000B3697898B5697998B6697A98B8697B98AE
:10F2A000B9697C98BA697D98BC697E98BD69809877
:10F2B000BE698198BF698298C0698398C269849841
:10F2C000C3698598C4698698C5698798C66988980E
:10F2D000C7698998C8698A98C9698B98CB698C98DD
:10F2E000CD698D98CF698E98D1698F98D2699098A1
:10F2F000D3699198D5699298D6699398D76994986B
:10F30000D8699598D9699698DA699798DC69989838
:10F31000DD699998DE699A98E1699B98E2699C9801
:10F32000E3699D98E4699E98E5699F98E669A098CD
:10F33000E769A198E869A298E969A398EA69A4989D
:10F34000EB69A598EC69A698EE69A798EF69A8986B
:10F35000F069A998F169AA98F369AB98F469AC9837
:10F36000F569AD98F669AE98F769AF98F869B09805
:10F37000F969B198FA69B298FB69B398FC69B498D5
:10F38000FE69B598006AB698016AB798026AB8989B
:10F39000036AB998046ABA98056ABB98066ABC9869
:10F3A000076ABD98086ABE98096ABF980B6AC09838
:10F3B0000C6AC1980D6AC2980E6AC3980F6AC49805
:10F3C000106AC598116AC698126AC798136AC898D5
:10F3D000146AC998156ACA98166ACB98196ACC98A3
:10F3E0001A6ACD981B6ACE981C6ACF981D6AD0986D
:10F3F0001E6AD198206AD298226AD398236AD49838
:10F40000246AD598256AD698266AD798276AD89804
:10F41000296AD9982B6ADA982C6ADB982D6ADC98CD
:10F420002E6ADD98306ADE98326ADF98336AE09897
:10F43000346AE198366AE298376AE398386AE49861
:10F44000396AE5983A6AE6983B6AE7983C6AE89830
:10F450003F6AE998406AEA98416AEB98426AEC98F8
:10F46000436AED98456AEE98466AEF98486AF098C4
:10F47000496AF1984A6AF2984B6AF3984C6AF49890
:10F480004D6AF5984E6AF6984F6AF798516AF8985F
:10F49000526AF998536AFA98546AFB98556AFC982C
:10F4A000566AFD98576AFE985A6A40995C6A419973
:10F4B0005D6A42995E6A43995F6A4499606A4599B8
:10F4C000626A4699636A4799646A4899666A499983
:10F4D000676A4A99686A4B99696A4C996A6A4D9950
:10F4E0006B6A4E996C6A4F996D6A50996E6A519920
:10F4F0006F6A5299706A5399726A5499736A5599EE
:10F50000746A5699756A5799766A5899776A5999BB
:10F51000786A5A997A6A5B997B6A5C997D6A5D9987
:10F520007E6A5E997F6A5F99816A6099826A619951
:10F53000836A6299856A6399866A6499876A65991C
:10F54000886A6699896A67998A6A68998B6A6999EB
:10F550008C6A6A998D6A6B998F6A6C99926A6D99B7
:10F56000936A6E99946A6F99956A7099966A71997F
:10F57000986A7299996A73999A6A74999B6A75994B
:10F580009C6A76999D6A77999E6A78999F6A79991B
:10F59000A16A7A99A26A7B99A36A7C99A46A7D99E7
:10F5A000A56A7E99A66A8099A76A8199A86A8299B4
:10F5B000AA6A8399AD6A8499AE6A8599AF6A869979
:10F5C000B06A8799B16A8899B26A8999B36A8A9947
:10F5D000B46A8B99B56A8C99B66A8D99B76A8E9917
:10F5E000B86A8F99B96A9099BA6A9199BB6A9299E7
:10F5F000BC6A9399BD6A9499BE6A9599BF6A9699B7
:10F60000C06A9799C16A9899C26A9999C36A9A9986
:10F61000C46A9B99C56A9C99C66A9D99C76A9E9956
:10F62000C86A9F99C96AA099CA6AA199CB6AA29926
:10F63000CC6AA399CD6AA499CE6AA599CF6AA699F6
:10F64000D06AA799D16AA899D26AA999D36AAA99C6
:10F65000D46AAB99D56AAC99D66AAD99D76AAE9996
:10F66000D86AAF99D96AB099DA6AB199DB6AB29966
:10F67000DC6AB399DD6AB499DE6AB599DF6AB69936
:10F68000E06AB799E16AB899E26AB999E36ABA9906
:10F69000E46ABB99E56ABC99E66ABD99E76ABE99D6
:10F6A000E86ABF99E96AC099EA6AC199EB6AC299A6
:10F6B000EC6AC399ED6AC499EE6AC599EF6AC69976
:10F6C000F06AC799F16AC899F26AC999F36ACA9946
:10F6D000F46ACB99F56ACC99F66ACD99F76ACE9916
:10F6E000F86ACF99F96AD099FA6AD199FB6AD299E6
:10F6F000FC6AD399FD6AD499FE6AD599FF6AD699B6
:10F70000006BD799016BD899026BD999036BDA9981
:10F71000046BDB99056BDC99066BDD99076BDE9951
:10F72000086BDF99096BE0990A6BE1990B6BE29921
:10F730000C6BE3990D6BE4990E6BE5990F6BE699F1
:10F74000106BE799116BE899126BE999136BEA99C1
:10F75000146BEB99156BEC99166BED99176BEE9991
:10F76000186BEF99196BF0991A6BF1991B6BF29961
:10F770001C6BF3991D6BF4991E6BF5991F6BF69931
:10F78000256BF799266BF899286BF999296BFA99EB
:10F790002A6BFB992B6BFC992C6BFD992D6BFE99B9
:10F7A0002E6B409A2F6B419A306B429A316B439A81
:10F7B000336B449A346B459A356B469A366B479A4D
:10F7C000386B489A3B6B499A3C6B4A9A3D6B4B9A13
:10F7D0003F6B4C9A406B4D9A416B4E9A426B4F9ADD
:10F7E000446B509A456B519A486B529A4A6B539AA4
:10F7F0004B6B549A4D6B559A4E6B569A4F6B579A6A
:10F80000506B589A516B599A526B5A9A536B5B9A38
:10F81000546B5C9A556B5D9A566B5E9A576B5F9A08
:10F82000586B609A5A6B619A5B6B629A5C6B639AD5
:10F830005D6B649A5E6B659A5F6B669A606B679AA4
:10F84000616B689A686B699A696B6A9A6B6B6B9A61
:10F850006C6B6C9A6D6B6D9A6E6B6E9A6F6B6F9A28
:10F86000706B709A716B719A726B729A736B739AF8
:10F87000746B749A756B759A766B769A776B779AC8
:10F88000786B789A7A6B799A7D6B7A9A7E6B7B9A91
:10F890007F6B7C9A806B7D9A856B7E9A886B809A51
:10F8A0008C6B819A8E6B829A8F6B839A906B849A01
:10F8B000916B859A946B869A956B879A976B889AC9
:10F8C000986B899A996B8A9A9C6B8B9A9D6B8C9A90
:10F8D0009E6B8D9A9F6B8E9AA06B8F9AA26B909A5B
:10F8E000A36B919AA46B929AA56B939AA66B949A28
:10F8F000A76B959AA86B969AA96B979AAB6B989AF7
:10F90000AC6B999AAD6B9A9AAE6B9B9AAF6B9C9AC3
:10F91000B06B9D9AB16B9E9AB26B9F9AB66BA09A90
:10F92000B86BA19AB96BA29ABA6BA39ABB6BA49A53
:10F93000BC6BA59ABD6BA69ABE6BA79AC06BA89A22
:10F94000C36BA99AC46BAA9AC66BAB9AC76BAC9AE5
:10F95000C86BAD9AC96BAE9ACA6BAF9ACC6BB09AB2
:10F96000CE6BB19AD06BB29AD16BB39AD86BB49A72
:10F97000DA6BB59ADC6BB69ADD6BB79ADE6BB89A28
:10F98000DF6BB99AE06BBA9AE26BBB9AE36BBC9AF5
:10F99000E46BBD9AE56BBE9AE66BBF9AE76BC09AC3
:10F9A000E86BC19AE96BC29AEC6BC39AED6BC49A8F
:10F9B000EE6BC59AF06BC69AF16BC79AF26BC89A58
:10F9C000F46BC99AF66BCA9AF76BCB9AF86BCC9A20
:10F9D000FA6BCD9AFB6BCE9AFC6BCF9AFE6BD09AEA
:10F9E000FF6BD19A006CD29A016CD39A026CD49AB4
:10F9F000036CD59A046CD69A086CD79A096CD89A7D
:10FA00000A6CD99A0B6CDA9A0C6CDB9A0E6CDC9A45
:10FA1000126CDD9A176CDE9A1C6CDF9A1D6CE09AF2
:10FA20001E6CE19A206CE29A236CE39A256CE49AAE
:10FA30002B6CE59A2C6CE69A2D6CE79A316CE89A5F
:10FA4000336CE99A366CEA9A376CEB9A396CEC9A1B
:10FA50003A6CED9A3B6CEE9A3C6CEF9A3E6CF09AE5
:10FA60003F6CF19A436CF29A446CF39A456CF49AA9
:10FA7000486CF59A4B6CF69A4C6CF79A4D6CF89A68
:10FA80004E6CF99A4F6CFA9A516CFB9A526CFC9A34
:10FA9000536CFD9A566CFE9A586C409B596C419B76
:10FAA0005A6C429B626C439B636C449B656C459BA8
:10FAB000666C469B676C479B6B6C489B6C6C499B68
:10FAC0006D6C4A9B6E6C4B9B6F6C4C9B716C4D9B31
:10FAD000736C4E9B756C4F9B776C509B786C519BF5
:10FAE0007A6C529B7B6C539B7C6C549B7F6C559BBC
:10FAF000806C569B846C579B876C589B8A6C599B77
:10FB00008B6C5A9B8D6C5B9B8E6C5C9B916C5D9B34
:10FB1000926C5E9B956C5F9B966C609B976C619BF7
:10FB2000986C629B9A6C639B9C6C649B9D6C659BC0
:10FB30009E6C669BA06C679BA26C689BA86C699B83
:10FB4000AC6C6A9BAF6C6B9BB06C6C9BB46C6D9B2C
:10FB5000B56C6E9BB66C6F9BB76C709BBA6C719BEF
:10FB6000C06C729BC16C739BC26C749BC36C759BA5
:10FB7000C66C769BC76C779BC86C789BCB6C799B6B
:10FB8000CD6C7A9BCE6C7B9BCF6C7C9BD16C7D9B30
:10FB9000D26C7E9BD86C809BD96C819BDA6C829BEB
:10FBA000DC6C839BDD6C849BDF6C859BE46C869BAB
:10FBB000E66C879BE76C889BE96C899BEC6C8A9B65
:10FBC000ED6C8B9BF26C8C9BF46C8D9BF96C8E9B1B
:10FBD000FF6C8F9B006D909B026D919B036D929BC0
:10FBE000056D939B066D949B086D959B096D969B87
:10FBF0000A6D979B0D6D989B0F6D999B106D9A9B4D
:10FC0000116D9B9B136D9C9B146D9D9B156D9E9B15
:10FC1000166D9F9B186DA09B1C6DA19B1D6DA29BDB
:10FC20001F6DA39B206DA49B216DA59B226DA69BA0
:10FC3000236DA79B246DA89B266DA99B286DAA9B6D
:10FC4000296DAB9B2C6DAC9B2D6DAD9B2F6DAE9B31
:10FC5000306DAF9B346DB09B366DB19B376DB29BF1
:10FC6000386DB39B3A6DB49B3F6DB59B406DB69BB1
:10FC7000426DB79B446DB89B496DB99B4C6DBA9B67
:10FC8000506DBB9B556DBC9B566DBD9B576DBE9B10
:10FC9000586DBF9B5B6DC09B5D6DC19B5F6DC29BD3
:10FCA000616DC39B626DC49B646DC59B656DC69B96
:10FCB000676DC79B686DC89B6B6DC99B6C6DCA9B5C
:10FCC0006D6DCB9B706DCC9B716DCD9B726DCE9B22
:10FCD000736DCF9B756DD09B766DD19B796DD29BEB
:10FCE0007A6DD39B7B6DD49B7D6DD59B7E6DD69BB2
:10FCF0007F6DD79B806DD89B816DD99B836DDA9B7F
:10FD0000846DDB9B866DDC9B876DDD9B8A6DDE9B46
:10FD10008B6DDF9B8D6DE09B8F6DE19B906DE29B0A
:10FD2000926DE39B966DE49B976DE59B986DE69BCA
:10FD3000996DE79B9A6DE89B9C6DE99BA26DEA9B90
:10FD4000A56DEB9BAC6DEC9BAD6DED9BB06DEE9B33
:10FD5000B16DEF9BB36DF09BB46DF19BB66DF29BF3
:10FD6000B76DF39BB96DF49BBA6DF59BBB6DF69BBC
:10FD7000BC6DF79BBD6DF89BBE6DF99BC16DFA9B89
:10FD8000C26DFB9BC36DFC9BC86DFD9BC96DFE9B4B
:10FD9000CA6D409CCD6D419CCE6D429CCF6D439C05
:10FDA000D06D449CD26D459CD36D469CD46D479CD0
:10FDB000D56D489CD76D499CDA6D4A9CDB6D4B9C98
:10FDC000DC6D4C9CDF6D4D9CE26D4E9CE36D4F9C59
:10FDD000E56D509CE76D519CE86D529CE96D539C1C
:10FDE000EA6D549CED6D559CEF6D569CF06D579CE3
:10FDF000F26D589CF46D599CF56D5A9CF66D5B9CA8
:10FE0000F86D5C9CFA6D5D9CFD6D5E9CFE6D5F9C6B
:10FE1000FF6D609C006E619C016E629C026E639C33
:10FE2000036E649C046E659C066E669C076E679C00
:10FE3000086E689C096E699C0B6E6A9C0F6E6B9CC9
:10FE4000126E6C9C136E6D9C156E6E9C186E6F9C82
:10FE5000196E709C1B6E719C1C6E729C1E6E739C46
:10FE60001F6E749C226E759C266E769C276E779C06
:10FE7000286E789C2A6E799C2C6E7A9C2E6E7B9CC8
:10FE8000306E7C9C316E7D9C336E7E9C356E809C8A
:10FE9000366E819C376E829C396E839C3B6E849C4F
:10FEA0003C6E859C3D6E869C3E6E879C3F6E889C1A
:10FEB000406E899C416E8A9C426E8B9C456E8C9CE8
:10FEC000466E8D9C476E8E9C486E8F9C496E909CB2
:10FED0004A6E919C4B6E929C4C6E939C4F6E949C80
:10FEE000506E959C516E969C526E979C556E989C48
:10FEF000576E999C596E9A9C5A6E9B9C5C6E9C9C0A
:10FF00005D6E9D9C5E6E9E9C606E9F9C616EA09CD3
:10FF1000626EA19C636EA29C646EA39C656EA49CA1
:10FF2000666EA59C676EA69C686EA79C696EA89C71
:10FF30006A6EA99C6C6EAA9C6D6EAB9C6F6EAC9C3D
:10FF4000706EAD9C716EAE9C726EAF9C736EB09C09
:10FF5000746EB19C756EB29C766EB39C776EB49CD9
:10FF6000786EB59C796EB69C7A6EB79C7B6EB89CA9
:10FF70007C6EB99C7D6EBA9C806EBB9C816EBC9C75
:10FF8000826EBD9C846EBE9C876EBF9C886EC09C3A
:10FF90008A6EC19C8B6EC29C8C6EC39C8D6EC49C01
:10FFA0008E6EC59C916EC69C926EC79C936EC89CCB
:10FFB000946EC99C956ECA9C966ECB9C976ECC9C99
:10FFC000996ECD9C9A6ECE9C9B6ECF9C9D6ED09C64
:10FFD0009E6ED19CA06ED29CA16ED39CA36ED49C2D
:10FFE000A46ED59CA66ED69CA86ED79CA96ED89CF4
:10FFF000AB6ED99CAC6EDA9CAD6EDB9CAE6EDC9CBD
:020000040802F0
:10000000B06EDD9CB36EDE9CB56EDF9CB86EE09C7E
:10001000B96EE19CBC6EE29CBE6EE39CBF6EE49C3C
:10002000C06EE59CC36EE69CC46EE79CC56EE89C02
:10003000C66EE99CC86EEA9CC96EEB9CCA6EEC9CCD
:10004000CC6EED9CCD6EEE9CCE6EEF9CD06EF09C97
:10005000D26EF19CD66EF29CD86EF39CD96EF49C55
:10006000DB6EF59CDC6EF69CDD6EF79CE36EF89C17
:10007000E76EF99CEA6EFA9CEB6EFB9CEC6EFC9CC6
:10008000ED6EFD9CEE6EFE9CEF6E409DF06E419D10
:10009000F16E429DF26E439DF36E449DF56E459D5B
:1000A000F66E469DF76E479DF86E489DFA6E499D27
:1000B000FB6E4A9DFC6E4B9DFD6E4C9DFE6E4D9DF4
:1000C000FF6E4E9D006F4F9D016F509D036F519DC0
:1000D000046F529D056F539D076F549D086F559D8A
:1000E0000A6F569D0B6F579D0C6F589D0D6F599D54
:1000F0000E6F5A9D106F5B9D116F5C9D126F5D9D21
:10010000166F5E9D176F5F9D186F609D196F619DE3
:100110001A6F629D1B6F639D1C6F649D1D6F659DB3
:100120001E6F669D1F6F679D216F689D226F699D81
:10013000236F6A9D256F6B9D266F6C9D276F6D9D4C
:10014000286F6E9D2C6F6F9D2E6F709D306F719D0F
:10015000326F729D346F739D356F749D376F759DCF
:10016000386F769D396F779D3A6F789D3B6F799D9B
:100170003C6F7A9D3D6F7B9D3F6F7C9D406F7D9D69
:10018000416F7E9D426F809D436F819D446F829D34
:10019000456F839D486F849D496F859D4A6F869DFD
:1001A0004C6F879D4E6F889D4F6F899D506F8A9DC4
:1001B000516F8B9D526F8C9D536F8D9D546F8E9D93
:1001C000556F8F9D566F909D576F919D596F929D62
:1001D0005A6F939D5B6F949D5D6F959D5F6F969D2C
:1001E000606F979D616F989D636F999D646F9A9DF5
:1001F000656F9B9D676F9C9D686F9D9D696F9E9DC0
:100200006A6F9F9D6B6FA09D6C6FA19D6F6FA29D8C
:10021000706FA39D716FA49D736FA59D756FA69D53
:10022000766FA79D776FA89D796FA99D7B6FAA9D1B
:100230007D6FAB9D7E6FAC9D7F6FAD9D806FAE9DE2
:10024000816FAF9D826FB09D836FB19D856FB29DB1
:10025000866FB39D876FB49D8A6FB59D8B6FB69D7A
:100260008F6FB79D906FB89D916FB99D926FBA9D3A
:10027000936FBB9D946FBC9D956FBD9D966FBE9D0A
:10028000976FBF9D986FC09D996FC19D9A6FC29DDA
:100290009B6FC39D9D6FC49D9E6FC59D9F6FC69DA7
:1002A000A06FC79DA26FC89DA36FC99DA46FCA9D73
:1002B000A56FCB9DA66FCC9DA86FCD9DA96FCE9D40
:1002C000AA6FCF9DAB6FD09DAC6FD19DAD6FD29D0E
:1002D000AE6FD39DAF6FD49DB06FD59DB16FD69DDE
:1002E000B26FD79DB46FD89DB56FD99DB76FDA9DAA
:1002F000B86FDB9DBA6FDC9DBB6FDD9DBC6FDE9D73
:10030000BD6FDF9DBE6FE09DBF6FE19DC16FE29D40
:10031000C36FE39DC46FE49DC56FE59DC66FE69D09
:10032000C76FE79DC86FE89DCA6FE99DCB6FEA9DD7
:10033000CC6FEB9DCD6FEC9DCE6FED9DCF6FEE9DA5
:10034000D06FEF9DD36FF09DD46FF19DD56FF29D6F
:10035000D66FF39DD76FF49DD86FF59DD96FF69D3D
:10036000DA6FF79DDB6FF89DDC6FF99DDD6FFA9D0D
:10037000DF6FFB9DE26FFC9DE36FFD9DE46FFE9DD3
:10038000E56F409EE66F419EE76F429EE86F439E99
:10039000E96F449EEA6F459EEB6F469EEC6F479E69
:1003A000ED6F489EF06F499EF16F4A9EF26F4B9E33
:1003B000F36F4C9EF46F4D9EF56F4E9EF66F4F9E01
:1003C000F76F509EF86F519EF96F529EFA6F539ED1
:1003D000FB6F549EFC6F559EFD6F569EFE6F579EA1
:1003E000FF6F589E0070599E01705A9E02705B9E6E
:1003F00003705C9E04705D9E05705E9E06705F9E3D
:100400000770609E0870619E0970629E0A70639E0C
:100410000B70649E0C70659E0D70669E0E70679EDC
:100420000F70689E1070699E12706A9E13706B9EAA
:1004300014706C9E15706D9E16706E9E17706F9E78
:100440001870709E1970719E1C70729E1D70739E44
:100450001E70749E1F70759E2070769E2170779E10
:100460002270789E2470799E25707A9E26707B9EDD
:1004700027707C9E28707D9E29707E9E2A70809EAB
:100480002B70819E2C70829E2D70839E2E70849E78
:100490002F70859E3070869E3170879E3270889E48
:1004A0003370899E34708A9E36708B9E37708C9E16
:1004B00038708D9E3A708E9E3B708F9E3C70909EE1
:1004C0003D70919E3E70929E3F70939E4070949EB0
:1004D0004170959E4270969E4370979E4470989E80
:1004E0004570999E46709A9E47709B9E48709C9E50
:1004F00049709D9E4A709E9E4B709F9E4D70A09E1F
:100500004E70A19E5070A29E5170A39E5270A49EE8
:100510005370A59E5470A69E5570A79E5670A89EB7
:100520005770A99E5870AA9E5970AB9E5A70AC9E87
:100530005B70AD9E5C70AE9E5D70AF9E5F70B09E56
:100540006070B19E6170B29E6270B39E6370B49E23
:100550006470B59E6570B69E6670B79E6770B89EF3
:100560006870B99E6970BA9E6A70BB9E6E70BC9EC0
:100570007170BD9E7270BE9E7370BF9E7470C09E7F
:100580007770C19E7970C29E7A70C39E7B70C49E44
:100590007D70C59E8170C69E8270C79E8370C89E06
:1005A0008470C99E8670CA9E8770CB9E8870CC9ED0
:1005B0008B70CD9E8C70CE9E8D70CF9E8F70D09E96
:1005C0009070D19E9170D29E9370D39E9770D49E5E
:1005D0009870D59E9A70D69E9B70D79E9E70D89E1E
:1005E0009F70D99EA070DA9EA170DB9EA270DC9EE7
:1005F000A370DD9EA470DE9EA570DF9EA670E09EB7
:10060000A770E19EA870E29EA970E39EAA70E49E86
:10061000B070E59EB270E69EB470E79EB570E89E3D
:10062000B670E99EBA70EA9EBE70EB9EBF70EC9EFB
:10063000C470ED9EC570EE9EC670EF9EC770F09EB2
:10064000C970F19ECB70F29ECC70F39ECD70F49E7B
:10065000CE70F59ECF70F69ED070F79ED170F89E4A
:10066000D270F99ED370FA9ED470FB9ED570FC9E1A
:10067000D670FD9ED770FE9EDA70409FDC70419F61
:10068000DD70429FDE70439FE070449FE170459FA4
:10069000E270469FE370479FE570489FEA70499F6C
:1006A000EE704A9FF0704B9FF1704C9FF2704D9F1F
:1006B000F3704E9FF4704F9FF570509FF670519FEE
:1006C000F870529FFA70539FFB70549FFC70559FB7
:1006D000FE70569FFF70579F0071589F0171599F80
:1006E00002715A9F03715B9F04715C9F05715D9F4E
:1006F00006715E9F07715F9F0871609F0B71619F1C
:100700000C71629F0D71639F0E71649F0F71659FE5
:100710001171669F1271679F1471689F1771699FAD
:100720001B716A9F1C716B9F1D716C9F1E716D9F69
:100730001F716E9F20716F9F2171709F2271719F39
:100740002371729F2471739F2571749F2771759F08
:100750002871769F2971779F2A71789F2B71799FD5
:100760002C717A9F2D717B9F2E717C9F32717D9FA2
:1007700033717E9F3471809F3571819F3771829F65
:100780003871839F3971849F3A71859F3B71869F31
:100790003C71879F3D71889F3E71899F3F718A9F01
:1007A00040718B9F41718C9F42718D9F43718E9FD1
:1007B00044718F9F4671909F4771919F4871929F9E
:1007C0004971939F4B71949F4D71959F4F71969F67
:1007D0005071979F5171989F5271999F53719A9F31
:1007E00054719B9F55719C9F56719D9F57719E9F01
:1007F00058719F9F5971A09F5A71A19F5B71A29FD1
:100800005D71A39F5F71A49F6071A59F6171A69F99
:100810006271A79F6371A89F6571A99F6971AA9F63
:100820006A71AB9F6B71AC9F6C71AD9F6D71AE9F28
:100830006F71AF9F7071B09F7171B19F7471B29FF2
:100840007571B39F7671B49F7771B59F7971B69FBB
:100850007B71B79F7C71B89F7E71B99F7F71BA9F82
:100860008071BB9F8171BC9F8271BD9F8371BE9F50
:100870008571BF9F8671C09F8771C19F8871C29F1C
:100880008971C39F8B71C49F8C71C59F8D71C69FE9
:100890008E71C79F9071C89F9171C99F9271CA9FB5
:1008A0009371CB9F9571CC9F9671CD9F9771CE9F81
:1008B0009A71CF9F9B71D09F9C71D19F9D71D29F48
:1008C0009E71D39FA171D49FA271D59FA371D69F12
:1008D000A471D79FA571D89FA671D99FA771DA9FE0
:1008E000A971DB9FAA71DC9FAB71DD9FAD71DE9FAB
:1008F000AE71DF9FAF71E09FB071E19FB171E29F78
:10090000B271E39FB471E49FB671E59FB771E69F42
:10091000B871E79FBA71E89FBB71E99FBC71EA9F0C
:10092000BD71EB9FBE71EC9FBF71ED9FC071EE9FDB
:10093000C171EF9FC271F09FC471F19FC571F29FA9
:10094000C671F39FC771F49FC871F59FC971F69F77
:10095000CA71F79FCB71F89FCC71F99FCD71FA9F47
:10096000CF71FB9FD071FC9FD171FD9FD271FE9F13
:10097000D37140A0D67141A0D77142A0D87143A0D5
:10098000D97144A0DA7145A0DB7146A0DC7147A0A3
:10099000DD7148A0DE7149A0DF714AA0E1714BA072
:1009A000E2714CA0E3714DA0E4714EA0E6714FA03E
:1009B000E87150A0E97151A0EA7152A0EB7153A007
:1009C000EC7154A0ED7155A0EF7156A0F07157A0D5
:1009D000F17158A0F27159A0F3715AA0F4715BA0A3
:1009E000F5715CA0F6715DA0F7715EA0F8715FA073
:1009F000FA7160A0FB7161A0FC7162A0FD7163A03F
:100A0000FE7164A0FF7165A0007266A0017267A00C
:100A1000027268A0037269A004726AA005726BA0DA
:100A200007726CA008726DA009726EA00A726FA0A6
:100A30000B7270A00C7271A00D7272A00E7273A076
:100A40000F7274A0107275A0117276A0127277A046
:100A5000137278A0147279A015727AA016727BA016
:100A600017727CA018727DA019727EA01A7280A0E5
:100A70001B7281A01C7282A01E7283A01F7284A0B0
:100A8000207285A0217286A0227287A0237288A07E
:100A9000247289A025728AA026728BA027728CA04E
:100AA00029728DA02B728EA02D728FA02E7290A015
:100AB0002F7291A0327292A0337293A0347294A0DC
:100AC0003A7295A03C7296A03E7297A0407298A090
:100AD000417299A042729AA043729BA044729CA05A
:100AE00045729DA046729EA049729FA04A72A0A026
:100AF0004B72A1A04E72A2A04F72A3A05072A4A0EC
:100B00005172A5A05372A6A05472A7A05572A8A0B6
:100B10005772A9A05872AAA05A72ABA05C72ACA07E
:100B20005E72ADA06072AEA06372AFA06472B0A03E
:100B30006572B1A06872B2A06A72B3A06B72B4A001
:100B40006C72B5A06D72B6A07072B7A07172B8A0C9
:100B50007372B9A07472BAA07672BBA07772BCA08F
:100B60007872BDA07B72BEA07C72BFA07D72C0A057
:100B70008272C1A08372C2A08572C3A08672C4A013
:100B80008772C5A08872C6A08972C7A08C72C8A0DF
:100B90008E72C9A09072CAA09172CBA09372CCA0A1
:100BA0009472CDA09572CEA09672CFA09772D0A06D
:100BB0009872D1A09972D2A09A72D3A09B72D4A03D
:100BC0009C72D5A09D72D6A09E72D7A0A072D8A00C
:100BD000A172D9A0A272DAA0A372DBA0A472DCA0D9
:100BE000A572DDA0A672DEA0A772DFA0A872E0A0A9
:100BF000A972E1A0AA72E2A0AB72E3A0AE72E4A077
:100C0000B172E5A0B272E6A0B372E7A0B572E8A037
:100C1000BA72E9A0BB72EAA0BC72EBA0BD72ECA0F4
:100C2000BE72EDA0BF72EEA0C072EFA0C572F0A0C0
:100C3000C672F1A0C772F2A0C972F3A0CA72F4A082
:100C4000CB72F5A0CC72F6A0CF72F7A0D172F8A04B
:100C5000D372F9A0D472FAA0D572FBA0D672FCA010
:100C6000D872FDA0DA72FEA0DB72A1A10030A2A1B1
:100C70000130A3A10230A4A1B700A5A1C902A6A179
:100C8000C702A7A1A800A8A10330A9A10530AAA165
:100C90001420ABA15EFFACA11620ADA12620AEA111
:100CA0001820AFA11920B0A11C20B1A11D20B2A114
:100CB0001430B3A11530B4A10830B5A10930B6A1E4
:100CC0000A30B7A10B30B8A10C30B9A10D30BAA1D0
:100CD0000E30BBA10F30BCA11630BDA11730BEA194
:100CE0001030BFA11130C0A1B100C1A1D700C2A175
:100CF000F700C3A13622C4A12722C5A12822C6A17C
:100D00001122C7A10F22C8A12A22C9A12922CAA142
:100D10000822CBA13722CCA11A22CDA1A522CEA197
:100D20002522CFA12022D0A11223D1A19922D2A184
:100D30002B22D3A12E22D4A16122D5A14C22D6A14F
:100D40004822D7A13D22D8A11D22D9A16022DAA133
:100D50006E22DBA16F22DCA16422DDA16522DEA16F
:100D60001E22DFA13522E0A13422E1A14226E2A128
:100D70004026E3A1B000E4A13220E5A13320E6A1A2
:100D80000321E7A104FFE8A1A400E9A1E0FFEAA193
:100D9000E1FFEBA13020ECA1A700EDA11621EEA10F
:100DA0000626EFA10526F0A1CB25F1A1CF25F2A1C2
:100DB000CE25F3A1C725F4A1C625F5A1A125F6A14D
:100DC000A025F7A1B325F8A1B225F9A13B20FAA1EE
:100DD0009221FBA19021FCA19121FDA19321FEA1D3
:100DE0001330A1A27021A2A27121A3A27221A4A2F8
:100DF0007321A5A27421A6A27521A7A27621A8A27B
:100E00007721A9A27821AAA27921B1A28824B2A22D
:100E10008924B3A28A24B4A28B24B5A28C24B6A2BE
:100E20008D24B7A28E24B8A28F24B9A29024BAA28E
:100E30009124BBA29224BCA29324BDA29424BEA25E
:100E40009524BFA29624C0A29724C1A29824C2A22E
:100E50009924C3A29A24C4A29B24C5A27424C6A226
:100E60007524C7A27624C8A27724C9A27824CAA26E
:100E70007924CBA27A24CCA27B24CDA27C24CEA23E
:100E80007D24CFA27E24D0A27F24D1A28024D2A20E
:100E90008124D3A28224D4A28324D5A28424D6A2DE
:100EA0008524D7A28624D8A28724D9A26024DAA2D6
:100EB0006124DBA26224DCA26324DDA26424DEA21E
:100EC0006524DFA26624E0A26724E1A26824E2A2EE
:100ED0006924E5A22032E6A22132E7A22232E8A26A
:100EE0002332E9A22432EAA22532EBA22632ECA276
:100EF0002732EDA22832EEA22932F1A26021F2A21D
:100F00006121F3A26221F4A26321F5A26421F6A279
:100F10006521F7A26621F8A26721F9A26821FAA249
:100F20006921FBA26A21FCA26B21A1A301FFA2A35C
:100F300002FFA3A303FFA4A3E5FFA5A305FFA6A3A8
:100F400006FFA7A307FFA8A308FFA9A309FFAAA359
:100F50000AFFABA30BFFACA30CFFADA30DFFAEA329
:100F60000EFFAFA30FFFB0A310FFB1A311FFB2A3F9
:100F700012FFB3A313FFB4A314FFB5A315FFB6A3C9
:100F800016FFB7A317FFB8A318FFB9A319FFBAA399
:100F90001AFFBBA31BFFBCA31CFFBDA31DFFBEA369
:100FA0001EFFBFA31FFFC0A320FFC1A321FFC2A339
:100FB00022FFC3A323FFC4A324FFC5A325FFC6A309
:100FC00026FFC7A327FFC8A328FFC9A329FFCAA3D9
:100FD0002AFFCBA32BFFCCA32CFFCDA32DFFCEA3A9
:100FE0002EFFCFA32FFFD0A330FFD1A331FFD2A379
:100FF00032FFD3A333FFD4A334FFD5A335FFD6A349
:1010000036FFD7A337FFD8A338FFD9A339FFDAA318
:101010003AFFDBA33BFFDCA33CFFDDA33DFFDEA3E8
:101020003EFFDFA33FFFE0A340FFE1A341FFE2A3B8
:1010300042FFE3A343FFE4A344FFE5A345FFE6A388
:1010400046FFE7A347FFE8A348FFE9A349FFEAA358
:101050004AFFEBA34BFFECA34CFFEDA34DFFEEA328
:101060004EFFEFA34FFFF0A350FFF1A351FFF2A3F8
:1010700052FFF3A353FFF4A354FFF5A355FFF6A3C8
:1010800056FFF7A357FFF8A358FFF9A359FFFAA398
:101090005AFFFBA35BFFFCA35CFFFDA35DFFFEA368
:1010A000E3FFA1A44130A2A44230A3A44330A4A4EE
:1010B0004430A5A44530A6A44630A7A44730A8A430
:1010C0004830A9A44930AAA44A30ABA44B30ACA400
:1010D0004C30ADA44D30AEA44E30AFA44F30B0A4D0
:1010E0005030B1A45130B2A45230B3A45330B4A4A0
:1010F0005430B5A45530B6A45630B7A45730B8A470
:101100005830B9A45930BAA45A30BBA45B30BCA43F
:101110005C30BDA45D30BEA45E30BFA45F30C0A40F
:101120006030C1A46130C2A46230C3A46330C4A4DF
:101130006430C5A46530C6A46630C7A46730C8A4AF
:101140006830C9A46930CAA46A30CBA46B30CCA47F
:101150006C30CDA46D30CEA46E30CFA46F30D0A44F
:101160007030D1A47130D2A47230D3A47330D4A41F
:101170007430D5A47530D6A47630D7A47730D8A4EF
:101180007830D9A47930DAA47A30DBA47B30DCA4BF
:101190007C30DDA47D30DEA47E30DFA47F30E0A48F
:1011A0008030E1A48130E2A48230E3A48330E4A45F
:1011B0008430E5A48530E6A48630E7A48730E8A42F
:1011C0008830E9A48930EAA48A30EBA48B30ECA4FF
:1011D0008C30EDA48D30EEA48E30EFA48F30F0A4CF
:1011E0009030F1A49130F2A49230F3A49330A1A5F1
:1011F000A130A2A5A230A3A5A330A4A5A430A5A583
:10120000A530A6A5A630A7A5A730A8A5A830A9A552
:10121000A930AAA5AA30ABA5AB30ACA5AC30ADA522
:10122000AD30AEA5AE30AFA5AF30B0A5B030B1A5F2
:10123000B130B2A5B230B3A5B330B4A5B430B5A5C2
:10124000B530B6A5B630B7A5B730B8A5B830B9A592
:10125000B930BAA5BA30BBA5BB30BCA5BC30BDA562
:10126000BD30BEA5BE30BFA5BF30C0A5C030C1A532
:10127000C130C2A5C230C3A5C330C4A5C430C5A502
:10128000C530C6A5C630C7A5C730C8A5C830C9A5D2
:10129000C930CAA5CA30CBA5CB30CCA5CC30CDA5A2
:1012A000CD30CEA5CE30CFA5CF30D0A5D030D1A572
:1012B000D130D2A5D230D3A5D330D4A5D430D5A542
:1012C000D530D6A5D630D7A5D730D8A5D830D9A512
:1012D000D930DAA5DA30DBA5DB30DCA5DC30DDA5E2
:1012E000DD30DEA5DE30DFA5DF30E0A5E030E1A5B2
:1012F000E130E2A5E230E3A5E330E4A5E430E5A582
:10130000E530E6A5E630E7A5E730E8A5E830E9A551
:10131000E930EAA5EA30EBA5EB30ECA5EC30EDA521
:10132000ED30EEA5EE30EFA5EF30F0A5F030F1A5F1
:10133000F130F2A5F230F3A5F330F4A5F430F5A5C1
:10134000F530F6A5F630A1A69103A2A69203A3A6B6
:101350009303A4A69403A5A69503A6A69603A7A601
:101360009703A8A69803A9A69903AAA69A03ABA6D1
:101370009B03ACA69C03ADA69D03AEA69E03AFA6A1
:101380009F03B0A6A003B1A6A103B2A6A303B3A670
:10139000A403B4A6A503B5A6A603B6A6A703B7A63D
:1013A000A803B8A6A903C1A6B103C2A6B203C3A6E7
:1013B000B303C4A6B403C5A6B503C6A6B603C7A6A1
:1013C000B703C8A6B803C9A6B903CAA6BA03CBA671
:1013D000BB03CCA6BC03CDA6BD03CEA6BE03CFA641
:1013E000BF03D0A6C003D1A6C103D2A6C303D3A610
:1013F000C403D4A6C503D5A6C603D6A6C703D7A6DD
:10140000C803D8A6C903E0A635FEE1A636FEE2A6CB
:1014100039FEE3A63AFEE4A63FFEE5A640FEE6A6B8
:101420003DFEE7A63EFEE8A641FEE9A642FEEAA68C
:1014300043FEEBA644FEEEA63BFEEFA63CFEF0A666
:1014400037FEF1A638FEF2A631FEF4A633FEF5A66D
:1014500034FEA1A71004A2A71104A3A71204A4A7F5
:101460001304A5A71404A6A71504A7A70104A8A7F9
:101470001604A9A71704AAA71804ABA71904ACA7B8
:101480001A04ADA71B04AEA71C04AFA71D04B0A788
:101490001E04B1A71F04B2A72004B3A72104B4A758
:1014A0002204B5A72304B6A72404B7A72504B8A728
:1014B0002604B9A72704BAA72804BBA72904BCA7F8
:1014C0002A04BDA72B04BEA72C04BFA72D04C0A7C8
:1014D0002E04C1A72F04D1A73004D2A73104D3A76B
:1014E0003204D4A73304D5A73404D6A73504D7A72C
:1014F0005104D8A73604D9A73704DAA73804DBA7E4
:101500003904DCA73A04DDA73B04DEA73C04DFA7CF
:101510003D04E0A73E04E1A73F04E2A74004E3A79F
:101520004104E4A74204E5A74304E6A74404E7A76F
:101530004504E8A74604E9A74704EAA74804EBA73F
:101540004904ECA74A04EDA74B04EEA74C04EFA70F
:101550004D04F0A74E04F1A74F0440A8CA0241A8C9
:10156000CB0242A8D90243A8132044A8152045A8BD
:10157000252046A8352047A8052148A8092149A8C3
:1015800096214AA897214BA898214CA899214DA8AB
:1015900015224EA81F224FA8232250A8522251A83C
:1015A000662252A8672253A8BF2254A8502555A8E6
:1015B000512556A8522557A8532558A8542559A84F
:1015C00055255AA856255BA857255CA858255DA81F
:1015D00059255EA85A255FA85B2560A85C2561A8EF
:1015E0005D2562A85E2563A85F2564A8602565A8BF
:1015F000612566A8622567A8632568A8642569A88F
:1016000065256AA866256BA867256CA868256DA85E
:1016100069256EA86A256FA86B2570A86C2571A82E
:101620006D2572A86E2573A86F2574A8702575A8FE
:10163000712576A8722577A8732578A8812579A8C1
:1016400082257AA883257BA884257CA885257DA86A
:1016500086257EA8872580A8882581A8892582A837
:101660008A2583A88B2584A88C2585A88D2586A806
:101670008E2587A88F2588A8932589A894258AA8D0
:1016800095258BA8BC258CA8BD258DA8E2258EA804
:10169000E3258FA8E42590A8E52591A8092692A81E
:1016A000952293A8123094A81D3095A81E30A1A8A9
:1016B0000101A2A8E100A3A8CE01A4A8E000A5A86A
:1016C0001301A6A8E900A7A81B01A8A8E800A9A8DB
:1016D0002B01AAA8ED00ABA8D001ACA8EC00ADA8E6
:1016E0004D01AEA8F300AFA8D201B0A8F200B1A896
:1016F0006B01B2A8FA00B3A8D401B4A8F900B5A848
:10170000D601B6A8D801B7A8DA01B8A8DC01B9A8F3
:10171000FC00BAA8EA00BBA85102BDA84401BEA8BB
:101720004801C0A86102C5A80531C6A80631C7A8EE
:101730000731C8A80831C9A80931CAA80A31CBA8FD
:101740000B31CCA80C31CDA80D31CEA80E31CFA8CD
:101750000F31D0A81031D1A81131D2A81231D3A89D
:101760001331D4A81431D5A81531D6A81631D7A86D
:101770001731D8A81831D9A81931DAA81A31DBA83D
:101780001B31DCA81C31DDA81D31DEA81E31DFA80D
:101790001F31E0A82031E1A82131E2A82231E3A8DD
:1017A0002331E4A82431E5A82531E6A82631E7A8AD
:1017B0002731E8A82831E9A8293140A9213041A9D9
:1017C000223042A9233043A9243044A9253045A919
:1017D000263046A9273047A9283048A9293049A9E9
:1017E000A3324AA98E334BA98F334CA99C334DA900
:1017F0009D334EA99E334FA9A13350A9C43351A99B
:10180000CE3352A9D13353A9D23354A9D53355A9D4
:1018100030FE56A9E2FF57A9E4FF59A921215AA990
:1018200031325CA9102060A9FC3061A99B3062A90B
:101830009C3063A9FD3064A9FE3065A9063066A915
:101840009D3067A99E3068A949FE69A94AFE6AA928
:101850004BFE6BA94CFE6CA94DFE6DA94EFE6EA908
:101860004FFE6FA950FE70A951FE71A952FE72A9D8
:1018700054FE73A955FE74A956FE75A957FE76A9A4
:1018800059FE77A95AFE78A95BFE79A95CFE7AA970
:101890005DFE7BA95EFE7CA95FFE7DA960FE7EA940
:1018A00061FE80A962FE81A963FE82A964FE83A90C
:1018B00065FE84A966FE85A968FE86A969FE87A9DA
:1018C0006AFE88A96BFE96A90730A4A90025A5A9E0
:1018D0000125A6A90225A7A90325A8A90425A9A928
:1018E0000525AAA90625ABA90725ACA90825ADA9F8
:1018F0000925AEA90A25AFA90B25B0A90C25B1A9C8
:101900000D25B2A90E25B3A90F25B4A91025B5A997
:101910001125B6A91225B7A91325B8A91425B9A967
:101920001525BAA91625BBA91725BCA91825BDA937
:101930001925BEA91A25BFA91B25C0A91C25C1A907
:101940001D25C2A91E25C3A91F25C4A92025C5A9D7
:101950002125C6A92225C7A92325C8A92425C9A9A7
:101960002525CAA92625CBA92725CCA92825CDA977
:101970002925CEA92A25CFA92B25D0A92C25D1A947
:101980002D25D2A92E25D3A92F25D4A93025D5A917
:101990003125D6A93225D7A93325D8A93425D9A9E7
:1019A0003525DAA93625DBA93725DCA93825DDA9B7
:1019B0003925DEA93A25DFA93B25E0A93C25E1A987
:1019C0003D25E2A93E25E3A93F25E4A94025E5A957
:1019D0004125E6A94225E7A94325E8A94425E9A927
:1019E0004525EAA94625EBA94725ECA94825EDA9F7
:1019F0004925EEA94A25EFA94B2540AADC7241AA48
:101A0000DD7242AADF7243AAE27244AAE37245AAD7
:101A1000E47246AAE57247AAE67248AAE77249AAA2
:101A2000EA724AAAEB724BAAF5724CAAF6724DAA58
:101A3000F9724EAAFD724FAAFE7250AAFF7251AA05
:101A4000007352AA027353AA047354AA057355AAC9
:101A5000067356AA077357AA087358AA097359AA96
:101A60000B735AAA0C735BAA0D735CAA0F735DAA61
:101A700010735EAA11735FAA127360AA147361AA2D
:101A8000187362AA197363AA1A7364AA1F7365AAEA
:101A9000207366AA237367AA247368AA267369AAA7
:101AA00027736AAA28736BAA2D736CAA2F736DAA69
:101AB00030736EAA32736FAA337370AA357371AA2A
:101AC000367372AA3A7373AA3B7374AA3C7375AAED
:101AD0003D7376AA407377AA417378AA427379AAB4
:101AE00043737AAA44737BAA45737CAA46737DAA82
:101AF00047737EAA487380AA497381AA4A7382AA4F
:101B00004B7383AA4C7384AA4E7385AA4F7386AA1B
:101B1000517387AA537388AA547389AA55738AAAE2
:101B200056738BAA58738CAA59738DAA5A738EAAAE
:101B30005B738FAA5C7390AA5D7391AA5E7392AA7D
:101B40005F7393AA617394AA627395AA637396AA4A
:101B5000647397AA657398AA667399AA67739AAA19
:101B600068739BAA69739CAA6A739DAA6B739EAAE9
:101B70006E739FAA7073A0AA717340AB727341AB6E
:101B8000737342AB747343AB757344AB767345ABFD
:101B9000777346AB787347AB797348AB7A7349ABCD
:101BA0007B734AAB7C734BAB7D734CAB7F734DAB9C
:101BB00080734EAB81734FAB827350AB837351AB69
:101BC000857352AB867353AB887354AB8A7355AB32
:101BD0008C7356AB8D7357AB8F7358AB907359ABF7
:101BE00092735AAB93735BAB94735CAB95735DABC1
:101BF00097735EAB98735FAB997360AB9A7361AB8D
:101C00009C7362AB9D7363AB9E7364ABA07365AB57
:101C1000A17366ABA37367ABA47368ABA57369AB21
:101C2000A6736AABA7736BABA8736CABAA736DABEF
:101C3000AC736EABAD736FABB17370ABB47371ABB0
:101C4000B57372ABB67373ABB87374ABB97375AB72
:101C5000BC7376ABBD7377ABBE7378ABBF7379AB38
:101C6000C1737AABC3737BABC4737CABC5737DAB01
:101C7000C6737EABC77380ABCB7381ABCC7382ABC7
:101C8000CE7383ABD27384ABD37385ABD47386AB83
:101C9000D57387ABD67388ABD77389ABD8738AAB50
:101CA000DA738BABDB738CABDC738DABDD738EAB1C
:101CB000DF738FABE17390ABE27391ABE37392ABE5
:101CC000E47393ABE67394ABE87395ABEA7396ABAE
:101CD000EB7397ABEC7398ABEE7399ABEF739AAB76
:101CE000F0739BABF1739CABF3739DABF4739EAB42
:101CF000F5739FABF673A0ABF77340ACF87341ACD0
:101D0000F97342ACFA7343ACFB7344ACFC7345AC5F
:101D1000FD7346ACFE7347ACFF7348AC007449AC2E
:101D200001744AAC02744BAC04744CAC07744DACF7
:101D300008744EAC0B744FAC0C7450AC0D7451ACB9
:101D40000E7452AC117453AC127454AC137455AC81
:101D5000147456AC157457AC167458AC177459AC4F
:101D600018745AAC19745BAC1C745CAC1D745DAC1B
:101D70001E745EAC1F745FAC207460AC217461ACE7
:101D8000237462AC247463AC277464AC297465ACAE
:101D90002B7466AC2D7467AC2F7468AC317469AC6D
:101DA00032746AAC37746BAC38746CAC39746DAC2B
:101DB0003A746EAC3B746FAC3D7470AC3E7471ACF5
:101DC0003F7472AC407473AC427474AC437475ACC1
:101DD000447476AC457477AC467478AC477479AC8F
:101DE00048747AAC49747BAC4A747CAC4B747DAC5F
:101DF0004C747EAC4D7480AC4E7481AC4F7482AC2C
:101E0000507483AC517484AC527485AC537486ACFA
:101E1000547487AC567488AC587489AC5D748AACC1
:101E200060748BAC61748CAC62748DAC63748EAC7A
:101E300064748FAC657490AC667491AC677492AC4A
:101E4000687493AC697494AC6A7495AC6B7496AC1A
:101E50006C7497AC6E7498AC6F7499AC71749AACE6
:101E600072749BAC73749CAC74749DAC75749EACB2
:101E700078749FAC7974A0AC7A7440AD7B7441AD3A
:101E80007C7442AD7D7443AD7F7444AD827445ADC6
:101E9000847446AD857447AD867448AD887449AD89
:101EA00089744AAD8A744BAD8C744CAD8D744DAD54
:101EB0008F744EAD91744FAD927450AD937451AD1B
:101EC000947452AD957453AD967454AD977455ADEA
:101ED000987456AD997457AD9A7458AD9B7459ADBA
:101EE0009D745AAD9F745BADA0745CADA1745DAD83
:101EF000A2745EADA3745FADA47460ADA57461AD52
:101F0000A67462ADAA7463ADAB7464ADAC7465AD18
:101F1000AD7466ADAE7467ADAF7468ADB07469ADE5
:101F2000B1746AADB2746BADB3746CADB4746DADB5
:101F3000B5746EADB6746FADB77470ADB87471AD85
:101F4000B97472ADBB7473ADBC7474ADBD7475AD52
:101F5000BE7476ADBF7477ADC07478ADC17479AD21
:101F6000C2747AADC3747BADC4747CADC5747DADF1
:101F7000C6747EADC77480ADC87481ADC97482ADBE
:101F8000CA7483ADCB7484ADCC7485ADCD7486AD8D
:101F9000CE7487ADCF7488ADD07489ADD1748AAD5D
:101FA000D3748BADD4748CADD5748DADD6748EAD29
:101FB000D7748FADD87490ADD97491ADDA7492ADF9
:101FC000DB7493ADDD7494ADDF7495ADE17496ADC3
:101FD000E57497ADE77498ADE87499ADE9749AAD7E
:101FE000EA749BADEB749CADEC749DADED749EAD4D
:101FF000F0749FADF174A0ADF27440AEF37441AED5
:10200000F57442AEF87443AEF97444AEFA7445AE5A
:10201000FB7446AEFC7447AEFD7448AEFE7449AE28
:1020200000754AAE01754BAE02754CAE03754DAEF0
:1020300005754EAE06754FAE077550AE087551AEBC
:10204000097552AE0A7553AE0B7554AE0C7555AE8C
:102050000E7556AE107557AE127558AE147559AE52
:1020600015755AAE16755BAE17755CAE1B755DAE19
:102070001D755EAE1E755FAE207560AE217561AEDA
:10208000227562AE237563AE247564AE267565AEA7
:10209000277566AE2A7567AE2E7568AE347569AE63
:1020A00036756AAE39756BAE3C756CAE3D756DAE0E
:1020B0003F756EAE41756FAE427570AE437571AED1
:1020C000447572AE467573AE477574AE497575AE9C
:1020D0004A7576AE4D7577AE507578AE517579AE5E
:1020E00052757AAE53757BAE55757CAE56757DAE26
:1020F00057757EAE587580AE5D7581AE5E7582AEE9
:102100005F7583AE607584AE617585AE627586AEAF
:10211000637587AE647588AE677589AE68758AAE7B
:1021200069758BAE6B758CAE6C758DAE6D758EAE44
:102130006E758FAE6F7590AE707591AE717592AE13
:10214000737593AE757594AE767595AE777596AEDC
:102150007A7597AE7B7598AE7C7599AE7D759AAEA3
:102160007E759BAE80759CAE81759DAE82759EAE70
:1021700084759FAE8575A0AE877540AF887541AFF9
:10218000897542AF8A7543AF8C7544AF8D7545AF85
:102190008E7546AF907547AF937548AF957549AF4B
:1021A00098754AAF9B754BAF9C754CAF9E754DAF04
:1021B000A2754EAFA6754FAFA77550AFA87551AFBA
:1021C000A97552AFAA7553AFAD7554AFB67555AF7B
:1021D000B77556AFBA7557AFBB7558AFBF7559AF26
:1021E000C0755AAFC1755BAFC6755CAFCB755DAFDF
:1021F000CC755EAFCE755FAFCF7560AFD07561AF98
:10220000D17562AFD37563AFD77564AFD97565AF5C
:10221000DA7566AFDC7567AFDD7568AFDF7569AF1E
:10222000E0756AAFE1756BAFE5756CAFE9756DAFE1
:10223000EC756EAFED756FAFEE7570AFEF7571AF9A
:10224000F27572AFF37573AFF57574AFF67575AF60
:10225000F77576AFF87577AFFA7578AFFB7579AF2C
:10226000FD757AAFFE757BAF02767CAF04767DAFED
:1022700006767EAF077680AF087681AF097682AFAB
:102280000B7683AF0D7684AF0E7685AF0F7686AF73
:10229000117687AF127688AF137689AF14768AAF3E
:1022A00016768BAF1A768CAF1C768DAF1D768EAFFF
:1022B0001E768FAF217690AF237691AF277692AFBF
:1022C000287693AF2C7694AF2E7695AF2F7696AF77
:1022D000317697AF327698AF367699AF37769AAF38
:1022E00039769BAF3A769CAF3B769DAF3D769EAFFD
:1022F00041769FAF4276A0AF447640B0457641B07C
:10230000467642B0477643B0487644B0497645B009
:102310004A7646B04B7647B04E7648B04F7649B0D5
:1023200050764AB051764BB052764CB053764DB0A1
:1023300055764EB057764FB0587650B0597651B06A
:102340005A7652B05B7653B05D7654B05F7655B036
:10235000607656B0617657B0627658B0647659B000
:1023600065765AB066765BB067765CB068765DB0CD
:1023700069765EB06A765FB06C7660B06D7661B09B
:102380006E7662B0707663B0717664B0727665B066
:10239000737666B0747667B0757668B0767669B035
:1023A00077766AB079766BB07A766CB07C766DB001
:1023B0007F766EB080766FB0817670B0837671B0C4
:1023C000857672B0897673B08A7674B08C7675B083
:1023D0008D7676B08F7677B0907678B0927679B049
:1023E00094767AB095767BB097767CB098767DB00F
:1023F0009A767EB09B7680B09C7681B09D7682B0D6
:102400009E7683B09F7684B0A07685B0A17686B0A4
:10241000A27687B0A37688B0A57689B0A6768AB072
:10242000A7768BB0A8768CB0A9768DB0AA768EB040
:10243000AB768FB0AC7690B0AD7691B0AF7692B00F
:10244000B07693B0B37694B0B57695B0B67696B0D4
:10245000B77697B0B87698B0B97699B0BA769AB0A0
:10246000BB769BB0BC769CB0BD769DB0BE769EB070
:10247000C0769FB0C176A0B0C376A1B04A55A2B0D5
:102480003F96A3B0C357A4B02863A5B0CE54A6B05E
:102490000955A7B0C054A8B09176A9B04C76AAB09F
:1024A0003C85ABB0EE77ACB07E82ADB08D78AEB08F
:1024B0003172AFB09896B0B08D97B1B0286CB2B011
:1024C000895BB3B0FA4FB4B00963B5B09766B6B0E4
:1024D000B85CB7B0FA80B8B04868B9B0AE80BAB0EE
:1024E0000266BBB0CE76BCB0F951BDB05665BEB089
:1024F000AC71BFB0F17FC0B08488C1B0B250C2B07F
:102500006559C3B0CA61C4B0B36FC5B0AD82C6B0BF
:102510004C63C7B05262C8B0ED53C9B02754CAB0BB
:10252000067BCBB06B51CCB0A475CDB0F45DCEB012
:10253000D462CFB0CB8DD0B07697D1B08A62D2B012
:102540001980D3B05D57D4B03897D5B0627FD6B07C
:102550003872D7B07D76D8B0CF67D9B07E76DAB092
:102560004664DBB0704FDCB0258DDDB0DC62DEB0E0
:10257000177ADFB09165E0B0ED73E1B02C64E2B0A2
:102580007362E3B02C82E4B08198E5B07F67E6B077
:102590004872E7B06E62E8B0CC62E9B0344FEAB09E
:1025A000E374EBB04A53ECB09E52EDB0CA7EEEB08D
:1025B000A690EFB02E5EF0B08668F1B09C69F2B0E4
:1025C0008081F3B0D17EF4B0D268F5B0C578F6B0B2
:1025D0008C86F7B05195F8B08D50F9B0248CFAB0D4
:1025E000DE82FBB0DE80FCB00553FDB01289FEB088
:1025F000655240B1C47641B1C77642B1C97643B1A4
:10260000CB7644B1CC7645B1D37646B1D57647B1D9
:10261000D97648B1DA7649B1DC764AB1DD764BB18C
:10262000DE764CB1E0764DB1E1764EB1E2764FB157
:10263000E37650B1E47651B1E67652B1E77653B124
:10264000E87654B1E97655B1EA7656B1EB7657B1F2
:10265000EC7658B1ED7659B1F0765AB1F3765BB1BC
:10266000F5765CB1F6765DB1F7765EB1FA765FB17C
:10267000FB7660B1FD7661B1FF7662B1007763B140
:10268000027764B1037765B1057766B1067767B104
:102690000A7768B10C7769B10E776AB10F776BB1C1
:1026A00010776CB111776DB112776EB113776FB18E
:1026B000147770B1157771B1167772B1177773B15E
:1026C000187774B11B7775B11C7776B11D7777B128
:1026D0001E7778B1217779B123777AB124777BB1EE
:1026E00025777CB127777DB12A777EB12B7780B1B2
:1026F0002C7781B12E7782B1307783B1317784B175
:10270000327785B1337786B1347787B1397788B13D
:102710003B7789B13D778AB13E778BB13F778CB1FA
:1027200042778DB144778EB145778FB1467790B1BE
:10273000487791B1497792B14A7793B14B7794B189
:102740004C7795B14D7796B14E7797B14F7798B159
:10275000527799B153779AB154779BB155779CB121
:1027600056779DB157779EB158779FB15977A0B1F1
:102770005C77A1B18485A2B1F996A3B1DD4FA4B174
:102780002158A5B17199A6B19D5BA7B1B162A8B15D
:10279000A562A9B1B466AAB1798CABB18D9CACB17C
:1027A0000672ADB16F67AEB19178AFB1B260B0B142
:1027B0005153B1B11753B2B1888FB3B1CC80B4B11A
:1027C0001D8DB5B1A194B6B10D50B7B1C872B8B1F5
:1027D0000759B9B1EB60BAB11971BBB1AB88BCB1E3
:1027E0005459BDB1EF82BEB12C67BFB1287BC0B1D7
:1027F000295DC1B1F77EC2B12D75C3B1F56CC4B10D
:10280000668EC5B1F88FC6B13C90C7B13B9FC8B1C9
:10281000D46BC9B11991CAB1147BCBB17C5FCCB177
:10282000A778CDB1D684CEB13D85CFB1D56BD0B12F
:10283000D96BD1B1D66BD2B1015ED3B1875ED4B1C1
:10284000F975D5B1ED95D6B15D65D7B10A5FD8B14F
:10285000C55FD9B19F8FDAB1C158DBB1C281DCB19C
:102860007F90DDB15B96DEB1AD97DFB1B98FE0B19E
:10287000167FE1B12C8DE2B14162E3B1BF4FE4B10B
:10288000D853E5B15E53E6B1A88FE7B1A98FE8B19F
:10289000AB8FE9B14D90EAB10768EBB16A5FECB17B
:1028A0009881EDB16888EEB1D69CEFB18B61F0B143
:1028B0002B52F1B12A76F2B16C5FF3B18C65F4B1B1
:1028C000D26FF5B1E86EF6B1BE5BF7B14864F8B10E
:1028D0007551F9B1B051FAB1C467FBB1194EFCB1F1
:1028E000C979FDB17C99FEB1B37040B25D7741B258
:1028F0005E7742B25F7743B2607744B2647745B2A5
:10290000677746B2697747B26A7748B26D7749B25E
:102910006E774AB26F774BB270774CB271774DB227
:1029200072774EB273774FB2747750B2757751B2F7
:10293000767752B2777753B2787754B27A7755B2C6
:102940007B7756B27C7757B2817758B2827759B28B
:1029500083775AB286775BB287775CB288775DB24D
:1029600089775EB28A775FB28B7760B28F7761B218
:10297000907762B2937763B2947764B2957765B2D9
:10298000967766B2977767B2987768B2997769B2A7
:102990009A776AB29B776BB29C776CB29D776DB277
:1029A0009E776EB2A1776FB2A37770B2A47771B23F
:1029B000A67772B2A87773B2AB7774B2AD7775B2FF
:1029C000AE7776B2AF7777B2B17778B2B27779B2C5
:1029D000B4777AB2B6777BB2B7777CB2B8777DB28C
:1029E000B9777EB2BA7780B2BC7781B2BE7782B255
:1029F000C07783B2C17784B2C27785B2C37786B21B
:102A0000C47787B2C57788B2C67789B2C7778AB2EA
:102A1000C8778BB2C9778CB2CA778DB2CB778EB2BA
:102A2000CC778FB2CE7790B2CF7791B2D07792B287
:102A3000D17793B2D27794B2D37795B2D47796B256
:102A4000D57797B2D67798B2D87799B2D9779AB224
:102A5000DA779BB2DD779CB2DE779DB2DF779EB2EC
:102A6000E0779FB2E177A0B2E477A1B2C575A2B2D8
:102A7000765EA3B2BB73A4B2E083A5B2AD64A6B286
:102A8000E862A7B2B594A8B2E26CA9B25A53AAB24E
:102A9000C352ABB20F64ACB2C294ADB2947BAEB2CF
:102AA0002F4FAFB21B5EB0B23682B1B21681B2B256
:102AB0008A81B3B2246EB4B2CA6CB5B2739AB6B29C
:102AC0005563B7B25C53B8B2FA54B9B26588BAB2BA
:102AD000E057BBB20D4EBCB2035EBDB2656BBEB279
:102AE0003F7CBFB2E890C0B21660C1B2E664C2B229
:102AF0001C73C3B2C188C4B25067C5B24D62C6B2BE
:102B0000228DC7B26C77C8B2298EC9B2C791CAB23A
:102B1000695FCBB2DC83CCB22185CDB21099CEB245
:102B2000C253CFB29586D0B28B6BD1B2ED60D2B228
:102B3000E860D3B27F70D4B2CD82D5B23182D6B242
:102B4000D34ED7B2A76CD8B2CF85D9B2CD64DAB2A2
:102B5000D97CDBB2FD69DCB2F966DDB24983DEB255
:102B60009553DFB2567BE0B2A74FE1B28C51E2B28F
:102B70004B6DE3B2425CE4B26D8EE5B2D263E6B275
:102B8000C953E7B22C83E8B23683E9B2E567EAB20B
:102B9000B478EBB23D64ECB2DF5BEDB2945CEEB2C4
:102BA000EE5DEFB2E78BF0B2C662F1B2F467F2B25B
:102BB0007A8CF3B20064F4B2BA63F5B24987F6B224
:102BC0008B99F7B2178CF8B2207FF9B2F294FAB26F
:102BD000A74EFBB21096FCB2A498FDB20C66FEB2F2
:102BE000167340B3E67741B3E87742B3EA7743B36D
:102BF000EF7744B3F07745B3F17746B3F27747B355
:102C0000F47748B3F57749B3F7774AB3F9774BB31D
:102C1000FA774CB3FB774DB3FC774EB303784FB3E1
:102C2000047850B3057851B3067852B3077853B39C
:102C3000087854B30A7855B30B7856B30E7857B367
:102C40000F7858B3107859B313785AB315785BB32B
:102C500019785CB31B785DB31E785EB320785FB3E0
:102C6000217860B3227861B3247862B3287863B3A3
:102C70002A7864B32B7865B32E7866B32F7867B360
:102C8000317868B3327869B333786AB335786BB327
:102C900036786CB33D786DB33F786EB341786FB3DF
:102CA000427870B3437871B3447872B3467873B3A3
:102CB000487874B3497875B34A7876B34B7877B36C
:102CC0004D7878B34F7879B351787AB353787BB332
:102CD00054787CB358787DB359787EB35A7880B3F2
:102CE0005B7881B35C7882B35E7883B35F7884B3BA
:102CF000607885B3617886B3627887B3637888B388
:102D0000647889B365788AB366788BB367788CB357
:102D100068788DB369788EB36F788FB3707890B31D
:102D2000717891B3727892B3737893B3747894B3E3
:102D3000757895B3767896B3787897B3797898B3B1
:102D40007A7899B37B789AB37D789BB37E789CB37D
:102D50007F789DB380789EB381789FB38278A0B34B
:102D60008378A1B33A57A2B31D5CA3B3385EA4B372
:102D70007F95A5B37F50A6B3A080A7B38253A8B315
:102D80005E65A9B34575AAB33155ABB32150ACB359
:102D9000858DADB38462AEB39E94AFB31D67B0B3FF
:102DA0003256B1B36E6FB2B3E25DB3B33554B4B360
:102DB0009270B5B3668FB6B36F62B7B3A464B8B39D
:102DC000A363B9B37B5FBAB3886FBBB3F490BCB3F2
:102DD000E381BDB3B08FBEB3185CBFB36866C0B348
:102DE000F15FC1B3896CC2B34896C3B3818DC4B3DC
:102DF0006C88C5B39164C6B3F079C7B3CE57C8B376
:102E0000596AC9B31062CAB34854CBB3584ECCB355
:102E10000B7ACDB3E960CEB3846FCFB3DA8BD0B386
:102E20007F62D1B31E90D2B38B9AD3B3E479D4B37B
:102E30000354D5B3F475D6B30163D7B31953D8B3DC
:102E4000606CD9B3DF8FDAB31B5FDBB3709ADCB38E
:102E50003B80DDB37F9FDEB3884FDFB33A5CE0B3E6
:102E6000648DE1B3C57FE2B3A565E3B3BD70E4B3A0
:102E70004551E5B3B251E6B36B86E7B3075DE8B3FE
:102E8000A05BE9B3BD62EAB36C91EBB37475ECB3CC
:102E90000C8EEDB3207AEEB30161EFB3797BF0B322
:102EA000C74EF1B3F87EF2B38577F3B3114EF4B3A6
:102EB000ED81F5B31D52F6B3FA51F7B3716AF8B369
:102EC000A853F9B3878EFAB30495FBB3CF96FCB33E
:102ED000C16EFDB36496FEB35A6940B4847841B4C0
:102EE000857842B4867843B4887844B48A7845B407
:102EF0008B7846B48F7847B4907848B4927849B4C8
:102F000094784AB495784BB496784CB499784DB48B
:102F10009D784EB49E784FB4A07850B4A27851B446
:102F2000A47852B4A67853B4A87854B4A97855B408
:102F3000AA7856B4AB7857B4AC7858B4AD7859B4D5
:102F4000AE785AB4AF785BB4B5785CB4B6785DB49B
:102F5000B7785EB4B8785FB4BA7860B4BB7861B45F
:102F6000BC7862B4BD7863B4BF7864B4C07865B42B
:102F7000C27866B4C37867B4C47868B4C67869B4F4
:102F8000C7786AB4C8786BB4CC786CB4CD786DB4BB
:102F9000CE786EB4CF786FB4D17870B4D27871B483
:102FA000D37872B4D67873B4D77874B4D87875B44B
:102FB000DA7876B4DB7877B4DC7878B4DD7879B415
:102FC000DE787AB4DF787BB4E0787CB4E1787DB4E5
:102FD000E2787EB4E37880B4E47881B4E57882B4B2
:102FE000E67883B4E77884B4E97885B4EA7886B47F
:102FF000EB7887B4ED7888B4EE7889B4EF788AB44A
:10300000F0788BB4F1788CB4F3788DB4F5788EB415
:10301000F6788FB4F87890B4F97891B4FB7892B4DC
:10302000FC7893B4FD7894B4FE7895B4FF7896B4A8
:10303000007997B4027998B4037999B404799AB471
:1030400006799BB407799CB408799DB409799EB43C
:103050000A799FB40B79A0B40C79A1B44078A2B4DA
:10306000A850A3B4D777A4B41064A5B4E689A6B4D5
:103070000459A7B4E363A8B4DD5DA9B47F7AAAB408
:103080003D69ABB4204FACB43982ADB49855AEB401
:10309000324EAFB4AE75B0B4977AB1B4625EB2B42A
:1030A0008A5EB3B4EF95B4B41B52B5B43954B6B418
:1030B0008A70B7B47663B8B42495B9B48257BAB4F9
:1030C0002566BBB43F69BCB48791BDB40755BEB497
:1030D000F36DBFB4AF7EC0B42288C1B43362C2B452
:1030E000F07EC3B4B575C4B42883C5B4C178C6B482
:1030F000CC96C7B49E8FC8B44861C9B4F774CAB43B
:10310000CD8BCBB4646BCCB43A52CDB4508DCEB42D
:10311000216BCFB46A80D0B47184D1B4F156D2B4EB
:103120000653D3B4CE4ED4B41B4ED5B4D151D6B47D
:10313000977CD7B48B91D8B4077CD9B4C34FDAB499
:103140007F8EDBB4E17BDCB49C7ADDB46764DEB4F3
:10315000145DDFB4AC50E0B40681E1B40176E2B4B2
:10316000B97CE3B4EC6DE4B4E07FE5B45167E6B458
:10317000585BE7B4F85BE8B4CB78E9B4AE64EAB482
:103180001364EBB4AA63ECB42B63EDB41995EEB4FD
:103190002D64EFB4BE8FF0B4547BF1B42976F2B451
:1031A0005362F3B42759F4B44654F5B4796BF6B4CA
:1031B000A350F7B43462F8B4265EF9B4866BFAB45F
:1031C000E34EFBB4378DFCB48B88FDB4855FFEB451
:1031D0002E9040B50D7941B50E7942B50F7943B5C2
:1031E000107944B5117945B5127946B5147947B5CA
:1031F000157948B5167949B517794AB518794BB597
:1032000019794CB51A794DB51B794EB51C794FB566
:103210001D7950B51F7951B5207952B5217953B533
:10322000227954B5237955B5257956B5267957B500
:10323000277958B5287959B529795AB52A795BB5CE
:103240002B795CB52C795DB52D795EB52E795FB59E
:103250002F7960B5307961B5317962B5327963B56E
:10326000337964B5357965B5367966B5377967B53B
:10327000387968B5397969B53D796AB53F796BB503
:1032800042796CB543796DB544796EB545796FB5C2
:10329000477970B54A7971B54B7972B54C7973B588
:1032A0004D7974B54E7975B54F7976B5507977B556
:1032B000517978B5527979B554797AB555797BB524
:1032C00058797CB559797DB561797EB5637980B5DA
:1032D000647981B5667982B5697983B56A7984B58F
:1032E0006B7985B56C7986B56E7987B5707988B557
:1032F000717989B572798AB573798BB574798CB522
:1033000075798DB576798EB579798FB57B7990B5EC
:103310007C7991B57D7992B57E7993B57F7994B5B5
:10332000827995B5837996B5867997B5877998B579
:10333000887999B589799AB58B799BB58C799CB543
:103340008D799DB58E799EB590799FB59179A0B50F
:103350009279A1B52060A2B53D80A3B5C562A4B5A0
:10336000394EA5B55553A6B5F890A7B5B863A8B51D
:10337000C680A9B5E665AAB52E6CABB5464FACB50F
:10338000EE60ADB5E16DAEB5DE8BAFB5395FB0B512
:10339000CB86B1B5535FB2B52163B3B55A51B4B55D
:1033A0006183B5B56368B6B50052B7B56363B8B5A8
:1033B000488EB9B51250BAB59B5CBBB57779BCB530
:1033C000FC5BBDB53052BEB53B7ABFB5BC60C0B585
:1033D0005390C1B5D776C2B5B75FC3B5975FC4B5D3
:1033E0008476C5B56C8EC6B56F70C7B57B76C8B52B
:1033F000497BC9B5AA77CAB5F351CBB59390CCB583
:103400002458CDB54E4FCEB5F46ECFB5EA8FD0B5BA
:103410004C65D1B51B7BD2B5C472D3B5A46DD4B500
:10342000DF7FD5B5E15AD6B5B562D7B5955ED8B5CB
:103430003057D9B58284DAB52C7BDBB51D5EDCB59F
:103440001F5FDDB51290DEB5147FDFB5A098E0B543
:103450008263E1B5C76EE2B59878E3B5B970E4B5BB
:103460007851E5B55B97E6B5AB57E7B53575E8B587
:10347000434FE9B53875EAB5975EEBB5E660ECB554
:103480006059EDB5C06DEEB5BF6BEFB58978F0B59D
:10349000FC53F1B5D596F2B5CB51F3B50152F4B565
:1034A0008963F5B50A54F6B59394F7B5038CF8B56E
:1034B000CC8DF9B53972FAB59F78FBB57687FCB536
:1034C000ED8FFDB50D8CFEB5E05340B6937941B656
:1034D000947942B6957943B6967944B6977945B6CC
:1034E000987946B6997947B69B7948B69C7949B69A
:1034F0009D794AB69E794BB69F794CB6A0794DB668
:10350000A1794EB6A2794FB6A37950B6A47951B637
:10351000A57952B6A67953B6A87954B6A97955B605
:10352000AA7956B6AB7957B6AC7958B6AD7959B6D3
:10353000AE795AB6AF795BB6B0795CB6B1795DB6A3
:10354000B2795EB6B4795FB6B57960B6B67961B670
:10355000B77962B6B87963B6BC7964B6BF7965B637
:10356000C27966B6C47967B6C57968B6C77969B6EF
:10357000C8796AB6CA796BB6CC796CB6CE796DB6B5
:10358000CF796EB6D0796FB6D37970B6D47971B67B
:10359000D67972B6D77973B6D97974B6DA7975B641
:1035A000DB7976B6DC7977B6DD7978B6DE7979B60F
:1035B000E0797AB6E1797BB6E2797CB6E5797DB6D9
:1035C000E8797EB6EA7980B6EC7981B6EE7982B692
:1035D000F17983B6F27984B6F37985B6F47986B653
:1035E000F57987B6F67988B6F77989B6F9798AB622
:1035F000FA798BB6FC798CB6FE798DB6FF798EB6EA
:10360000017A8FB6047A90B6057A91B6077A92B6A7
:10361000087A93B6097A94B60A7A95B60C7A96B671
:103620000F7A97B6107A98B6117A99B6127A9AB636
:10363000137A9BB6157A9CB6167A9DB6187A9EB602
:10364000197A9FB61B7AA0B61C7AA1B6014EA2B613
:10365000EF76A3B6EE53A4B68994A5B67698A6B62F
:103660000E9FA7B62D95A8B69A5BA9B6A28BAAB64F
:10367000224EABB61C4EACB6AC51ADB66384AEB602
:10368000C261AFB6A852B0B60B68B1B6974FB2B62A
:103690006B60B3B6BB51B4B61E6DB5B65C51B6B671
:1036A0009662B7B69765B8B66196B9B6468CBAB6A3
:1036B0001790BBB6D875BCB6FD90BDB66377BEB6E5
:1036C000D26BBFB68A72C0B6EC72C1B6FB8BC2B603
:1036D0003558C3B67977C4B64C8DC5B65C67C6B6E7
:1036E0004095C7B69A80C8B6A65EC9B6216ECAB65E
:1036F0009259CBB6EF7ACCB6ED77CDB63B95CEB638
:10370000B56BCFB6AD65D0B60E7FD1B60658D2B682
:103710005151D3B61F96D4B6F95BD5B6A958D6B6D3
:103720002854D7B6728ED8B66665D9B67F98DAB601
:10373000E456DBB69D94DCB6FE76DDB64190DEB68F
:103740008763DFB6C654E0B61A59E1B63A59E2B615
:103750009B57E3B6B28EE4B63567E5B6FA8DE6B6AA
:103760003582E7B64152E8B6F060E9B61558EAB6D8
:10377000FE86EBB6E85CECB6459EEDB6C44FEEB601
:103780009D98EFB6B98BF0B6255AF1B67660F2B6D1
:103790008453F3B67C62F4B64F90F5B60291F6B658
:1037A0007F99F7B66960F8B60C80F9B63F51FAB662
:1037B0003380FBB6145CFCB67599FDB6316DFEB670
:1037C0008C4E40B71D7A41B71F7A42B7217A43B772
:1037D000227A44B7247A45B7257A46B7267A47B77E
:1037E000277A48B7287A49B7297A4AB72A7A4BB74D
:1037F0002B7A4CB72C7A4DB72D7A4EB72E7A4FB71D
:103800002F7A50B7307A51B7317A52B7327A53B7EC
:10381000347A54B7357A55B7367A56B7387A57B7B7
:103820003A7A58B73E7A59B7407A5AB7417A5BB775
:10383000427A5CB7437A5DB7447A5EB7457A5FB740
:10384000477A60B7487A61B7497A62B74A7A63B70C
:103850004B7A64B74C7A65B74D7A66B74E7A67B7DC
:103860004F7A68B7507A69B7527A6AB7537A6BB7AA
:10387000547A6CB7557A6DB7567A6EB7587A6FB777
:10388000597A70B75A7A71B75B7A72B75C7A73B744
:103890005D7A74B75E7A75B75F7A76B7607A77B714
:1038A000617A78B7627A79B7637A7AB7647A7BB7E4
:1038B000657A7CB7667A7DB7677A7EB7687A80B7B3
:1038C000697A81B76A7A82B76B7A83B76C7A84B780
:1038D0006D7A85B76E7A86B76F7A87B7717A88B74F
:1038E000727A89B7737A8AB7757A8BB77B7A8CB715
:1038F0007C7A8DB77D7A8EB77E7A8FB7827A90B7D1
:10390000857A91B7877A92B7897A93B78A7A94B78A
:103910008B7A95B78C7A96B78E7A97B78F7A98B755
:10392000907A99B7937A9AB7947A9BB7997A9CB719
:103930009A7A9DB79B7A9EB79E7A9FB7A17AA0B7D5
:10394000A27AA1B7308DA2B7D153A3B75A7FA4B73B
:103950004F7BA5B7104FA6B74F4EA7B70096A8B795
:10396000D56CA9B7D073AAB7E985ABB7065EACB77B
:103970006A75ADB7FB7FAEB70A6AAFB7FE77B0B76F
:103980009294B1B7417EB2B7E151B3B7E670B4B724
:10399000CD53B5B7D48FB6B70383B7B7298DB8B7B2
:1039A000AF72B9B76D99BAB7DB6CBBB74A57BCB742
:1039B000B382BDB7B965BEB7AA80BFB73F62C0B713
:1039C0003296C1B7A859C2B7FF4EC3B7BF8BC4B7B1
:1039D000BA7EC5B73E65C6B7F283C7B75E97C8B7AC
:1039E0006155C9B7DE98CAB7A580CBB72A53CCB703
:1039F000FD8BCDB72054CEB7BA80CFB79F5ED0B77E
:103A0000B86CD1B7398DD2B7AC82D3B75A91D4B78D
:103A10002954D5B71B6CD6B70652D7B7B77ED8B7DF
:103A20005F57D9B71A71DAB77E6CDBB7897CDCB720
:103A30004B59DDB7FD4EDEB7FF5FDFB72461E0B75E
:103A4000AA7CE1B7304EE2B7015CE3B7AB67E4B7FD
:103A50000287E5B7F05CE6B70B95E7B7CE98E8B715
:103A6000AF75E9B7FD70EAB72290EBB7AF51ECB78D
:103A70001D7FEDB7BD8BEEB74959EFB7E451F0B7F5
:103A80005B4FF1B72654F2B72B59F3B77765F4B70C
:103A9000A480F5B7755BF6B77662F7B7C262F8B780
:103AA000908FF9B7455EFAB71F6CFBB7267BFCB762
:103AB0000F4FFDB7D84FFEB70D6740B8A37A41B896
:103AC000A47A42B8A77A43B8A97A44B8AA7A45B882
:103AD000AB7A46B8AE7A47B8AF7A48B8B07A49B848
:103AE000B17A4AB8B27A4BB8B47A4CB8B57A4DB814
:103AF000B67A4EB8B77A4FB8B87A50B8B97A51B8E2
:103B0000BA7A52B8BB7A53B8BC7A54B8BD7A55B8B1
:103B1000BE7A56B8C07A57B8C17A58B8C27A59B87E
:103B2000C37A5AB8C47A5BB8C57A5CB8C67A5DB84D
:103B3000C77A5EB8C87A5FB8C97A60B8CA7A61B81D
:103B4000CC7A62B8CD7A63B8CE7A64B8CF7A65B8E9
:103B5000D07A66B8D17A67B8D27A68B8D37A69B8B9
:103B6000D47A6AB8D57A6BB8D77A6CB8D87A6DB887
:103B7000DA7A6EB8DB7A6FB8DC7A70B8DD7A71B851
:103B8000E17A72B8E27A73B8E47A74B8E77A75B811
:103B9000E87A76B8E97A77B8EA7A78B8EB7A79B8D9
:103BA000EC7A7AB8EE7A7BB8F07A7CB8F17A7DB8A4
:103BB000F27A7EB8F37A80B8F47A81B8F57A82B86E
:103BC000F67A83B8F77A84B8F87A85B8FB7A86B83B
:103BD000FC7A87B8FE7A88B8007B89B8017B8AB8FE
:103BE000027B8BB8057B8CB8077B8DB8097B8EB8C0
:103BF0000C7B8FB80D7B90B80E7B91B8107B92B880
:103C0000127B93B8137B94B8167B95B8177B96B844
:103C1000187B97B81A7B98B81C7B99B81D7B9AB80B
:103C20001F7B9BB8217B9CB8227B9DB8237B9EB8D1
:103C3000277B9FB8297BA0B82D7BA1B86E6DA2B859
:103C4000AA6DA3B88F79A4B8B188A5B8175FA6B834
:103C50002B75A7B89A62A8B8858FA9B8EF4FAAB8F4
:103C6000DC91ABB8A765ACB82F81ADB85181AEB8C7
:103C70009C5EAFB85081B0B8748DB1B86F52B2B815
:103C80008689B3B84B8DB4B80D59B5B88550B6B860
:103C9000D84EB7B81C96B8B83672B9B87981BAB8E8
:103CA0001F8DBBB8CC5BBCB8A38BBDB84496BEB867
:103CB0008759BFB81A7FC0B89054C1B87656C2B8F9
:103CC0000E56C3B8E58BC4B83965C5B88269C6B8A5
:103CD0009994C7B8D676C8B8896EC9B8725ECAB8A2
:103CE0001875CBB84667CCB8D167CDB8FF7ACEB8D7
:103CF0009D80CFB8768DD0B81F61D1B8C679D2B8C3
:103D00006265D3B8638DD4B88851D5B81A52D6B885
:103D1000A294D7B8387FD8B89B80D9B8B27EDAB829
:103D2000975CDBB82F6EDCB86067DDB8D97BDEB896
:103D30008B76DFB8D89AE0B88F81E1B8947FE2B88B
:103D4000D57CE3B81E64E4B85095E5B83F7AE6B890
:103D50004A54E7B8E554E8B84C6BE9B80164EAB8EE
:103D60000862EBB83D9EECB8F380EDB89975EEB8FB
:103D70007252EFB86997F0B85B84F1B83C68F2B85A
:103D8000E486F3B80196F4B89496F5B8EC94F6B8D6
:103D90002A4EF7B80454F8B8D97EF9B83968FAB899
:103DA000DF8DFBB81580FCB8F466FDB89A5EFEB8EE
:103DB000B97F40B92F7B41B9307B42B9327B43B9DF
:103DC000347B44B9357B45B9367B46B9377B47B937
:103DD000397B48B93B7B49B93D7B4AB93F7B4BB9FD
:103DE000407B4CB9417B4DB9427B4EB9437B4FB9C7
:103DF000447B50B9467B51B9487B52B94A7B53B991
:103E00004D7B54B94E7B55B9537B56B9557B57B949
:103E1000577B58B9597B59B95C7B5AB95E7B5BB902
:103E20005F7B5CB9617B5DB9637B5EB9647B5FB9C5
:103E3000657B60B9667B61B9677B62B9687B63B992
:103E4000697B64B96A7B65B96B7B66B96C7B67B962
:103E50006D7B68B96F7B69B9707B6AB9737B6BB92D
:103E6000747B6CB9767B6DB9787B6EB97A7B6FB9F0
:103E70007C7B70B97D7B71B97F7B72B9817B73B9B3
:103E8000827B74B9837B75B9847B76B9867B77B97D
:103E9000877B78B9887B79B9897B7AB98A7B7BB94A
:103EA0008B7B7CB98C7B7DB98E7B7EB98F7B80B917
:103EB000917B81B9927B82B9937B83B9967B84B9DC
:103EC000987B85B9997B86B99A7B87B99B7B88B9A2
:103ED0009E7B89B99F7B8AB9A07B8BB9A37B8CB968
:103EE000A47B8DB9A57B8EB9AE7B8FB9AF7B90B922
:103EF000B07B91B9B27B92B9B37B93B9B57B94B9DE
:103F0000B67B95B9B77B96B9B97B97B9BA7B98B9A7
:103F1000BB7B99B9BC7B9AB9BD7B9BB9BE7B9CB975
:103F2000BF7B9DB9C07B9EB9C27B9FB9C37BA0B943
:103F3000C47BA1B9C257A2B93F80A3B99768A4B9FD
:103F4000E55DA5B93B65A6B99F52A7B96D60A8B953
:103F50009A9FA9B99B4FAAB9AC8EABB96C51ACB9B9
:103F6000AB5BADB9135FAEB9E95DAFB95E6CB0B92B
:103F7000F162B1B9218DB2B97151B3B9A994B4B993
:103F8000FE52B5B99F6CB6B9DF82B7B9D772B8B96E
:103F9000A257B9B98467BAB92D8DBBB91F59BCB93D
:103FA0009C8FBDB9C783BEB99554BFB98D7BC0B9CD
:103FB000304FC1B9BD6CC2B9645BC3B9D159C4B982
:103FC000139FC5B9E453C6B9CA86C7B9A89AC8B978
:103FD000378CC9B9A180CAB94565CBB97E98CCB92F
:103FE000FA56CDB9C796CEB92E52CFB9DC74D0B936
:103FF0005052D1B9E15BD2B90263D3B90289D4B9C5
:10400000564ED5B9D062D6B92A60D7B9FA68D8B9B0
:104010007351D9B9985BDAB9A051DBB9C289DCB95F
:10402000A17BDDB98699DEB9507FDFB9EF60E0B9D9
:104030004C70E1B92F8DE2B94951E3B97F5EE4B923
:104040001B90E5B97074E6B9C489E7B92D57E8B992
:104050004578E9B9525FEAB99F9FEBB9FA95ECB997
:10406000688FEDB93C9BEEB9E18BEFB97876F0B98A
:104070004268F1B9DC67F2B9EA8DF3B9358DF4B96C
:104080003D52F5B98A8FF6B9DA6EF7B9CD68F8B94D
:104090000595F9B9ED90FAB9FD56FBB99C67FCB9E5
:1040A000F988FDB9C78FFEB9C85440BAC57B41BA7B
:1040B000C87B42BAC97B43BACA7B44BACB7B45BAF8
:1040C000CD7B46BACE7B47BACF7B48BAD07B49BAC4
:1040D000D27B4ABAD47B4BBAD57B4CBAD67B4DBA8D
:1040E000D77B4EBAD87B4FBADB7B50BADC7B51BA58
:1040F000DE7B52BADF7B53BAE07B54BAE27B55BA1F
:10410000E37B56BAE47B57BAE77B58BAE87B59BAE7
:10411000E97B5ABAEB7B5BBAEC7B5CBAED7B5DBAB0
:10412000EF7B5EBAF07B5FBAF27B60BAF37B61BA79
:10413000F47B62BAF57B63BAF67B64BAF87B65BA46
:10414000F97B66BAFA7B67BAFB7B68BAFD7B69BA12
:10415000FF7B6ABA007C6BBA017C6CBA027C6DBAD8
:10416000037C6EBA047C6FBA057C70BA067C71BAA7
:10417000087C72BA097C73BA0A7C74BA0D7C75BA71
:104180000E7C76BA107C77BA117C78BA127C79BA38
:10419000137C7ABA147C7BBA157C7CBA177C7DBA06
:1041A000187C7EBA197C80BA1A7C81BA1B7C82BAD0
:1041B0001C7C83BA1D7C84BA1E7C85BA207C86BA9E
:1041C000217C87BA227C88BA237C89BA247C8ABA6B
:1041D000257C8BBA287C8CBA297C8DBA2B7C8EBA34
:1041E0002C7C8FBA2D7C90BA2E7C91BA2F7C92BAFF
:1041F000307C93BA317C94BA327C95BA337C96BACF
:10420000347C97BA357C98BA367C99BA377C9ABA9E
:10421000397C9BBA3A7C9CBA3B7C9DBA3C7C9EBA6A
:104220003D7C9FBA3E7CA0BA427CA1BAB89AA2BAA1
:10423000695BA3BA776DA4BA266CA5BAA54EA6BAD7
:10424000B35BA7BA879AA8BA6391A9BAA861AABAB8
:10425000AF90ABBAE997ACBA2B54ADBAB56DAEBA64
:10426000D25BAFBAFD51B0BA8A55B1BA557FB2BA76
:10427000F07FB3BABC64B4BA4D63B5BAF165B6BAEF
:10428000BE61B7BA8D60B8BA0A71B9BA576CBABA1A
:10429000496CBBBA2F59BCBA6D67BDBA2A82BEBA87
:1042A000D558BFBA8E56C0BA6A8CC1BAEB6BC2BAC7
:1042B000DD90C3BA7D59C4BA1780C5BAF753C6BAE0
:1042C000696DC7BA7554C8BA9D55C9BA7783CABA59
:1042D000CF83CBBA3868CCBABE79CDBA8C54CEBABB
:1042E000554FCFBA0854D0BAD276D1BA898CD2BA47
:1042F0000296D3BAB36CD4BAB86DD5BA6B8DD6BAB0
:104300001089D7BA649ED8BA3A8DD9BA3F56DABA6C
:10431000D19EDBBAD575DCBA885FDDBAE072DEBA51
:104320006860DFBAFC54E0BAA84EE1BA2A6AE2BA81
:104330006188E3BA5260E4BA708FE5BAC454E6BA51
:10434000D870E7BA7986E8BA3F9EE9BA2A6DEABA28
:104350008F5BEBBA185FECBAA27EEDBA8955EEBA64
:10436000AF4FEFBA3473F0BA3C54F1BA9A53F2BA81
:104370001950F3BA0E54F4BA7C54F5BA4E4EF6BA4C
:10438000FD5FF7BA5A74F8BAF658F9BA6B84FABAFC
:10439000E180FBBA7487FCBAD072FDBACA7CFEBA5F
:1043A000566E40BB437C41BB447C42BB457C43BB17
:1043B000467C44BB477C45BB487C46BB497C47BBED
:1043C0004A7C48BB4B7C49BB4C7C4ABB4E7C4BBBBC
:1043D0004F7C4CBB507C4DBB517C4EBB527C4FBB89
:1043E000537C50BB547C51BB557C52BB567C53BB59
:1043F000577C54BB587C55BB597C56BB5A7C57BB29
:104400005B7C58BB5C7C59BB5D7C5ABB5E7C5BBBF8
:104410005F7C5CBB607C5DBB617C5EBB627C5FBBC8
:10442000637C60BB647C61BB657C62BB667C63BB98
:10443000677C64BB687C65BB697C66BB6A7C67BB68
:104440006B7C68BB6C7C69BB6D7C6ABB6E7C6BBB38
:104450006F7C6CBB707C6DBB717C6EBB727C6FBB08
:10446000757C70BB767C71BB777C72BB787C73BBD0
:10447000797C74BB7A7C75BB7E7C76BB7F7C77BB9A
:10448000807C78BB817C79BB827C7ABB837C7BBB64
:10449000847C7CBB857C7DBB867C7EBB877C80BB33
:1044A000887C81BB8A7C82BB8B7C83BB8C7C84BBFD
:1044B0008D7C85BB8E7C86BB8F7C87BB907C88BBCC
:1044C000937C89BB947C8ABB967C8BBB997C8CBB90
:1044D0009A7C8DBB9B7C8EBBA07C8FBBA17C90BB50
:1044E000A37C91BBA67C92BBA77C93BBA87C94BB0E
:1044F000A97C95BBAB7C96BBAC7C97BBAD7C98BBD9
:10450000AF7C99BBB07C9ABBB47C9BBBB57C9CBB9D
:10451000B67C9DBBB77C9EBBB87C9FBBBA7CA0BB66
:10452000BB7CA1BB275FA2BB4E86A3BB2C55A4BB03
:10453000A462A5BB924EA6BBAA6CA7BB3762A8BB60
:10454000B182A9BBD754AABB4E53ABBB3E73ACBB25
:10455000D16EADBB3B75AEBB1252AFBB1653B0BBF9
:10456000DD8BB1BBD069B2BB8A5FB3BB0060B4BBAB
:10457000EE6DB5BB4F57B6BB226BB7BBAF73B8BBC5
:104580005368B9BBD88FBABB137FBBBB6263BCBBDC
:10459000A360BDBB2455BEBBEA75BFBB628CC0BB6C
:1045A0001571C1BBA36DC2BBA65BC3BB7B5EC4BBA5
:1045B0005283C5BB4C61C6BBC49EC7BBFA78C8BB9F
:1045C0005787C9BB277CCABB8776CBBBF051CCBB16
:1045D000F660CDBB4C71CEBB4366CFBB4C5ED0BB4F
:1045E0004D60D1BB0E8CD2BB7070D3BB2563D4BBE6
:1045F000898FD5BBBD5FD6BB6260D7BBD486D8BB25
:10460000DE56D9BBC16BDABB9460DBBB6761DCBB38
:104610004953DDBBE060DEBB6666DFBB3F8DE0BBC0
:10462000FD79E1BB1A4FE2BBE970E3BB476CE4BB29
:10463000B38BE5BBF28BE6BBD87EE7BB6483E8BBFC
:104640000F66E9BB5A5AEABB429BEBBB516DECBB10
:10465000F76DEDBB418CEEBB3B6DEFBB194FF0BB73
:104660006B70F1BBB783F2BB1662F3BBD160F4BBD6
:104670000D97F5BB278DF6BB7879F7BBFB51F8BBDF
:104680003E57F9BBFA57FABB3A67FBBB7875FCBBE0
:104690003D7AFDBBEF79FEBB957B40BCBF7C41BC46
:1046A000C07C42BCC27C43BCC37C44BCC47C45BC13
:1046B000C67C46BCC97C47BCCB7C48BCCE7C49BCD4
:1046C000CF7C4ABCD07C4BBCD17C4CBCD27C4DBC9A
:1046D000D37C4EBCD47C4FBCD87C50BCDA7C51BC63
:1046E000DB7C52BCDD7C53BCDE7C54BCE17C55BC25
:1046F000E27C56BCE37C57BCE47C58BCE57C59BCEE
:10470000E67C5ABCE77C5BBCE97C5CBCEA7C5DBCBB
:10471000EB7C5EBCEC7C5FBCED7C60BCEE7C61BC89
:10472000F07C62BCF17C63BCF27C64BCF37C65BC55
:10473000F47C66BCF57C67BCF67C68BCF77C69BC25
:10474000F97C6ABCFA7C6BBCFC7C6CBCFD7C6DBCEF
:10475000FE7C6EBCFF7C6FBC007D70BC017D71BCBB
:10476000027D72BC037D73BC047D74BC057D75BC89
:10477000067D76BC077D77BC087D78BC097D79BC59
:104780000B7D7ABC0C7D7BBC0D7D7CBC0E7D7DBC25
:104790000F7D7EBC107D80BC117D81BC127D82BCF2
:1047A000137D83BC147D84BC157D85BC167D86BCC1
:1047B000177D87BC187D88BC197D89BC1A7D8ABC91
:1047C0001B7D8BBC1C7D8CBC1D7D8DBC1E7D8EBC61
:1047D0001F7D8FBC217D90BC237D91BC247D92BC2C
:1047E000257D93BC267D94BC287D95BC297D96BCF7
:1047F0002A7D97BC2C7D98BC2D7D99BC2E7D9ABCC2
:10480000307D9BBC317D9CBC327D9DBC337D9EBC8C
:10481000347D9FBC357DA0BC367DA1BC8C80A2BC04
:104820006599A3BCF98FA4BCC06FA5BCA58BA6BC21
:10483000219EA7BCEC59A8BCE97EA9BC097FAABCF3
:104840000954ABBC8167ACBCD868ADBC918FAEBC21
:104850004D7CAFBCC696B0BCCA53B1BC2560B2BCDF
:10486000BE75B3BC726CB4BC7353B5BCC95AB6BC8C
:10487000A77EB7BC2463B8BCE051B9BC0A81BABCFE
:10488000F15DBBBCDF84BCBC8062BDBC8051BEBCE2
:10489000635BBFBC0E4FC0BC6D79C1BC4252C2BC91
:1048A000B860C3BC4E6DC4BCC45BC5BCC25BC6BCF7
:1048B000A18BC7BCB08BC8BCE265C9BCCC5FCABC0D
:1048C0004596CBBC9359CCBCE77ECDBCAA7ECEBC72
:1048D0000956CFBCB767D0BC3959D1BC734FD2BCD5
:1048E000B65BD3BCA052D4BC5A83D5BC8A98D6BC84
:1048F0003E8DD7BC3275D8BCBE94D9BC4750DABC0B
:104900003C7ADBBCF74EDCBCB667DDBC7E9ADEBC15
:10491000C15ADFBC7C6BE0BCD176E1BC5A57E2BC2B
:10492000165CE3BC3A7BE4BCF495E5BC4E71E6BC96
:104930007C51E7BCA980E8BC7082E9BC7859EABC2C
:10494000047FEBBC2783ECBCC068EDBCEC67EEBC1D
:10495000B178EFBC7778F0BCE362F1BC6163F2BC84
:10496000807BF3BCED4FF4BC6A52F5BCCF51F6BC72
:104970005083F7BCDB69F8BC7492F9BCF58DFABCC6
:10498000318DFBBCC189FCBC2E95FDBCAD7BFEBC52
:10499000F64E40BD377D41BD387D42BD397D43BDBA
:1049A0003A7D44BD3B7D45BD3C7D46BD3D7D47BD1B
:1049B0003E7D48BD3F7D49BD407D4ABD417D4BBDEB
:1049C000427D4CBD437D4DBD447D4EBD457D4FBDBB
:1049D000467D50BD477D51BD487D52BD497D53BD8B
:1049E0004A7D54BD4B7D55BD4C7D56BD4D7D57BD5B
:1049F0004E7D58BD4F7D59BD507D5ABD517D5BBD2B
:104A0000527D5CBD537D5DBD547D5EBD557D5FBDFA
:104A1000567D60BD577D61BD587D62BD597D63BDCA
:104A20005A7D64BD5B7D65BD5C7D66BD5D7D67BD9A
:104A30005E7D68BD5F7D69BD607D6ABD617D6BBD6A
:104A4000627D6CBD637D6DBD647D6EBD657D6FBD3A
:104A5000667D70BD677D71BD687D72BD697D73BD0A
:104A60006A7D74BD6B7D75BD6C7D76BD6D7D77BDDA
:104A70006F7D78BD707D79BD717D7ABD727D7BBDA6
:104A8000737D7CBD747D7DBD757D7EBD767D80BD75
:104A9000787D81BD797D82BD7A7D83BD7B7D84BD3E
:104AA0007C7D85BD7D7D86BD7E7D87BD7F7D88BD0E
:104AB000807D89BD817D8ABD827D8BBD837D8CBDDE
:104AC000847D8DBD857D8EBD867D8FBD877D90BDAE
:104AD000887D91BD897D92BD8A7D93BD8B7D94BD7E
:104AE0008C7D95BD8D7D96BD8E7D97BD8F7D98BD4E
:104AF000907D99BD917D9ABD927D9BBD937D9CBD1E
:104B0000947D9DBD957D9EBD967D9FBD977DA0BDED
:104B1000987DA1BD6550A2BD3082A3BD5152A4BDF8
:104B20006F99A5BD106EA6BD856EA7BDA76DA8BD6A
:104B3000FA5EA9BDF550AABDDC59ABBD065CACBDA3
:104B4000466DADBD5F6CAEBD8675AFBD8B84B0BD2F
:104B50006868B1BD5659B2BDB28BB3BD2053B4BD68
:104B60007191B5BD4D96B6BD4985B7BD1269B8BD49
:104B70000179B9BD2671BABDF680BBBDA44EBCBDDE
:104B8000CA90BDBD476DBEBD849ABFBD075AC0BDAA
:104B9000BC56C1BD0564C2BDF094C3BDEB77C4BDB6
:104BA000A54FC5BD1A81C6BDE172C7BDD289C8BDBA
:104BB0007A99C9BD347FCABDDE7ECBBD7F52CCBDE4
:104BC0005965CDBD7591CEBD7F8FCFBD838FD0BDD3
:104BD000EB53D1BD967AD2BDED63D3BDA563D4BDF1
:104BE0008676D5BDF879D6BD5788D7BD3696D8BD5F
:104BF0002A62D9BDAB52DABD8282DBBD5468DCBD0E
:104C00007067DDBD7763DEBD6B77DFBDED7AE0BD3C
:104C1000016DE1BDD37EE2BDE389E3BDD059E4BDC2
:104C20001262E5BDC985E6BDA582E7BD4C75E8BD4C
:104C30001F50E9BDCB4EEABDA575EBBDEB8BECBDBE
:104C40004A5CEDBDFE5DEEBD4B7BEFBDA465F0BDE6
:104C5000D191F1BDCA4EF2BD256DF3BD5F89F4BDA2
:104C6000277DF5BD2695F6BDC54EF7BD288CF8BD50
:104C7000DB8FF9BD7397FABD4B66FBBD8179FCBD37
:104C8000D18FFDBDEC70FEBD786D40BE997D41BEFB
:104C90009A7D42BE9B7D43BE9C7D44BE9D7D45BEAC
:104CA0009E7D46BE9F7D47BEA07D48BEA17D49BE7C
:104CB000A27D4ABEA37D4BBEA47D4CBEA57D4DBE4C
:104CC000A77D4EBEA87D4FBEA97D50BEAA7D51BE18
:104CD000AB7D52BEAC7D53BEAD7D54BEAF7D55BEE7
:104CE000B07D56BEB17D57BEB27D58BEB37D59BEB4
:104CF000B47D5ABEB57D5BBEB67D5CBEB77D5DBE84
:104D0000B87D5EBEB97D5FBEBA7D60BEBB7D61BE53
:104D1000BC7D62BEBD7D63BEBE7D64BEBF7D65BE23
:104D2000C07D66BEC17D67BEC27D68BEC37D69BEF3
:104D3000C47D6ABEC57D6BBEC67D6CBEC77D6DBEC3
:104D4000C87D6EBEC97D6FBECA7D70BECB7D71BE93
:104D5000CC7D72BECD7D73BECE7D74BECF7D75BE63
:104D6000D07D76BED17D77BED27D78BED37D79BE33
:104D7000D47D7ABED57D7BBED67D7CBED77D7DBE03
:104D8000D87D7EBED97D80BEDA7D81BEDB7D82BED0
:104D9000DC7D83BEDD7D84BEDE7D85BEDF7D86BE9F
:104DA000E07D87BEE17D88BEE27D89BEE37D8ABE6F
:104DB000E47D8BBEE57D8CBEE67D8DBEE77D8EBE3F
:104DC000E87D8FBEE97D90BEEA7D91BEEB7D92BE0F
:104DD000EC7D93BEED7D94BEEE7D95BEEF7D96BEDF
:104DE000F07D97BEF17D98BEF27D99BEF37D9ABEAF
:104DF000F47D9BBEF57D9CBEF67D9DBEF77D9EBE7F
:104E0000F87D9FBEF97DA0BEFA7DA1BE3D5CA2BE2D
:104E1000B252A3BE4683A4BE6251A5BE0E83A6BEF7
:104E20005B77A7BE7666A8BEB89CA9BEAC4EAABEEC
:104E3000CA60ABBEBE7CACBEB37CADBECF7EAEBEE8
:104E4000954EAFBE668BB0BE6F66B1BE8898B2BEDF
:104E50005997B3BE8358B4BE6C65B5BE5C95B6BEFB
:104E6000845FB7BEC975B8BE5697B9BEDF7ABABE01
:104E7000DE7ABBBEC051BCBEAF70BDBE987ABEBEAE
:104E8000EA63BFBE767AC0BEA07EC1BE9673C2BEC4
:104E9000ED97C3BE454EC4BE7870C5BE5D4EC6BE5E
:104EA0005291C7BEA953C8BE5165C9BEE765CABE07
:104EB000FC81CBBE0582CCBE8E54CDBE315CCEBE55
:104EC0009A75CFBEA097D0BED862D1BED972D2BEDD
:104ED000BD75D3BE455CD4BE799AD5BECA83D6BE55
:104EE000405CD7BE8054D8BEE977D9BE3E4EDABE0C
:104EF000AE6CDBBE5A80DCBED262DDBE6E63DEBE4F
:104F0000E85DDFBE7751E0BEDD8DE1BE1E8EE2BE04
:104F10002F95E3BEF14FE4BEE553E5BEE760E6BE84
:104F2000AC70E7BE6752E8BE5063E9BE439EEABE7E
:104F30001F5AEBBE2650ECBE3777EDBE7753EEBE60
:104F4000E27EEFBE8564F0BE2B65F1BE8962F2BEE3
:104F50009863F3BE1450F4BE3572F5BEC989F6BE2F
:104F6000B351F7BEC08BF8BEDD7EF9BE4757FABE1F
:104F7000CC83FBBEA794FCBE9B51FDBE1B54FEBE62
:104F8000FB5C40BFFB7D41BFFC7D42BFFD7D43BF5D
:104F9000FE7D44BFFF7D45BF007E46BF017E47BF0B
:104FA000027E48BF037E49BF047E4ABF057E4BBFD9
:104FB000067E4CBF077E4DBF087E4EBF097E4FBFA9
:104FC0000A7E50BF0B7E51BF0C7E52BF0D7E53BF79
:104FD0000E7E54BF0F7E55BF107E56BF117E57BF49
:104FE000127E58BF137E59BF147E5ABF157E5BBF19
:104FF000167E5CBF177E5DBF187E5EBF197E5FBFE9
:105000001A7E60BF1B7E61BF1C7E62BF1D7E63BFB8
:105010001E7E64BF1F7E65BF207E66BF217E67BF88
:10502000227E68BF237E69BF247E6ABF257E6BBF58
:10503000267E6CBF277E6DBF287E6EBF297E6FBF28
:105040002A7E70BF2B7E71BF2C7E72BF2D7E73BFF8
:105050002E7E74BF2F7E75BF307E76BF317E77BFC8
:10506000327E78BF337E79BF347E7ABF357E7BBF98
:10507000367E7CBF377E7DBF387E7EBF397E80BF67
:105080003A7E81BF3C7E82BF3D7E83BF3E7E84BF31
:105090003F7E85BF407E86BF427E87BF437E88BFFE
:1050A000447E89BF457E8ABF467E8BBF487E8CBFCB
:1050B000497E8DBF4A7E8EBF4B7E8FBF4C7E90BF98
:1050C0004D7E91BF4E7E92BF4F7E93BF507E94BF68
:1050D000517E95BF527E96BF537E97BF547E98BF38
:1050E000557E99BF567E9ABF577E9BBF587E9CBF08
:1050F000597E9DBF5A7E9EBF5B7E9FBF5C7EA0BFD8
:105100005D7EA1BFCA4FA2BFE37AA3BF5A6DA4BF01
:10511000E190A5BF8F9AA6BF8055A7BF9654A8BFA0
:105120006153A9BFAF54AABF005FABBFE963ACBF77
:105130007769ADBFEF51AEBF6861AFBF0A52B0BF74
:105140002A58B1BFD852B2BF4E57B3BF0D78B4BFC3
:105150000B77B5BFB75EB6BF7761B7BFE07CB8BFAE
:105160005B62B9BF9762BABFA24EBBBF9570BCBFAE
:105170000380BDBFF762BEBFE470BFBF6097C0BF12
:105180007757C1BFDB82C2BFEF67C3BFF568C4BF3B
:10519000D578C5BF9798C6BFD179C7BFF358C8BFE8
:1051A000B354C9BFEF53CABF346ECBBF4B51CCBF52
:1051B0003B52CDBFA25BCEBFFE8BCFBFAF80D0BF77
:1051C0004355D1BFA657D2BF7360D3BF5157D4BF89
:1051D0002D54D5BF7A7AD6BF5060D7BF545BD8BFA5
:1051E000A763D9BFA062DABFE353DBBF6362DCBF52
:1051F000C75BDDBFAF67DEBFED54DFBF9F7AE0BFA7
:10520000E682E1BF7791E2BF935EE3BFE488E4BF4B
:105210003859E5BFAE57E6BF0E63E7BFE88DE8BF7C
:10522000EF80E9BF5757EABF777BEBBFA94FECBFD1
:10523000EB5FEDBFBD5BEEBF3E6BEFBF2153F0BF39
:10524000507BF1BFC272F2BF4668F3BFFF77F4BF75
:105250003677F5BFF765F6BFB551F7BF8F4EF8BF8C
:10526000D476F9BFBF5CFABFA57AFBBF7584FCBFDB
:105270004E59FDBF419BFEBF805040C05E7E41C085
:105280005F7E42C0607E43C0617E44C0627E45C096
:10529000637E46C0647E47C0657E48C0667E49C066
:1052A000677E4AC0687E4BC0697E4CC06A7E4DC036
:1052B0006B7E4EC06C7E4FC06D7E50C06E7E51C006
:1052C0006F7E52C0707E53C0717E54C0727E55C0D6
:1052D000737E56C0747E57C0757E58C0767E59C0A6
:1052E000777E5AC0787E5BC0797E5CC07A7E5DC076
:1052F0007B7E5EC07C7E5FC07D7E60C07E7E61C046
:105300007F7E62C0807E63C0817E64C0837E65C014
:10531000847E66C0857E67C0867E68C0877E69C0E1
:10532000887E6AC0897E6BC08A7E6CC08B7E6DC0B1
:105330008C7E6EC08D7E6FC08E7E70C08F7E71C081
:10534000907E72C0917E73C0927E74C0937E75C051
:10535000947E76C0957E77C0967E78C0977E79C021
:10536000987E7AC0997E7BC09A7E7CC09C7E7DC0F0
:105370009D7E7EC09E7E80C0AE7E81C0B47E82C097
:10538000BB7E83C0BC7E84C0D67E85C0E47E86C0E2
:10539000EC7E87C0F97E88C00A7F89C0107F8AC0F2
:1053A0001E7F8BC0377F8CC0397F8DC03B7F8EC006
:1053B0003C7F8FC03D7F90C03E7F91C03F7F92C0B9
:1053C000407F93C0417F94C0437F95C0467F96C085
:1053D000477F97C0487F98C0497F99C04A7F9AC04D
:1053E0004B7F9BC04C7F9CC04D7F9DC04E7F9EC01D
:1053F0004F7F9FC0527FA0C0537FA1C08899A2C099
:105400002761A3C0836EA4C06457A5C00666A6C06A
:105410004663A7C0F056A8C0EC62A9C06962AAC0E2
:10542000D35EABC01496ACC08357ADC0C962AEC0EA
:105430008755AFC02187B0C04A81B1C0A38FB2C029
:105440006655B3C0B183B4C06567B5C0568DB6C0EC
:10545000DD84B7C06A5AB8C00F68B9C0E662BAC086
:10546000EE7BBBC01196BCC07051BDC09C6FBEC06E
:10547000308CBFC0FD63C0C0C889C1C0D261C2C08A
:10548000067FC3C0C270C4C0E56EC5C00574C6C087
:105490009469C7C0FC72C8C0CA5EC9C0CE90CAC0F9
:1054A0001767CBC06A6DCCC05E63CDC0B352CEC0AF
:1054B0006272CFC00180D0C06C4FD1C0E559D2C05C
:1054C0006A91D3C0D970D4C09D6DD5C0D252D6C018
:1054D000504ED7C0F796D8C06D95D9C07E85DAC03A
:1054E000CA78DBC02F7DDCC02151DDC09257DEC001
:1054F000C264DFC08B80E0C07B7CE1C0EA6CE2C0AC
:10550000F168E3C05E69E4C0B751E5C09853E6C0F6
:10551000A868E7C08172E8C0CE9EE9C0F17BEAC00E
:10552000F872EBC0BB79ECC0136FEDC00674EEC02F
:105530004E67EFC0CC91F0C0A49CF1C03C79F2C0A2
:105540008983F3C05483F4C00F54F5C01768F6C0C4
:105550003D4EF7C08953F8C0B152F9C03E78FAC049
:105560008653FBC02952FCC08850FDC08B4FFEC043
:10557000D04F40C1567F41C1597F42C15B7F43C17B
:105580005C7F44C15D7F45C15E7F46C1607F47C18E
:10559000637F48C1647F49C1657F4AC1667F4BC153
:1055A000677F4CC16B7F4DC16C7F4EC16D7F4FC11A
:1055B0006F7F50C1707F51C1737F52C1757F53C1DE
:1055C000767F54C1777F55C1787F56C17A7F57C1A6
:1055D0007B7F58C17C7F59C17D7F5AC17F7F5BC172
:1055E000807F5CC1827F5DC1837F5EC1847F5FC13C
:1055F000857F60C1867F61C1877F62C1887F63C10B
:10560000897F64C18B7F65C18D7F66C18F7F67C1D4
:10561000907F68C1917F69C1927F6AC1937F6BC19E
:10562000957F6CC1967F6DC1977F6EC1987F6FC16A
:10563000997F70C19B7F71C19C7F72C1A07F73C134
:10564000A27F74C1A37F75C1A57F76C1A67F77C1F4
:10565000A87F78C1A97F79C1AA7F7AC1AB7F7BC1BE
:10566000AC7F7CC1AD7F7DC1AE7F7EC1B17F80C18B
:10567000B37F81C1B47F82C1B57F83C1B67F84C14E
:10568000B77F85C1BA7F86C1BB7F87C1BE7F88C116
:10569000C07F89C1C27F8AC1C37F8BC1C47F8CC1D7
:1056A000C67F8DC1C77F8EC1C87F8FC1C97F90C1A2
:1056B000CB7F91C1CD7F92C1CF7F93C1D07F94C169
:1056C000D17F95C1D27F96C1D37F97C1D67F98C134
:1056D000D77F99C1D97F9AC1DA7F9BC1DB7F9CC1FB
:1056E000DC7F9DC1DD7F9EC1DE7F9FC1E27FA0C1C7
:1056F000E37FA1C1E275A2C1CB7AA3C1927CA4C110
:10570000A56CA5C1B696A6C19B52A7C18374A8C1BA
:10571000E954A9C1E94FAAC15480ABC1B283ACC15D
:10572000DE8FADC17095AEC1C95EAFC11C60B0C1A6
:105730009F6DB1C1185EB2C15B65B3C13881B4C1A0
:10574000FE94B5C14B60B6C1BC70B7C1C37EB8C1D1
:10575000AE7CB9C1C951BAC18168BBC1B17CBCC101
:105760006F82BDC1244EBEC1868FBFC1CF91C0C163
:105770007E66C1C1AE4EC2C1058CC3C1A964C4C19D
:105780004A80C5C1DA50C6C19775C7C1CE71C8C1BC
:10579000E55BC9C1BD8FCAC1666FCBC1864ECCC1A6
:1057A0008264CDC16395CEC1D65ECFC19965D0C1AB
:1057B0001752D1C1C288D2C1C870D3C1A352D4C1BB
:1057C0000E73D5C13374D6C19767D7C1F778D8C1E6
:1057D0001697D9C1344EDAC1BB90DBC1DE9CDCC167
:1057E000CB6DDDC1DB51DEC1418DDFC11D54E0C198
:1057F000CE62E1C1B273E2C1F183E3C1F696E4C1C6
:10580000849FE5C1C394E6C1364FE7C19A7FE8C1E2
:10581000CC51E9C17570EAC17596EBC1AD5CECC1C4
:105820008698EDC1E653EEC1E44EEFC19C6EF0C127
:105830000974F1C1B469F2C16B78F3C18F99F4C1F5
:105840005975F5C11852F6C12476F7C1416DF8C1FA
:10585000F367F9C16D51FAC1999FFBC14B80FCC13F
:105860009954FDC13C7BFEC1BF7A40C2E47F41C276
:10587000E77F42C2E87F43C2EA7F44C2EB7F45C272
:10588000EC7F46C2ED7F47C2EF7F48C2F27F49C23C
:10589000F47F4AC2F57F4BC2F67F4CC2F77F4DC200
:1058A000F87F4EC2F97F4FC2FA7F50C2FD7F51C2CE
:1058B000FE7F52C2FF7F53C2028054C2078055C28E
:1058C000088056C2098057C20A8058C20E8059C249
:1058D0000F805AC211805BC213805CC21A805DC205
:1058E0001B805EC21D805FC21E8060C21F8061C2BD
:1058F000218062C2238063C2248064C22B8065C27F
:105900002C8066C22D8067C22E8068C22F8069C23B
:1059100030806AC232806BC234806CC239806DC202
:105920003A806EC23C806FC23E8070C2408071C2BD
:10593000418072C2448073C2458074C2478075C280
:10594000488076C2498077C24E8078C24F8079C243
:1059500050807AC251807BC253807CC255807DC208
:1059600056807EC2578080C2598081C25B8082C2CD
:105970005C8083C25D8084C25E8085C25F8086C297
:10598000608087C2618088C2628089C263808AC267
:1059900064808BC265808CC266808DC267808EC237
:1059A00068808FC26B8090C26C8091C26D8092C201
:1059B0006E8093C26F8094C2708095C2728096C2CE
:1059C000738097C2748098C2758099C276809AC29B
:1059D00077809BC278809CC279809DC27A809EC26B
:1059E0007B809FC27C80A0C27D80A1C28696A2C21D
:1059F0008457A3C2E262A4C24796A5C27C69A6C22C
:105A0000045AA7C20264A8C2D37BA9C20F6FAAC25C
:105A10004B96ABC2A682ACC26253ADC28598AEC2F1
:105A2000905EAFC28970B0C2B363B1C26453B2C2F8
:105A30004F86B3C2819CB4C2939EB5C28C78B6C265
:105A40003297B7C2EF8DB8C2428DB9C27F9EBAC23B
:105A50005E6FBBC28479BCC2555FBDC24696BEC2F2
:105A60002E62BFC2749AC0C21554C1C2DD94C2C2B4
:105A7000A34FC3C2C565C4C2655CC5C2615CC6C272
:105A8000157FC7C25186C8C22F6CC9C28B5FCAC2FC
:105A90008773CBC2E46ECCC2FF7ECDC2E65CCEC2C1
:105AA0001B63CFC26A5BD0C2E66ED1C27553D2C24D
:105AB000714ED3C2A063D4C26575D5C2A162D6C2ED
:105AC0006E8FD7C2264FD8C2D14ED9C2A66CDAC2C9
:105AD000B67EDBC2BA8BDCC21D84DDC2BA87DEC2F1
:105AE000577FDFC23B90E0C22395E1C2A97BE2C2AF
:105AF000A19AE3C2F888E4C23D84E5C21B6DE6C208
:105B0000869AE7C2DC7EE8C28859E9C2BB9EEAC237
:105B10009B73EBC20178ECC28286EDC26C9AEEC236
:105B2000829AEFC21B56F0C21754F1C2CB57F2C291
:105B3000704EF3C2A69EF4C25653F5C2C88FF6C289
:105B40000981F7C29277F8C29299F9C2EE86FAC239
:105B5000E16EFBC21385FCC2FC66FDC26261FEC23F
:105B60002B6F40C37E8041C3818042C3828043C388
:105B7000858044C3888045C38A8046C38D8047C3DF
:105B80008E8048C38F8049C390804AC391804BC3A5
:105B900092804CC394804DC395804EC397804FC371
:105BA000998050C39E8051C3A38052C3A68053C323
:105BB000A78054C3A88055C3AC8056C3B08057C3D8
:105BC000B38058C3B58059C3B6805AC3B8805BC38D
:105BD000B9805CC3BB805DC3C5805EC3C7805FC343
:105BE000C88060C3C98061C3CA8062C3CB8063C3FD
:105BF000CF8064C3D08065C3D18066C3D28067C3C1
:105C0000D38068C3D48069C3D5806AC3D8806BC38E
:105C1000DF806CC3E0806DC3E2806EC3E3806FC33E
:105C2000E68070C3EE8071C3F58072C3F78073C3E2
:105C3000F98074C3FB8075C3FE8076C3FF8077C391
:105C4000008178C3018179C303817AC304817BC356
:105C500005817CC307817DC308817EC30B8180C31E
:105C60000C8181C3158182C3178183C3198184C3C9
:105C70001B8185C31C8186C31D8187C31F8188C387
:105C8000208189C321818AC322818BC323818CC354
:105C900024818DC325818EC326818FC3278190C324
:105CA000288191C3298192C32A8193C32B8194C3F4
:105CB0002D8195C32E8196C3308197C3338198C3BC
:105CC000348199C335819AC337819BC339819CC381
:105CD0003A819DC33B819EC33C819FC33D81A0C34C
:105CE0003F81A1C3298CA2C39282A3C32B83A4C3E7
:105CF000F276A5C3136CA6C3D95FA7C3BD83A8C39F
:105D00002B73A9C30583AAC31A95ABC3DB6BACC3C2
:105D1000DB77ADC3C694AEC36F53AFC30283B0C3CA
:105D20009251B1C33D5EB2C38C8CB3C3388DB4C342
:105D3000484EB5C3AB73B6C39A67B7C38568B8C3DB
:105D40007691B9C30997BAC36471BBC3A16CBCC3D4
:105D50000977BDC3925ABEC34195BFC3CF6BC0C3C1
:105D60008E7FC1C32766C2C3D05BC3C3B959C4C346
:105D70009A5AC5C3E895C6C3F795C7C3EC4EC8C3C6
:105D80000C84C9C39984CAC3AC6ACBC3DF76CCC3C5
:105D90003095CDC31B73CEC3A668CFC35F5BD0C3A2
:105DA0002F77D1C39A91D2C36197D3C3DC7CD4C37C
:105DB000F78FD5C31C8CD6C3255FD7C3737CD8C3DC
:105DC000D879D9C3C589DAC3CC6CDBC31C87DCC3E3
:105DD000C65BDDC3425EDEC3C968DFC32077E0C3B4
:105DE000F57EE1C39551E2C34D51E3C3C952E4C30B
:105DF000295AE5C3057FE6C36297E7C3D782E8C3A4
:105E0000CF63E9C38477EAC3D085EBC3D279ECC30F
:105E10003A6EEDC3995EEEC39959EFC31185F0C395
:105E20006D70F1C3116CF2C3BF62F3C3BF76F4C3EC
:105E30004F65F5C3AF60F6C3FD95F7C30E66F8C3B3
:105E40009F87F9C3239EFAC3ED94FBC30D54FCC393
:105E50007D54FDC32C8CFEC3786440C4408141C492
:105E6000418142C4428143C4438144C4448145C406
:105E7000458146C4478147C4498148C44D8149C4CE
:105E80004E814AC44F814BC452814CC456814DC48B
:105E900057814EC458814FC45B8150C45C8151C44A
:105EA0005D8152C45E8153C45F8154C4618155C415
:105EB000628156C4638157C4648158C4668159C4E1
:105EC00068815AC46A815BC46B815CC46C815DC4A7
:105ED0006F815EC472815FC4738160C4758161C467
:105EE000768162C4778163C4788164C4818165C42A
:105EF000838166C4848167C4858168C4868169C4DE
:105F000087816AC489816BC48B816CC48C816DC4A8
:105F10008D816EC48E816FC4908170C4928171C472
:105F2000938172C4948173C4958174C4968175C43D
:105F3000978176C4998177C49A8178C49E8179C407
:105F40009F817AC4A0817BC4A1817CC4A2817DC4CD
:105F5000A4817EC4A58180C4A78181C4A98182C493
:105F6000AB8183C4AC8184C4AD8185C4AE8186C459
:105F7000AF8187C4B08188C4B18189C4B2818AC429
:105F8000B4818BC4B5818CC4B6818DC4B7818EC4F5
:105F9000B8818FC4B98190C4BC8191C4BD8192C4C1
:105FA000BE8193C4BF8194C4C48195C4C58196C485
:105FB000C78197C4C88198C4C98199C4CB819AC448
:105FC000CD819BC4CE819CC4CF819DC4D0819EC411
:105FD000D1819FC4D281A0C4D381A1C47964A2C459
:105FE0001186A3C4216AA4C49C81A5C4E878A6C470
:105FF0006964A7C4549BA8C4B962A9C42B67AAC486
:10600000AB83ABC4A858ACC4D89EADC4AB6CAEC413
:10601000206FAFC4DE5BB0C44C96B1C40B8CB2C46D
:106020005F72B3C4D067B4C4C762B5C46172B6C48A
:10603000A94EB7C4C659B8C4CD6BB9C49358BAC435
:10604000AE66BBC4555EBCC4DF52BDC45561BEC4A0
:106050002867BFC4EE76C0C46677C1C46772C2C485
:10606000467AC3C4FF62C4C4EA54C5C45054C6C40B
:10607000A094C7C4A390C8C41C5AC9C4B37ECAC4E0
:10608000166CCBC4434ECCC47659CDC41080CEC45C
:106090004859CFC45753D0C43775D1C4BE96D2C463
:1060A000CA56D3C42063D4C41181D5C47C60D6C47D
:1060B000F995D7C4D66DD8C46254D9C48199DAC4CD
:1060C0008551DBC4E95ADCC4FD80DDC4AE59DEC4B1
:1060D0001397DFC42A50E0C4E56CE1C43C5CE2C421
:1060E000DF62E3C4604FE4C43F53E5C47B81E6C490
:1060F0000690E7C4BA6EE8C42B85E9C4C862EAC456
:10610000745EEBC4BE78ECC4B564EDC47B63EEC4CE
:10611000F55FEFC4185AF0C47F91F1C41F9EF2C41A
:106120003F5CF3C44F63F4C44280F5C47D5BF6C4A6
:106130006E55F7C44A95F8C44D95F9C4856DFAC4F7
:10614000A860FBC4E067FCC4DE72FDC4DD51FEC480
:10615000815B40C5D48141C5D58142C5D68143C547
:10616000D78144C5D88145C5D98146C5DA8147C59F
:10617000DB8148C5DC8149C5DD814AC5DE814BC56F
:10618000DF814CC5E0814DC5E1814EC5E2814FC53F
:10619000E48150C5E58151C5E68152C5E88153C50A
:1061A000E98154C5EB8155C5EE8156C5EF8157C5D0
:1061B000F08158C5F18159C5F2815AC5F5815BC599
:1061C000F6815CC5F7815DC5F8815EC5F9815FC563
:1061D000FA8160C5FD8161C5FF8162C5038263C527
:1061E000078264C5088265C5098266C50A8267C5DB
:1061F0000B8268C50E8269C50F826AC511826BC5A4
:1062000013826CC515826DC516826EC517826FC567
:10621000188270C5198271C51A8272C51D8273C534
:10622000208274C5248275C5258276C5268277C5ED
:10623000278278C5298279C52E827AC532827BC5AC
:106240003A827CC53C827DC53D827EC53F8280C549
:10625000408281C5418282C5428283C5438284C512
:10626000458285C5468286C5488287C54A8288C5DB
:106270004C8289C54D828AC54E828BC550828CC5A1
:1062800051828DC552828EC553828FC5548290C56E
:10629000558291C5568292C5578293C5598294C53D
:1062A0005B8295C55C8296C55D8297C55E8298C506
:1062B000608299C561829AC562829BC563829CC5D2
:1062C00064829DC565829EC566829FC56782A0C5A2
:1062D0006982A1C5E762A2C5DE6CA3C55B72A4C5D5
:1062E0006D62A5C5AE94A6C5BD7EA7C51381A8C520
:1062F000536DA9C59C51AAC5045FABC57459ACC503
:10630000AA52ADC51260AEC57359AFC59666B0C589
:106310005086B1C59F75B2C52A63B3C5E661B4C5E1
:10632000EF7CB5C5FA8BB6C5E654B7C5276BB8C5C3
:10633000259EB9C5B46BBAC5D585BBC55554BCC57A
:106340007650BDC5A46CBEC56A55BFC5B48DC0C569
:106350002C72C1C5155EC2C51560C3C53674C4C5EF
:10636000CD62C5C59263C6C54C72C7C5985FC8C526
:10637000436EC9C53E6DCAC50065CBC5586FCCC557
:10638000D876CDC5D078CEC5FC76CFC55475D0C5EE
:106390002452D1C5DB53D2C5534ED3C59E5ED4C55E
:1063A000C165D5C52A80D6C5D680D7C59B62D8C55C
:1063B0008654D9C52852DAC5AE70DBC58D88DCC5D8
:1063C000D18DDDC5E16CDEC57854DFC5DA80E0C56E
:1063D000F957E1C5F488E2C5548DE3C56A96E4C572
:1063E0004D91E5C5694FE6C59B6CE7C5B755E8C556
:1063F000C676E9C53078EAC5A862EBC5F970ECC588
:106400008E6FEDC56D5FEEC5EC84EFC5DA68F0C543
:106410007C78F1C5F77BF2C5A881F3C50B67F4C59D
:106420004F9EF5C56763F6C5B078F7C56F57F8C5D9
:106430001278F9C53997FAC57962FBC5AB62FCC51C
:106440008852FDC53574FEC5D76B40C66A8241C609
:106450006B8242C66C8243C66D8244C6718245C659
:10646000758246C6768247C6778248C6788249C614
:106470007B824AC67C824BC680824CC681824DC6D6
:1064800083824EC685824FC6868250C6878251C699
:10649000898252C68C8253C6908254C6938255C656
:1064A000948256C6958257C6968258C69A8259C615
:1064B0009B825AC69E825BC6A0825CC6A2825DC6D3
:1064C000A3825EC6A7825FC6B28260C6B58261C67D
:1064D000B68262C6BA8263C6BB8264C6BC8265C627
:1064E000BF8266C6C08267C6C28268C6C38269C6EA
:1064F000C5826AC6C6826BC6C9826CC6D0826DC6AA
:10650000D6826EC6D9826FC6DA8270C6DD8271C647
:10651000E28272C6E78273C6E88274C6E98275C6F3
:10652000EA8276C6EC8277C6ED8278C6EE8279C6BC
:10653000F0827AC6F2827BC6F3827CC6F5827DC683
:10654000F6827EC6F88280C6FA8281C6FC8282C646
:10655000FD8283C6FE8284C6FF8285C6008386C60E
:106560000A8387C60B8388C60D8389C610838AC6B3
:1065700012838BC613838CC616838DC618838EC672
:1065800019838FC61D8390C61E8391C61F8392C632
:10659000208393C6218394C6228395C6238396C6FF
:1065A000248397C6258398C6268399C629839AC6CD
:1065B0002A839BC62E839CC630839DC632839EC68B
:1065C00037839FC63B83A0C63D83A1C66455A2C640
:1065D0003E81A3C6B275A4C6AE76A5C63953A6C67B
:1065E000DE75A7C6FB50A8C6415CA9C66C8BAAC6BF
:1065F000C77BABC64F50ACC64772ADC6979AAEC606
:10660000D898AFC6026FB0C6E274B1C66879B2C698
:106610008764B3C6A577B4C6FC62B5C69198B6C602
:106620002B8DB7C6C154B8C65880B9C6524EBAC62B
:106630006A57BBC6F982BCC60D84BDC6735EBEC6B2
:10664000ED51BFC6F674C0C6C48BC1C64F5CC2C68E
:106650006157C3C6FC6CC4C68798C5C6465AC6C631
:106660003478C7C6449BC8C6EB8FC9C6957CCAC6DA
:106670005652CBC65162CCC6FA94CDC6C64ECEC6D3
:106680008683CFC66184D0C6E983D1C6B284D2C620
:10669000D457D3C63467D4C60357D5C66E66D6C69C
:1066A000666DD7C6318CD8C6DD66D9C61170DAC61C
:1066B0001F67DBC63A6BDCC61668DDC61A62DEC62B
:1066C000BB59DFC6034EE0C6C451E1C6066FE2C641
:1066D000D267E3C68F6CE4C67651E5C6CB68E6C6E2
:1066E0004759E7C6676BE8C66675E9C60E5DEAC638
:1066F0001081EBC6509FECC6D765EDC64879EEC653
:106700004179EFC6919AF0C6778DF1C6825CF2C6E8
:106710005E4EF3C6014FF4C62F54F5C65159F6C666
:106720000C78F7C66856F8C6146CF9C6C48FFAC65A
:10673000035FFBC67D6CFCC6E36CFDC6AB8BFEC67F
:10674000906340C73E8341C73F8342C7418343C7ED
:10675000428344C7448345C7458346C7488347C7E8
:106760004A8348C74B8349C74C834AC74D834BC7AD
:106770004E834CC753834DC755834EC756834FC76F
:10678000578350C7588351C7598352C75D8353C736
:10679000628354C7708355C7718356C7728357C7C6
:1067A000738358C7748359C775835AC776835BC789
:1067B00079835CC77A835DC77E835EC77F835FC74B
:1067C000808360C7818361C7828362C7838363C715
:1067D000848364C7878365C7888366C78A8367C7DE
:1067E0008B8368C78C8369C78D836AC78F836BC7A8
:1067F00090836CC791836DC794836EC795836FC771
:10680000968370C7978371C7998372C79A8373C73A
:106810009D8374C79F8375C7A18376C7A28377C7FB
:10682000A38378C7A48379C7A5837AC7A6837BC7C8
:10683000A7837CC7AC837DC7AD837EC7AE8380C78B
:10684000AF8381C7B58382C7BB8383C7BE8384C739
:10685000BF8385C7C28386C7C38387C7C48388C7EE
:10686000C68389C7C8838AC7C9838BC7CB838CC7B4
:10687000CD838DC7CE838EC7D0838FC7D18390C77A
:10688000D28391C7D38392C7D58393C7D78394C745
:10689000D98395C7DA8396C7DB8397C7DE8398C70A
:1068A000E28399C7E3839AC7E4839BC7E6839CC7C7
:1068B000E7839DC7E8839EC7EB839FC7EC83A0C790
:1068C000ED83A1C77060A2C73D6DA3C77572A4C751
:1068D0006662A5C78E94A6C7C594A7C74353A8C729
:1068E000C18FA9C77E7BAAC7DF4EABC7268CACC7BA
:1068F0007E4EADC7D49EAEC7B194AFC7B394B0C7F8
:106900004D52B1C75C6FB2C76390B3C7456DB4C792
:10691000348CB5C71158B6C74C5DB7C7206BB8C724
:10692000496BB9C7AA67BAC75B54BBC75481BCC718
:106930008C7FBDC79958BEC73785BFC73A5FC0C7F0
:10694000A262C1C7476AC2C73995C3C77265C4C7C7
:106950008460C5C76568C6C7A777C7C7544EC8C790
:10696000A84FC9C7E75DCAC79897CBC7AC64CCC767
:10697000D87FCDC7ED5CCEC7CF4FCFC78D7AD0C7FC
:106980000752D1C70483D2C7144ED3C72F60D4C7D0
:10699000837AD5C7A694D6C7B54FD7C7B24ED8C746
:1069A000E679D9C73474DAC7E452DBC7B982DCC7E9
:1069B000D264DDC7BD79DEC7DD5BDFC7816CE0C7B0
:1069C0005297E1C77B8FE2C7226CE3C73E50E4C712
:1069D0007F53E5C7056EE6C7CE64E7C77466E8C7B0
:1069E000306CE9C7C560EAC77798EBC7F78BECC78F
:1069F000865EEDC73C74EEC7777AEFC7CB79F0C7F8
:106A0000184EF1C7B190F2C70374F3C7426CF4C7D4
:106A1000DA56F5C74B91F6C7C56CF7C78B8DF8C72B
:106A20003A53F9C7C686FAC7F266FBC7AF8EFCC7F2
:106A3000485CFDC7719AFEC7206E40C8EE8341C80E
:106A4000EF8342C8F38343C8F48344C8F58345C841
:106A5000F68346C8F78347C8FA8348C8FB8349C80A
:106A6000FC834AC8FE834BC8FF834CC800844DC8D2
:106A700002844EC805844FC8078450C8088451C892
:106A8000098452C80A8453C8108454C8128455C853
:106A9000138456C8148457C8158458C8168459C816
:106AA00017845AC819845BC81A845CC81B845DC8E3
:106AB0001E845EC81F845FC8208460C8218461C8AA
:106AC000228462C8238463C8298464C82A8465C870
:106AD0002B8466C82C8467C82D8468C82E8469C836
:106AE0002F846AC830846BC832846CC833846DC804
:106AF00034846EC835846FC8368470C8378471C8D2
:106B0000398472C83A8473C83B8474C83E8475C89B
:106B10003F8476C8408477C8418478C8428479C865
:106B200043847AC844847BC845847CC847847DC834
:106B300048847EC8498480C84A8481C84B8482C8FE
:106B40004C8483C84D8484C84E8485C84F8486C8CD
:106B5000508487C8528488C8538489C854848AC89A
:106B600055848BC856848CC858848DC85D848EC863
:106B70005E848FC85F8490C8608491C8628492C824
:106B8000648493C8658494C8668495C8678496C8ED
:106B9000688497C86A8498C86E8499C86F849AC8B4
:106BA00070849BC872849CC874849DC877849EC876
:106BB00079849FC87B84A0C87C84A1C8D653A2C80E
:106BC000365AA3C88B9FA4C8A38DA5C8BB53A6C81B
:106BD0000857A7C8A798A8C84367A9C89B91AAC87F
:106BE000C96CABC86851ACC8CA75ADC8F362AEC851
:106BF000AC72AFC83852B0C89D52B1C83A7FB2C863
:106C00009470B3C83876B4C87453B5C84A9EB6C831
:106C1000B769B7C86E78B8C8C096B9C8D988BAC8B5
:106C2000A47FBBC83671BCC8C371BDC88951BEC87A
:106C3000D367BFC8E474C0C8E458C1C81865C2C8E7
:106C4000B756C3C8A98BC4C87699C5C87062C6C8F0
:106C5000D57EC7C8F960C8C8ED70C9C8EC58CAC8A5
:106C6000C14ECBC8BA4ECCC8CD5FCDC8E797CEC811
:106C7000FB4ECFC8A48BD0C80352D1C88A59D2C802
:106C8000AB7ED3C85462D4C8CD4ED5C8E565D6C84E
:106C90000E62D7C83883D8C8C984D9C86383DAC814
:106CA0008D87DBC89471DCC8B66EDDC8B95BDEC801
:106CB000D27EDFC89751E0C8C963E1C8D467E2C893
:106CC0008980E3C83983E4C81588E5C81251E6C84D
:106CD0007A5BE7C88259E8C8B18FE9C8734EEAC841
:106CE0005D6CEBC86551ECC82589EDC86F8FEEC8A7
:106CF0002E96EFC84A85F0C85E74F1C81095F2C8A8
:106D0000F095F3C8A66DF4C8E582F5C8315FF6C802
:106D10009264F7C8126DF8C82884F9C86E81FAC861
:106D2000C39CFBC85E58FCC85B8DFDC8094EFEC8FD
:106D3000C15340C97D8441C97E8442C97F8443C90F
:106D4000808444C9818445C9838446C9848447C9F1
:106D5000858448C9868449C98A844AC98D844BC9B7
:106D60008F844CC990844DC991844EC992844FC977
:106D7000938450C9948451C9958452C9968453C947
:106D8000988454C99A8455C99B8456C99D8457C90F
:106D90009E8458C99F8459C9A0845AC9A2845BC9DA
:106DA000A3845CC9A4845DC9A5845EC9A6845FC9A7
:106DB000A78460C9A88461C9A98462C9AA8463C977
:106DC000AB8464C9AC8465C9AD8466C9AE8467C947
:106DD000B08468C9B18469C9B3846AC9B5846BC910
:106DE000B6846CC9B7846DC9BB846EC9BC846FC9D5
:106DF000BE8470C9C08471C9C28472C9C38473C996
:106E0000C58474C9C68475C9C78476C9C88477C95E
:106E1000CB8478C9CC8479C9CE847AC9CF847BC924
:106E2000D2847CC9D4847DC9D5847EC9D78480C9E5
:106E3000D88481C9D98482C9DA8483C9DB8484C9AE
:106E4000DC8485C9DE8486C9E18487C9E28488C977
:106E5000E48489C9E7848AC9E8848BC9E9848CC938
:106E6000EA848DC9EB848EC9ED848FC9EE8490C904
:106E7000EF8491C9F18492C9F28493C9F38494C9CF
:106E8000F48495C9F58496C9F68497C9F78498C99E
:106E9000F88499C9F9849AC9FA849BC9FB849CC96E
:106EA000FD849DC9FE849EC900859FC90185A0C936
:106EB0000285A1C91E4FA2C96365A3C95168A4C9AF
:106EC000D355A5C9274EA6C91464A7C99A9AA8C9BB
:106ED0006B62A9C9C25AAAC95F74ABC97282ACC934
:106EE000A96DADC9EE68AEC9E750AFC98E83B0C910
:106EF0000278B1C94067B2C93952B3C9996CB4C9F3
:106F0000B17EB5C9BB50B6C96555B7C95E71B8C9C0
:106F10005B7BB9C95266BAC9CA73BBC9EB82BCC92B
:106F20004967BDC9715CBEC92052BFC97D71C0C966
:106F30006B88C1C9EA95C2C95596C3C9C564C4C99D
:106F4000618DC5C9B381C6C98455C7C9556CC8C947
:106F50004762C9C92E7FCAC99258CBC9244FCCC930
:106F60004655CDC94F8DCEC94C66CFC90A4ED0C942
:106F70001A5CD1C9F388D2C9A268D3C94E63D4C9F7
:106F80000D7AD5C9E770D6C98D82D7C9FA52D8C94A
:106F9000F697D9C9115CDAC9E854DBC9B590DCC9E8
:106FA000CD7EDDC96259DEC94A8DDFC9C786E0C919
:106FB0000C82E1C90D82E2C9668DE3C94464E4C96B
:106FC000045CE5C95161E6C9896DE7C93E79E8C944
:106FD000BE8BE9C93778EAC93375EBC97B54ECC974
:106FE000384FEDC9AB8EEEC9F16DEFC9205AF0C92B
:106FF000C57EF1C95E79F2C9886CF3C9A15BF4C999
:10700000765AF5C91A75F6C9BE80F7C94E61F8C936
:10701000176EF9C9F058FAC91F75FBC92575FCC967
:107020007272FDC94753FEC9F37E40CA038541CA47
:10703000048542CA058543CA068544CA078545CAF0
:10704000088546CA098547CA0A8548CA0B8549CAC0
:107050000D854ACA0E854BCA0F854CCA10854DCA8C
:1070600012854ECA14854FCA158550CA168551CA55
:10707000188552CA198553CA1B8554CA1C8555CA1E
:107080001D8556CA1E8557CA208558CA228559CAE9
:1070900023855ACA24855BCA25855CCA26855DCAB4
:1070A00027855ECA28855FCA298560CA2A8561CA84
:1070B0002D8562CA2E8563CA2F8564CA308565CA4C
:1070C000318566CA328567CA338568CA348569CA1C
:1070D00035856ACA36856BCA3E856CCA3F856DCADE
:1070E00040856ECA41856FCA428570CA448571CA9F
:1070F000458572CA468573CA478574CA4B8575CA69
:107100004C8576CA4D8577CA4E8578CA4F8579CA2F
:1071100050857ACA51857BCA52857CCA53857DCAFF
:1071200054857ECA558580CA578581CA588582CACA
:107130005A8583CA5B8584CA5C8585CA5D8586CA93
:107140005F8587CA608588CA618589CA62858ACA5F
:1071500063858BCA65858CCA66858DCA67858ECA2C
:1071600069858FCA6A8590CA6B8591CA6C8592CAF7
:107170006D8593CA6E8594CA6F8595CA708596CAC7
:10718000718597CA738598CA758599CA76859ACA92
:1071900077859BCA78859CCA7C859DCA7D859ECA59
:1071A0007F859FCA8085A0CA8185A1CA0177A2CAAE
:1071B000DB76A3CA6952A4CADC80A5CA2357A6CA33
:1071C000085EA7CA3159A8CAEE72A9CABD65AACA83
:1071D0007F6EABCAD78BACCA385CADCA7186AECAFB
:1071E0004153AFCAF377B0CAFE62B1CAF665B2CAFC
:1071F000C04EB3CADF98B4CA8086B5CA9E5BB6CA11
:10720000C68BB7CAF253B8CAE277B9CA7F4FBACAB7
:107210004E5CBBCA769ABCCACB59BDCA0F5FBECA08
:107220003A79BFCAEB58C0CA164EC1CAFF67C2CA74
:107230008B4EC3CAED62C4CA938AC5CA1D90C6CA22
:10724000BF52C7CA2F66C8CADC55C9CA6C56CACA5B
:107250000290CBCAD54ECCCA8D4FCDCACA91CECAE8
:107260007099CFCA0F6CD0CA025ED1CA4360D2CA2D
:10727000A45BD3CAC689D4CAD58BD5CA3665D6CA4B
:107280004B62D7CA9699D8CA885BD9CAFF5BDACA5B
:107290008863DBCA2E55DCCAD753DDCA2676DECA20
:1072A0007D51DFCA2C85E0CAA267E1CAB368E2CA91
:1072B0008A6BE3CA9262E4CA938FE5CAD453E6CAE2
:1072C0001282E7CAD16DE8CA8F75E9CA664EEACA6A
:1072D0004E8DEBCA705BECCA9F71EDCAAF85EECAEA
:1072E0009166EFCAD966F0CA727FF1CA0087F2CA06
:1072F000CD9EF3CA209FF4CA5E5CF5CA2F67F6CA1A
:10730000F08FF7CA1168F8CA5F67F9CA0D62FACA46
:10731000D67AFBCA8558FCCAB65EFDCA7065FECA3D
:10732000316F40CB828541CB838542CB868543CB71
:10733000888544CB898545CB8A8546CB8B8547CBD1
:107340008C8548CB8D8549CB8E854ACB90854BCBA0
:1073500091854CCB92854DCB93854ECB94854FCB6D
:10736000958550CB968551CB978552CB988553CB3D
:10737000998554CB9A8555CB9D8556CB9E8557CB09
:107380009F8558CBA08559CBA1855ACBA2855BCBD5
:10739000A3855CCBA5855DCBA6855ECBA7855FCBA2
:1073A000A98560CBAB8561CBAC8562CBAD8563CB6A
:1073B000B18564CBB28565CBB38566CBB48567CB2D
:1073C000B58568CBB68569CBB8856ACBBA856BCBFA
:1073D000BB856CCBBC856DCBBD856ECBBE856FCBC5
:1073E000BF8570CBC08571CBC28572CBC38573CB93
:1073F000C48574CBC58575CBC68576CBC78577CB61
:10740000C88578CBCA8579CBCB857ACBCC857BCB2D
:10741000CD857CCBCE857DCBD1857ECBD28580CBF7
:10742000D48581CBD68582CBD78583CBD88584CBB9
:10743000D98585CBDA8586CBDB8587CBDD8588CB87
:10744000DE8589CBDF858ACBE0858BCBE1858CCB54
:10745000E2858DCBE3858ECBE5858FCBE68590CB22
:10746000E78591CBE88592CBEA8593CBEB8594CBEE
:10747000EC8595CBED8596CBEE8597CBEF8598CBBC
:10748000F08599CBF1859ACBF2859BCBF3859CCB8C
:10749000F4859DCBF5859ECBF6859FCBF785A0CB5C
:1074A000F885A1CB5560A2CB3752A3CB0D80A4CBDE
:1074B0005464A5CB7088A6CB2975A7CB055EA8CB55
:1074C0001368A9CBF462AACB1C97ABCBCC53ACCB43
:1074D0003D72ADCB018CAECB346CAFCB6177B0CB12
:1074E0000E7AB1CB2E54B2CBAC77B3CB7A98B4CB67
:1074F0001C82B5CBF48BB6CB5578B7CB1467B8CB21
:10750000C170B9CBAF65BACB9564BBCB3656BCCB9B
:107510001D60BDCBC179BECBF853BFCB1D4EC0CBD8
:107520007B6BC1CB8680C2CBFA5BC3CBE355C4CBAC
:10753000DB56C5CB3A4FC6CB3C4FC7CB7299C8CBB5
:10754000F35DC9CB7E67CACB3880CBCB0260CCCB96
:107550008298CDCB0190CECB8B5BCFCBBC8BD0CBED
:10756000F58BD1CB1C64D2CB5882D3CBDE64D4CB89
:10757000FD55D5CBCF82D6CB6591D7CBD74FD8CBC6
:10758000207DD9CB1F90DACB9F7CDBCBF350DCCBBB
:107590005158DDCBAF6EDECBBF5BDFCBC98BE0CB11
:1075A0008380E1CB7891E2CB9C84E3CB977BE4CBE7
:1075B0007D86E5CB8B96E6CB8F96E7CBE57EE8CB59
:1075C000D39AE9CB8E78EACB815CEBCB577AECCBC4
:1075D0004290EDCBA796EECB5F79EFCB595BF0CB2A
:1075E0005F63F1CB0B7BF2CBD184F3CBAD68F4CBF3
:1075F0000655F5CB297FF6CB1074F7CB227DF8CB5F
:107600000195F9CB4062FACB4C58FBCBD64EFCCB64
:10761000835BFDCB7959FECB545840CCF98541CCE6
:10762000FA8542CCFC8543CCFD8544CCFE8545CC17
:10763000008646CC018647CC028648CC038649CCDE
:1076400004864ACC06864BCC07864CCC08864DCCAB
:1076500009864ECC0A864FCC0B8650CC0C8651CC7A
:107660000D8652CC0E8653CC0F8654CC108655CC4A
:10767000128656CC138657CC148658CC158659CC16
:1076800017865ACC18865BCC19865CCC1A865DCCE2
:107690001B865ECC1C865FCC1D8660CC1E8661CCB2
:1076A0001F8662CC208663CC218664CC228665CC82
:1076B000238666CC248667CC258668CC268669CC52
:1076C00028866ACC2A866BCC2B866CCC2C866DCC1B
:1076D0002D866ECC2E866FCC2F8670CC308671CCEA
:1076E000318672CC328673CC338674CC348675CCBA
:1076F000358676CC368677CC378678CC398679CC89
:107700003A867ACC3B867BCC3D867CCC3E867DCC53
:107710003F867ECC408680CC418681CC428682CC1E
:10772000438683CC448684CC458685CC468686CCED
:10773000478687CC488688CC498689CC4A868ACCBD
:107740004B868BCC4C868CCC52868DCC53868ECC83
:1077500055868FCC568690CC578691CC588692CC45
:10776000598693CC5B8694CC5C8695CC5D8696CC12
:107770005F8697CC608698CC618699CC63869ACCDC
:1077800064869BCC65869CCC66869DCC67869ECCA9
:1077900068869FCC6986A0CC6A86A1CC6D73A2CC8A
:1077A0001E63A3CC4B8EA4CC0F8EA5CCCE80A6CCD2
:1077B000D482A7CCAC62A8CCF053A9CCF06CAACCF4
:1077C0005E91ABCC2A59ACCC0160ADCC706CAECC28
:1077D0004D57AFCC4A64B0CC2A8DB1CC2B76B2CC0D
:1077E000E96EB3CC5B57B4CC806AB5CCF075B6CC3F
:1077F0006D6FB7CC2D8CB8CC088CB9CC6657BACC91
:10780000EF6BBBCC9288BCCCB378BDCCA263BECCB2
:10781000F953BFCCAD70C0CC646CC1CC5858C2CC4D
:107820002A64C3CC0258C4CCE068C5CC9B81C6CCCA
:107830001055C7CCD67CC8CC1850C9CCBA8ECACC8F
:10784000CC6DCBCC9F8DCCCCEB70CDCC8F63CECC24
:107850009B6DCFCCD46ED0CCE67ED1CC0484D2CC80
:107860004368D3CC0390D4CCD86DD5CC7696D6CC07
:10787000A88BD7CC5759D8CC7972D9CCE485DACC3F
:107880007E81DBCCBC75DCCC8A8ADDCCAF68DECCFB
:107890005452DFCC228EE0CC1195E1CCD063E2CC07
:1078A0009898E3CC448EE4CC7C55E5CC534FE6CCA1
:1078B000FF66E7CC8F56E8CCD560E9CC956DEACC75
:1078C0004352EBCC495CECCC2959EDCCFB6DEECCB2
:1078D0006B58EFCC3075F0CC1C75F1CC6C60F2CCF1
:1078E0001482F3CC4681F4CC1163F5CC6167F6CCFD
:1078F000E28FF7CC3A77F8CCF38DF9CC348DFACC13
:10790000C194FBCC165EFCCC8553FDCC2C54FECC34
:10791000C37040CD6D8641CD6F8642CD708643CD1C
:10792000728644CD738645CD748646CD758647CD27
:10793000768648CD778649CD78864ACD83864BCDED
:1079400084864CCD85864DCD86864ECD87864FCD9F
:10795000888650CD898651CD8E8652CD8F8653CD67
:10796000908654CD918655CD928656CD948657CD2E
:10797000968658CD978659CD98865ACD99865BCDF7
:107980009A865CCD9B865DCD9E865ECD9F865FCDC3
:10799000A08660CDA18661CDA28662CDA58663CD8D
:1079A000A68664CDAB8665CDAD8666CDAE8667CD49
:1079B000B28668CDB38669CDB7866ACDB8866BCD01
:1079C000B9866CCDBB866DCDBC866ECDBD866FCDC8
:1079D000BE8670CDBF8671CDC18672CDC28673CD95
:1079E000C38674CDC58675CDC88676CDCC8677CD59
:1079F000CD8678CDD28679CDD3867ACDD5867BCD0E
:107A0000D6867CCDD7867DCDDA867ECDDC8680CDD0
:107A1000DD8681CDE08682CDE18683CDE28684CD90
:107A2000E38685CDE58686CDE68687CDE78688CD5B
:107A3000E88689CDEA868ACDEB868BCDEC868CCD27
:107A4000EF868DCDF5868ECDF6868FCDF78690CDDF
:107A5000FA8691CDFB8692CDFC8693CDFD8694CDA2
:107A6000FF8695CD018796CD048797CD058798CD64
:107A7000068799CD0B879ACD0C879BCD0E879CCD21
:107A80000F879DCD10879ECD11879FCD1487A0CDE8
:107A90001687A1CD406CA2CDF75EA3CD5C50A4CDDE
:107AA000AD4EA5CDAD5EA6CD3A63A7CD4782A8CD9C
:107AB0001A90A9CD5068AACD6E91ABCDB377ACCD5D
:107AC0000C54ADCDDC94AECD645FAFCDE57AB0CDD6
:107AD0007668B1CD4563B2CD527BB3CDDF7EB4CDF8
:107AE000DB75B5CD7750B6CD9562B7CD3459B8CDED
:107AF0000F90B9CDF851BACDC379BBCD817ABCCD49
:107B0000FE56BDCD925FBECD1490BFCD826DC0CD6F
:107B1000605CC1CD1F57C2CD1054C3CD5451C4CDEC
:107B20004D6EC5CDE256C6CDA863C7CD9398C8CDDE
:107B30007F81C9CD1587CACD2A89CBCD0090CCCD08
:107B40001E54CDCD6F5CCECDC081CFCDD662D0CD11
:107B50005862D1CD3181D2CD359ED3CD4096D4CD92
:107B60006E9AD5CD7C9AD6CD2D69D7CDA559D8CDD5
:107B7000D362D9CD3E55DACD1663DBCDC754DCCD0B
:107B8000D986DDCD3C6DDECD035ADFCDE674E0CD88
:107B90009C88E1CD6A6BE2CD1659E3CD4C8CE4CDE7
:107BA0002F5FE5CD7E6EE6CDA973E7CD7D98E8CD5C
:107BB000384EE9CDF770EACD8C5BEBCD9778ECCD04
:107BC0003D63EDCD5A66EECD9676EFCDCB60F0CD30
:107BD0009B5BF1CD495AF2CD074EF3CD5581F4CDE3
:107BE0006A6CF5CD8B73F6CDA14EF7CD8967F8CDD4
:107BF000517FF9CD805FFACDFA65FBCD1B67FCCDD7
:107C0000D85FFDCD8459FECD015A40CE198741CEB3
:107C10001B8742CE1D8743CE1F8744CE208745CE8B
:107C2000248746CE268747CE278748CE288749CE49
:107C30002A874ACE2B874BCE2C874CCE2D874DCE14
:107C40002F874ECE30874FCE328750CE338751CEDE
:107C5000358752CE368753CE388754CE398755CEA6
:107C60003A8756CE3C8757CE3D8758CE408759CE6F
:107C700041875ACE42875BCE43875CCE44875DCE38
:107C800045875ECE46875FCE4A8760CE4B8761CE02
:107C90004D8762CE4F8763CE508764CE518765CEC5
:107CA000528766CE548767CE558768CE568769CE91
:107CB00058876ACE5A876BCE5B876CCE5C876DCE59
:107CC0005D876ECE5E876FCE5F8770CE618771CE27
:107CD000628772CE668773CE678774CE688775CEEB
:107CE000698776CE6A8777CE6B8778CE6C8779CEB8
:107CF0006D877ACE6F877BCE71877CCE72877DCE83
:107D000073877ECE758780CE778781CE788782CE47
:107D1000798783CE7A8784CE7F8785CE808786CE0B
:107D2000818787CE848788CE868789CE87878ACECB
:107D300089878BCE8A878CCE8C878DCE8E878ECE90
:107D40008F878FCE908790CE918791CE928792CE5B
:107D5000948793CE958794CE968795CE988796CE26
:107D6000998797CE9A8798CE9B8799CE9C879ACEF3
:107D70009D879BCE9E879CCEA0879DCEA1879ECEC1
:107D8000A2879FCEA387A0CEA487A1CECD5DA2CE91
:107D9000AE5FA3CE7153A4CEE697A5CEDD8FA6CE5F
:107DA0004568A7CEF456A8CE2F55A9CEDF60AACE3F
:107DB0003A4EABCE4D6FACCEF47EADCEC782AECEDA
:107DC0000E84AFCED459B0CE1F4FB1CE2A4FB2CE13
:107DD0003E5CB3CEAC7EB4CE2A67B5CE1A85B6CEA5
:107DE0007354B7CE4F75B8CEC380B9CE8255BACED4
:107DF0004F9BBBCE4D4FBCCE2D6EBDCE138CBECE99
:107E0000095CBFCE7061C0CE6B53C1CE1F76C2CEAF
:107E1000296EC3CE8A86C4CE8765C5CEFB95C6CEF5
:107E2000B97EC7CE3B54C8CE337AC9CE0A7DCACEFE
:107E3000EE95CBCEE155CCCEC17FCDCEEE74CECE7D
:107E40001D63CFCE1787D0CEA16DD1CE9D7AD2CE75
:107E50001162D3CEA165D4CE6753D5CEE163D6CE21
:107E6000836CD7CEEB5DD8CE5C54D9CEA894DACE55
:107E70004C4EDBCE616CDCCEEC8BDDCE4B5CDECED3
:107E8000E065DFCE9C82E0CEA768E1CE3E54E2CE34
:107E90003454E3CECB6BE4CE666BE5CE944EE6CEA7
:107EA0004263E7CE4853E8CE1E82E9CE0D4FEACEBC
:107EB000AE4FEBCE5E57ECCE0A62EDCEFE96EECE26
:107EC0006466EFCE6972F0CEFF52F1CEA152F2CECF
:107ED0009F60F3CEEF8BF4CE1466F5CE9971F6CE9B
:107EE0009067F7CE7F89F8CE5278F9CEFD77FACE3B
:107EF0007066FBCE3B56FCCE3854FDCE2195FECEAF
:107F00007A7240CFA58741CFA68742CFA78743CFBC
:107F1000A98744CFAA8745CFAE8746CFB08747CF42
:107F2000B18748CFB28749CFB4874ACFB6874BCF06
:107F3000B7874CCFB8874DCFB9874ECFBB874FCFD0
:107F4000BC8750CFBE8751CFBF8752CFC18753CF99
:107F5000C28754CFC38755CFC48756CFC58757CF65
:107F6000C78758CFC88759CFC9875ACFCC875BCF2F
:107F7000CD875CCFCE875DCFCF875ECFD0875FCFF9
:107F8000D48760CFD58761CFD68762CFD78763CFBD
:107F9000D88764CFD98765CFDA8766CFDC8767CF8C
:107FA000DD8768CFDE8769CFDF876ACFE1876BCF58
:107FB000E2876CCFE3876DCFE4876ECFE6876FCF24
:107FC000E78770CFE88771CFE98772CFEB8773CFF0
:107FD000EC8774CFED8775CFEF8776CFF08777CFBB
:107FE000F18778CFF28779CFF3877ACFF4877BCF89
:107FF000F5877CCFF6877DCFF7877ECFF88780CF58
:10800000FA8781CFFB8782CFFC8783CFFD8784CF20
:10801000FF8785CF008886CF018887CF028888CFE9
:10802000048889CF05888ACF06888BCF07888CCFB4
:1080300008888DCF09888ECF0B888FCF0C8890CF82
:108040000D8891CF0E8892CF0F8893CF108894CF50
:10805000118895CF128896CF148897CF178898CF1C
:10806000188899CF19889ACF1A889BCF1C889CCFE3
:108070001D889DCF1E889ECF1F889FCF2088A0CFB0
:108080002388A1CF007AA2CF6F60A3CF0C5EA4CFCC
:108090008960A5CF9D81A6CF1559A7CFDC60A8CF59
:1080A0008471A9CFEF70AACFAA6EABCF506CACCFC2
:1080B0008072ADCF846AAECFAD88AFCF2D5EB0CF2A
:1080C000604EB1CFB35AB2CF9C55B3CFE394B4CF87
:1080D000176DB5CFFB7CB6CF9996B7CF0F62B8CFEF
:1080E000C67EB9CF8E77BACF7E86BBCF2353BCCFA7
:1080F0001E97BDCF968FBECF8766BFCFE15CC0CF46
:10810000A04FC1CFED72C2CF0B4EC3CFA653C4CF89
:108110000F59C5CF1354C6CF8063C7CF2895C8CF9A
:108120004851C9CFD94ECACF9C9CCBCFA47ECCCFCF
:10813000B854CDCF248DCECF5488CFCF3782D0CF77
:10814000F295D1CF8E6DD2CF265FD3CFCC5AD4CF7C
:108150003E66D5CF6996D6CFB073D7CF2E73D8CF22
:10816000BF53D9CF7A81DACF8599DBCFA17FDCCF1E
:10817000AA5BDDCF7796DECF5096DFCFBF7EE0CF14
:10818000F876E1CFA253E2CF7695E3CF9999E4CF89
:10819000B17BE5CF4489E6CF586EE7CF614EE8CF9B
:1081A000D47FE9CF6579EACFE68BEBCFF360ECCFF4
:1081B000CD54EDCFAB4EEECF7998EFCFF75DF0CF4A
:1081C000616AF1CFCF50F2CF1154F3CF618CF4CF6D
:1081D0002784F5CF5D78F6CF0497F7CF4A52F8CFD2
:1081E000EE54F9CFA356FACF0095FBCF886DFCCFA4
:1081F000B55BFDCFC66DFECF536640D0248841D01D
:10820000258842D0268843D0278844D0288845D066
:10821000298846D02A8847D02B8848D02C8849D036
:108220002D884AD02E884BD02F884CD030884DD006
:1082300031884ED033884FD0348850D0358851D0D3
:10824000368852D0378853D0388854D03A8855D0A1
:108250003B8856D03D8857D03E8858D03F8859D06B
:1082600041885AD042885BD043885CD046885DD034
:1082700047885ED048885FD0498860D04A8861D0FE
:108280004B8862D04E8863D04F8864D0508865D0C8
:10829000518866D0528867D0538868D0558869D095
:1082A00056886AD058886BD05A886CD05B886DD05D
:1082B0005C886ED05D886FD05E8870D05F8871D02A
:1082C000608872D0668873D0678874D06A8875D0E9
:1082D0006D8876D06F8877D0718878D0738879D0A0
:1082E00074887AD075887BD076887CD078887DD069
:1082F00079887ED07A8880D07B8881D07C8882D033
:10830000808883D0838884D0868885D0878886D0EB
:10831000898887D08A8888D08C8889D08E888AD0AE
:108320008F888BD090888CD091888DD093888ED078
:1083300094888FD0958890D0978891D0988892D043
:10834000998893D09A8894D09B8895D09D8896D010
:108350009E8897D09F8898D0A08899D0A1889AD0DD
:10836000A3889BD0A5889CD0A6889DD0A7889ED0A6
:10837000A8889FD0A988A0D0AA88A1D00F5CA2D03D
:108380005D5BA3D02168A4D09680A5D07855A6D0F7
:10839000117BA7D04865A8D05469A9D09B4EAAD01C
:1083A000476BABD04E87ACD08B97ADD04F53AED090
:1083B0001F63AFD03A64B0D0AA90B1D09C65B2D060
:1083C000C180B3D0108CB4D09951B5D0B068B6D0BC
:1083D0007853B7D0F987B8D0C861B9D0C46CBAD0D7
:1083E000FB6CBBD0228CBCD0515CBDD0AA85BED06A
:1083F000AF82BFD00C95C0D0236BC1D09B8FC2D0B1
:10840000B065C3D0FB5FC4D0C35FC5D0E14FC6D059
:108410004588C7D01F66C8D06581C9D02973CAD026
:10842000FA60CBD07451CCD01152CDD08B57CED076
:10843000625FCFD0A290D0D04C88D1D09291D2D0D0
:10844000785ED3D04F67D4D02760D5D0D359D6D05B
:108450004451D7D0F651D8D0F880D9D00853DAD0CB
:10846000796CDBD0C496DCD08A71DDD0114FDED0C0
:10847000EE4FDFD09E7FE0D03D67E1D0C555E2D022
:108480000895E3D0C079E4D09688E5D0E37EE6D0C5
:108490009F58E7D00C62E8D00097E9D05A86EAD01E
:1084A0001856EBD07B98ECD0905FEDD0B88BEED027
:1084B000C484EFD05791F0D0D953F1D0ED65F2D00C
:1084C0008F5EF3D05C75F4D06460F5D06E7DF6D02D
:1084D0007F5AF7D0EA7EF8D0ED7EF9D0698FFAD0D6
:1084E000A755FBD0A35BFCD0AC60FDD0CB65FED024
:1084F000847340D1AC8841D1AE8842D1AF8843D19A
:10850000B08844D1B28845D1B38846D1B48847D128
:10851000B58848D1B68849D1B8884AD1B9884BD1F5
:10852000BA884CD1BB884DD1BD884ED1BE884FD1C1
:10853000BF8850D1C08851D1C38852D1C48853D18B
:10854000C78854D1C88855D1CA8856D1CB8857D14D
:10855000CC8858D1CD8859D1CF885AD1D0885BD119
:10856000D1885CD1D3885DD1D6885ED1D7885FD1E0
:10857000DA8860D1DB8861D1DC8862D1DD8863D1A3
:10858000DE8864D1E08865D1E18866D1E68867D16C
:10859000E78868D1E98869D1EA886AD1EB886BD12C
:1085A000EC886CD1ED886DD1EE886ED1EF886FD1FB
:1085B000F28870D1F58871D1F68872D1F78873D1BD
:1085C000FA8874D1FB8875D1FD8876D1FF8877D180
:1085D000008978D1018979D103897AD104897BD145
:1085E00005897CD106897DD107897ED1088980D112
:1085F000098981D10B8982D10C8983D10D8984D1DC
:108600000E8985D10F8986D1118987D1148988D1A6
:10861000158989D116898AD117898BD118898CD16E
:108620001C898DD11D898ED11E898FD11F8990D132
:10863000208991D1228992D1238993D1248994D1FF
:10864000268995D1278996D1288997D1298998D1CA
:108650002C8999D12D899AD12E899BD12F899CD192
:1086600031899DD132899ED133899FD13589A0D15D
:108670003789A1D10990A2D16376A3D12977A4D15A
:10868000DA7EA5D17497A6D19B85A7D1665BA8D1C8
:10869000747AA9D1EA96AAD14088ABD1CB52ACD199
:1086A0008F71ADD1AA5FAED1EC65AFD1E28BB0D105
:1086B000FB5BB1D16F9AB2D1E15DB3D1896BB4D11B
:1086C0005B6CB5D1AD8BB6D1AF8BB7D10A90B8D1B9
:1086D000C58FB9D18B53BAD1BC62BBD1269EBCD158
:1086E0002D9EBDD14054BED12B4EBFD1BD82C0D135
:1086F0005972C1D19C86C2D1165DC3D15988C4D1EB
:10870000AF6DC5D1C596C6D1D154C7D19A4EC8D187
:10871000B68BC9D10971CAD1BD54CBD10996CCD180
:10872000DF70CDD1F96DCED1D076CFD1254ED0D15D
:108730001478D1D11287D2D1A95CD3D1F65ED4D12D
:10874000008AD5D19C98D6D10E96D7D18E70D8D12B
:10875000BF6CD9D14459DAD1A963DBD13C77DCD1E4
:108760004D88DDD1146FDED17382DFD13058E0D176
:10877000D571E1D18C53E2D11A78E3D1C196E4D11D
:108780000155E5D1665FE6D13071E7D1B45BE8D140
:108790001A8CE9D18C9AEAD1836BEBD12E59ECD1AA
:1087A0002F9EEDD1E779EED16867EFD16C62F0D101
:1087B0006F4FF1D1A175F2D18A7FF3D10B6DF4D156
:1087C0003396F5D1276CF6D1F04EF7D1D275F8D1AA
:1087D0007B51F9D13768FAD13E6FFBD18090FCD143
:1087E0007081FDD19659FED1767440D2388941D23C
:1087F000398942D23A8943D23B8944D23C8945D215
:108800003D8946D23E8947D23F8948D2408949D2E4
:1088100042894AD243894BD245894CD246894DD2AE
:1088200047894ED248894FD2498950D24A8951D27C
:108830004B8952D24C8953D24D8954D24E8955D24C
:108840004F8956D2508957D2518958D2528959D21C
:1088500053895AD254895BD255895CD256895DD2EC
:1088600057895ED258895FD2598960D25A8961D2BC
:108870005B8962D25C8963D25D8964D2608965D28A
:10888000618966D2628967D2638968D2648969D254
:1088900065896AD267896BD268896CD269896DD221
:1088A0006A896ED26B896FD26C8970D26D8971D2F0
:1088B0006E8972D26F8973D2708974D2718975D2C0
:1088C000728976D2738977D2748978D2758979D290
:1088D00076897AD277897BD278897CD279897DD260
:1088E0007A897ED27C8980D27D8981D27E8982D22A
:1088F000808983D2828984D2848985D2858986D2EF
:10890000878987D2888988D2898989D28A898AD2B7
:108910008B898BD28C898CD28D898DD28E898ED287
:108920008F898FD2908990D2918991D2928992D257
:10893000938993D2948994D2958995D2968996D227
:10894000978997D2988998D2998999D29A899AD2F7
:108950009B899BD29C899CD29D899DD29E899ED2C7
:108960009F899FD2A089A0D2A189A1D24764A2D217
:10897000275CA3D26590A4D2917AA5D2238CA6D2EB
:10898000DA59A7D2AC54A8D20082A9D26F83AAD256
:108990008189ABD20080ACD23069ADD24E56AED216
:1089A0003680AFD23772B0D2CE91B1D2B651B2D2F8
:1089B0005F4EB3D27598B4D29663B5D21A4EB6D282
:1089C000F653B7D2F366B8D24B81B9D21C59BAD29A
:1089D000B26DBBD2004EBCD2F958BDD23B53BED211
:1089E000D663BFD2F194C0D29D4FC1D20A4FC2D23A
:1089F0006388C3D29098C4D23759C5D25790C6D293
:108A0000FB79C7D2EA4EC8D2F080C9D29175CAD2DA
:108A1000826CCBD29C5BCCD2E859CDD25D5FCED2FA
:108A20000569CFD28186D0D21A50D1D2F25DD2D28E
:108A3000594ED3D2E377D4D2E54ED5D27A82D6D26C
:108A40009162D7D21366D8D29190D9D2795CDAD21A
:108A5000BF4EDBD2795FDCD2C681DDD23890DED268
:108A60008480DFD2AB75E0D2A64EE1D2D488E2D2C8
:108A70000F61E3D2C56BE4D2C65FE5D2494EE6D2C0
:108A8000CA76E7D2A26EE8D2E38BE9D2AE8BEAD205
:108A90000A8CEBD2D18BECD2025FEDD2FC7FEED20E
:108AA000CC7FEFD2CE7EF0D23583F1D26B83F2D27F
:108AB000E056F3D2B76BF4D2F397F5D23496F6D2F0
:108AC000FB59F7D21F54F8D2F694F9D2EB6DFAD2D3
:108AD000C55BFBD26E99FCD2395CFDD2155FFED22C
:108AE000909640D3A28941D3A38942D3A48943D38A
:108AF000A58944D3A68945D3A78946D3A88947D356
:108B0000A98948D3AA8949D3AB894AD3AC894BD325
:108B1000AD894CD3AE894DD3AF894ED3B0894FD3F5
:108B2000B18950D3B28951D3B38952D3B48953D3C5
:108B3000B58954D3B68955D3B78956D3B88957D395
:108B4000B98958D3BA8959D3BB895AD3BC895BD365
:108B5000BD895CD3BE895DD3BF895ED3C0895FD335
:108B6000C38960D3CD8961D3D38962D3D48963D3D8
:108B7000D58964D3D78965D3D88966D3D98967D392
:108B8000DB8968D3DD8969D3DF896AD3E0896BD358
:108B9000E1896CD3E2896DD3E4896ED3E7896FD321
:108BA000E88970D3E98971D3EA8972D3EC8973D3E8
:108BB000ED8974D3EE8975D3F08976D3F18977D3B3
:108BC000F28978D3F48979D3F5897AD3F6897BD37E
:108BD000F7897CD3F8897DD3F9897ED3FA8980D34C
:108BE000FB8981D3FC8982D3FD8983D3FE8984D319
:108BF000FF8985D3018A86D3028A87D3038A88D3E3
:108C0000048A89D3058A8AD3068A8BD3088A8CD3AF
:108C1000098A8DD30A8A8ED30B8A8FD30C8A90D37C
:108C20000D8A91D30E8A92D30F8A93D3108A94D34C
:108C3000118A95D3128A96D3138A97D3148A98D31C
:108C4000158A99D3168A9AD3178A9BD3188A9CD3EC
:108C5000198A9DD31A8A9ED31B8A9FD31C8AA0D3BC
:108C60001D8AA1D37053A2D3F182A3D3316AA4D3B6
:108C7000745AA5D3709EA6D3945EA7D3287FA8D399
:108C8000B983A9D32484AAD32584ABD36783ACD377
:108C90004787ADD3CE8FAED3628DAFD3C876B0D376
:108CA000715FB1D39698B2D36C78B3D32066B4D346
:108CB000DF54B5D3E562B6D3634FB7D3C381B8D31E
:108CC000C875B9D3B85EBAD3CD96BBD30A8EBCD320
:108CD000F986BDD38F54BED3F36CBFD38C6DC0D394
:108CE000386CC1D37F60C2D3C752C3D32875C4D3F5
:108CF0007D5EC5D3184FC6D3A060C7D3E75FC8D386
:108D0000245CC9D33175CAD3AE90CBD3C094CCD335
:108D1000B972CDD3B96CCED3386ECFD34991D0D3FD
:108D20000967D1D3CB53D2D3F353D3D3514FD4D339
:108D3000C991D5D3F18BD6D3C853D7D37C5ED8D3C2
:108D4000C28FD9D3E46DDAD38E4EDBD3C276DCD3B7
:108D50008669DDD35E86DED31A61DFD30682E0D377
:108D6000594FE1D3DE4FE2D33E90E3D37C9CE4D372
:108D70000961E5D31D6EE6D3146EE7D38596E8D37B
:108D8000884EE9D3315AEAD3E896EBD30E4EECD3B2
:108D90007F5CEDD3B979EED3875BEFD3ED8BF0D366
:108DA000BD7FF1D38973F2D3DF57F3D38B82F4D332
:108DB000C190F5D30154F6D34790F7D3BB55F8D300
:108DC000EA5CF9D3A15FFAD30861FBD3326BFCD321
:108DD000F172FDD3B280FED3898A40D41E8A41D479
:108DE0001F8A42D4208A43D4218A44D4228A45D47B
:108DF000238A46D4248A47D4258A48D4268A49D44B
:108E0000278A4AD4288A4BD4298A4CD42A8A4DD41A
:108E10002B8A4ED42C8A4FD42D8A50D42E8A51D4EA
:108E20002F8A52D4308A53D4318A54D4328A55D4BA
:108E3000338A56D4348A57D4358A58D4368A59D48A
:108E4000378A5AD4388A5BD4398A5CD43A8A5DD45A
:108E50003B8A5ED43C8A5FD43D8A60D43F8A61D429
:108E6000408A62D4418A63D4428A64D4438A65D4F6
:108E7000448A66D4458A67D4468A68D4478A69D4C6
:108E8000498A6AD44A8A6BD44B8A6CD44C8A6DD492
:108E90004D8A6ED44E8A6FD44F8A70D4508A71D462
:108EA000518A72D4528A73D4538A74D4548A75D432
:108EB000558A76D4568A77D4578A78D4588A79D402
:108EC000598A7AD45A8A7BD45B8A7CD45C8A7DD4D2
:108ED0005D8A7ED45E8A80D45F8A81D4608A82D49F
:108EE000618A83D4628A84D4638A85D4648A86D46E
:108EF000658A87D4668A88D4678A89D4688A8AD43E
:108F0000698A8BD46A8A8CD46B8A8DD46C8A8ED40D
:108F10006D8A8FD46E8A90D46F8A91D4708A92D4DD
:108F2000718A93D4728A94D4738A95D4748A96D4AD
:108F3000758A97D4768A98D4778A99D4788A9AD47D
:108F40007A8A9BD47B8A9CD47C8A9DD47D8A9ED449
:108F50007E8A9FD47F8AA0D4808AA1D4746DA2D443
:108F6000D35BA3D4D588A4D48498A5D46B8CA6D481
:108F70006D9AA7D4339EA8D40A6EA9D4A451AAD4BA
:108F80004351ABD4A357ACD48188ADD49F53AED456
:108F9000F463AFD4958FB0D4ED56B1D45854B2D455
:108FA0000657B3D43F73B4D4906EB5D4187FB6D4FB
:108FB000DC8FB7D4D182B8D43F61B9D42860BAD499
:108FC0006296BBD4F066BCD4A67EBDD48A8DBED4D6
:108FD000C38DBFD4A594C0D4B35CC1D4A47CC2D487
:108FE0000867C3D4A660C4D40596C5D41880C6D477
:108FF000914EC7D4E790C8D40053C9D46896CAD458
:109000004151CBD4D08FCCD47485CDD45D91CED406
:109010005566CFD4F597D0D4555BD1D41D53D2D457
:109020003878D3D44267D4D43D68D5D4C954D6D483
:109030007E70D7D4B05BD8D47D8FD9D48D51DAD49B
:109040002857DBD4B154DCD41265DDD48266DED47B
:109050005E8DDFD4438DE0D40F81E1D46C84E2D403
:109060006D90E3D4DF7CE4D4FF51E5D4FB85E6D4F6
:10907000A367E7D4E965E8D4A16FE9D4A486EAD46C
:10908000818EEBD46A56ECD42090EDD48276EED467
:109090007670EFD4E571F0D4238DF1D4E962F2D487
:1090A0001952F3D4FD6CF4D43C8DF5D40E60F6D493
:1090B0009E58F7D48E61F8D4FE66F9D4608DFAD448
:1090C0004E62FBD4B355FCD4236EFDD42D67FED481
:1090D000678F40D5818A41D5828A42D5838A43D51C
:1090E000848A44D5858A45D5868A46D5878A47D5D8
:1090F000888A48D58B8A49D58C8A4AD58D8A4BD5A2
:109100008E8A4CD58F8A4DD5908A4ED5918A4FD56F
:10911000928A50D5948A51D5958A52D5968A53D53C
:10912000978A54D5988A55D5998A56D59A8A57D50B
:109130009B8A58D59C8A59D59D8A5AD59E8A5BD5DB
:109140009F8A5CD5A08A5DD5A18A5ED5A28A5FD5AB
:10915000A38A60D5A48A61D5A58A62D5A68A63D57B
:10916000A78A64D5A88A65D5A98A66D5AA8A67D54B
:10917000AB8A68D5AC8A69D5AD8A6AD5AE8A6BD51B
:10918000AF8A6CD5B08A6DD5B18A6ED5B28A6FD5EB
:10919000B38A70D5B48A71D5B58A72D5B68A73D5BB
:1091A000B78A74D5B88A75D5B98A76D5BA8A77D58B
:1091B000BB8A78D5BC8A79D5BD8A7AD5BE8A7BD55B
:1091C000BF8A7CD5C08A7DD5C18A7ED5C28A80D52A
:1091D000C38A81D5C48A82D5C58A83D5C68A84D5F7
:1091E000C78A85D5C88A86D5C98A87D5CA8A88D5C7
:1091F000CB8A89D5CC8A8AD5CD8A8BD5CE8A8CD597
:10920000CF8A8DD5D08A8ED5D18A8FD5D28A90D566
:10921000D38A91D5D48A92D5D58A93D5D68A94D536
:10922000D78A95D5D88A96D5D98A97D5DA8A98D506
:10923000DB8A99D5DC8A9AD5DD8A9BD5DE8A9CD5D6
:10924000DF8A9DD5E08A9ED5E18A9FD5E28AA0D5A6
:10925000E38AA1D5E194A2D5F895A3D52877A4D522
:109260000568A5D5A869A6D58B54A7D54D4EA8D518
:10927000B870A9D5C88BAAD55864ABD58B65ACD5C9
:10928000855BADD5847AAED53A50AFD5E85BB0D525
:10929000BB77B1D5E16BB2D5798AB3D5987CB4D51B
:1092A000BE6CB5D5CF76B6D5A965B7D5978FB8D5ED
:1092B0002D5DB9D5555CBAD53886BBD50868BCD507
:1092C0006053BDD51862BED5D97ABFD55B6EC0D507
:1092D000FD7EC1D51F6AC2D5E07AC3D5705FC4D503
:1092E000336FC5D5205FC6D58C63C7D5A86DC8D5EB
:1092F0005667C9D5084ECAD5105ECBD5268DCCD5BC
:10930000D74ECDD5C080CED53476CFD59C96D0D58E
:10931000DB62D1D52D66D2D57E62D3D5BC6CD4D5D7
:10932000758DD5D56771D6D5697FD7D54651D8D536
:109330008780D9D5EC53DAD56E90DBD59862DCD531
:10934000F254DDD5F086DED5998FDFD50580E0D5E6
:109350001795E1D51785E2D5D98FE3D5596DE4D5B9
:10936000CD73E5D59F65E6D51F77E7D50475E8D5BC
:109370002778E9D5FB81EAD51E8DEBD58894ECD50D
:10938000A64FEDD59567EED5B975EFD5CA8BF0D55B
:109390000797F1D52F63F2D54795F3D53596F4D5D8
:1093A000B884F5D52363F6D54177F7D5815FF8D535
:1093B000F072F9D5894EFAD51460FBD57465FCD5E9
:1093C000EF62FDD5636BFED53F6540D6E48A41D69A
:1093D000E58A42D6E68A43D6E78A44D6E88A45D665
:1093E000E98A46D6EA8A47D6EB8A48D6EC8A49D635
:1093F000ED8A4AD6EE8A4BD6EF8A4CD6F08A4DD605
:10940000F18A4ED6F28A4FD6F38A50D6F48A51D6D4
:10941000F58A52D6F68A53D6F78A54D6F88A55D6A4
:10942000F98A56D6FA8A57D6FB8A58D6FC8A59D674
:10943000FD8A5AD6FE8A5BD6FF8A5CD6008B5DD643
:10944000018B5ED6028B5FD6038B60D6048B61D610
:10945000058B62D6068B63D6088B64D6098B65D6DE
:109460000A8B66D60B8B67D60C8B68D60D8B69D6AC
:109470000E8B6AD60F8B6BD6108B6CD6118B6DD67C
:10948000128B6ED6138B6FD6148B70D6158B71D64C
:10949000168B72D6178B73D6188B74D6198B75D61C
:1094A0001A8B76D61B8B77D61C8B78D61D8B79D6EC
:1094B0001E8B7AD61F8B7BD6208B7CD6218B7DD6BC
:1094C000228B7ED6238B80D6248B81D6258B82D689
:1094D000278B83D6288B84D6298B85D62A8B86D654
:1094E0002B8B87D62C8B88D62D8B89D62E8B8AD624
:1094F0002F8B8BD6308B8CD6318B8DD6328B8ED6F4
:10950000338B8FD6348B90D6358B91D6368B92D6C3
:10951000378B93D6388B94D6398B95D63A8B96D693
:109520003B8B97D63C8B98D63D8B99D63E8B9AD663
:109530003F8B9BD6408B9CD6418B9DD6428B9ED633
:10954000438B9FD6448BA0D6458BA1D6275EA2D64F
:10955000C775A3D6D190A4D6C18BA5D69D82A6D619
:109560009D67A7D62F65A8D63154A9D61887AAD645
:10957000E577ABD6A280ACD60281ADD6416CAED633
:109580004B4EAFD6C77EB0D64C80B1D6F476B2D6AD
:109590000D69B3D6966BB4D66762B5D63C50B6D6D5
:1095A000844FB7D64057B8D60763B9D6626BBAD6E0
:1095B000BE8DBBD6EA53BCD6E865BDD6B87EBED656
:1095C000D75FBFD61A63C0D6B763C1D6F381C2D600
:1095D000F481C3D66E7FC4D61C5EC5D6D95CC6D610
:1095E0003652C7D67A66C8D6E979C9D61A7ACAD6A3
:1095F000288DCBD69970CCD6D475CDD6DE6ECED68E
:10960000BB6CCFD6927AD0D62D4ED1D6C576D2D6D7
:10961000E05FD3D69F94D4D67788D5D6C87ED6D6E9
:10962000CD79D7D6BF80D8D6CD91D9D6F24EDAD65D
:10963000174FDBD61F82DCD66854DDD6DE5DDED662
:10964000326DDFD6CC8BE0D6A57CE1D6748FE2D626
:109650009880E3D61A5EE4D69254E5D6B176E6D683
:10966000995BE7D63C66E8D6A49AE9D6E073EAD6D9
:109670002A68EBD6DB86ECD63167EDD62A73EED6B8
:10968000F88BEFD6DB8BF0D61090F1D6F97AF2D6C4
:10969000DB70F3D66E71F4D6C462F5D6A977F6D630
:1096A0003156F7D63B4EF8D65784F9D6F167FAD63D
:1096B000A952FBD6C086FCD62E8DFDD6F894FED6D8
:1096C000517B40D7468B41D7478B42D7488B43D7F6
:1096D000498B44D74A8B45D74B8B46D74C8B47D7C2
:1096E0004D8B48D74E8B49D74F8B4AD7508B4BD792
:1096F000518B4CD7528B4DD7538B4ED7548B4FD762
:10970000558B50D7568B51D7578B52D7588B53D731
:10971000598B54D75A8B55D75B8B56D75C8B57D701
:109720005D8B58D75E8B59D75F8B5AD7608B5BD7D1
:10973000618B5CD7628B5DD7638B5ED7648B5FD7A1
:10974000658B60D7678B61D7688B62D7698B63D76E
:109750006A8B64D76B8B65D76D8B66D76E8B67D73B
:109760006F8B68D7708B69D7718B6AD7728B6BD709
:10977000738B6CD7748B6DD7758B6ED7768B6FD7D9
:10978000778B70D7788B71D7798B72D77A8B73D7A9
:109790007B8B74D77C8B75D77D8B76D77E8B77D779
:1097A0007F8B78D7808B79D7818B7AD7828B7BD749
:1097B000838B7CD7848B7DD7858B7ED7868B80D718
:1097C000878B81D7888B82D7898B83D78A8B84D7E5
:1097D0008B8B85D78C8B86D78D8B87D78E8B88D7B5
:1097E0008F8B89D7908B8AD7918B8BD7928B8CD785
:1097F000938B8DD7948B8ED7958B8FD7968B90D755
:10980000978B91D7988B92D7998B93D79A8B94D724
:109810009B8B95D79C8B96D79D8B97D79E8B98D7F4
:109820009F8B99D7AC8B9AD7B18B9BD7BB8B9CD78F
:10983000C78B9DD7D08B9ED7EA8B9FD7098CA0D79B
:109840001E8CA1D74F4FA2D7E86CA3D75D79A4D7C0
:109850007B9AA5D79362A6D72A72A7D7FD62A8D70D
:10986000134EA9D71678AAD76C8FABD7B064ACD7F4
:109870005A8DADD7C67BAED76968AFD7845EB0D7F7
:10988000C588B1D78659B2D79E64B3D7EE58B4D73E
:10989000B672B5D70E69B6D72595B7D7FD8FB8D7AD
:1098A000588DB9D76057BAD7007FBBD7068CBCD7C5
:1098B000C651BDD74963BED7D962BFD75353C0D7AE
:1098C0004C68C1D72274C2D70183C3D74C91C4D787
:1098D0004455C5D74077C6D77C70C7D74A6DC8D71F
:1098E0007951C9D7A854CAD7448DCBD7FF59CCD703
:1098F000CB6ECDD7C46DCED75C5BCFD72B7DD0D709
:10990000D44ED1D77D7CD2D7D36ED3D7505BD4D7AA
:10991000EA81D5D70D6ED6D7575BD7D7039BD8D75B
:10992000D568D9D72A8EDAD7975BDBD7FC7EDCD710
:109930003B60DDD7B57EDED7B990DFD7708DE0D73D
:109940004F59E1D7CD63E2D7DF79E3D7B38DE4D7C1
:109950005253E5D7CF65E6D75679E7D7C58BE8D719
:109960003B96E9D7C47EEAD7BB94EBD7827EECD78F
:109970003456EDD78991EED70067EFD76A7FF0D7DD
:109980000A5CF1D77590F2D72866F3D7E65DF4D775
:10999000504FF5D7DE67F6D75A50F7D75C4FF8D758
:1099A0005057F9D7A75E40D8388C41D8398C42D867
:1099B0003A8C43D83B8C44D83C8C45D83D8C46D817
:1099C0003E8C47D83F8C48D8408C49D8428C4AD8E6
:1099D000438C4BD8448C4CD8458C4DD8488C4ED8B1
:1099E0004A8C4FD84B8C50D84D8C51D84E8C52D875
:1099F0004F8C53D8508C54D8518C55D8528C56D843
:109A0000538C57D8548C58D8568C59D8578C5AD810
:109A1000588C5BD8598C5CD85B8C5DD85C8C5ED8DC
:109A20005D8C5FD85E8C60D85F8C61D8608C62D8AA
:109A3000638C63D8648C64D8658C65D8668C66D872
:109A4000678C67D8688C68D8698C69D86C8C6AD840
:109A50006D8C6BD86E8C6CD86F8C6DD8708C6ED80A
:109A6000718C6FD8728C70D8748C71D8758C72D8D8
:109A7000768C73D8778C74D87B8C75D87C8C76D8A0
:109A80007D8C77D87E8C78D87F8C79D8808C7AD86A
:109A9000818C7BD8838C7CD8848C7DD8868C7ED836
:109AA000878C80D8888C81D88B8C82D88D8C83D8F9
:109AB0008E8C84D88F8C85D8908C86D8918C87D8C2
:109AC000928C88D8938C89D8958C8AD8968C8BD890
:109AD000978C8CD8998C8DD89A8C8ED89B8C8FD85B
:109AE0009C8C90D89D8C91D89E8C92D89F8C93D82A
:109AF000A08C94D8A18C95D8A28C96D8A38C97D8FA
:109B0000A48C98D8A58C99D8A68C9AD8A78C9BD8C9
:109B1000A88C9CD8A98C9DD8AA8C9ED8AB8C9FD899
:109B2000AC8CA0D8AD8CA1D88D4EA2D80C4EA3D8A9
:109B30004051A4D8104EA5D8FF5EA6D84553A7D84B
:109B4000154EA8D8984EA9D81E4EAAD8329BABD88D
:109B50006C5BACD86956ADD8284EAED8BA79AFD8C0
:109B60003F4EB0D81553B1D8474EB2D82D59B3D8BF
:109B70003B72B4D86E53B5D8106CB6D8DF56B7D890
:109B8000E480B8D89799B9D8D36BBAD87E77BBD8C8
:109B9000179FBCD8364EBDD89F4EBED8109FBFD899
:109BA0005C4EC0D8694EC1D8934EC2D88882C3D803
:109BB0005B5BC4D86C55C5D80F56C6D8C44EC7D841
:109BC0008D53C8D89D53C9D8A353CAD8A553CBD851
:109BD000AE53CCD86597CDD85D8DCED81A53CFD89B
:109BE000F553D0D82653D1D82E53D2D83E53D3D8FC
:109BF0005C8DD4D86653D5D86353D6D80252D7D803
:109C00000852D8D80E52D9D82D52DAD83352DBD8D0
:109C10003F52DCD84052DDD84C52DED85E52DFD8FD
:109C20006152E0D85C52E1D8AF84E2D87D52E3D8EB
:109C30008252E4D88152E5D89052E6D89352E7D8C0
:109C40008251E8D8547FE9D8BB4EEAD8C34EEBD84E
:109C5000C94EECD8C24EEDD8E84EEED8E14EEFD862
:109C6000EB4EF0D8DE4EF1D81B4FF2D8F34EF3D8BE
:109C7000224FF4D8644FF5D8F54EF6D8254FF7D8D3
:109C8000274FF8D8094FF9D82B4FFAD85E4FFBD899
:109C9000674FFCD83865FDD85A4FFED85D4F40D984
:109CA000AE8C41D9AF8C42D9B08C43D9B18C44D958
:109CB000B28C45D9B38C46D9B48C47D9B58C48D928
:109CC000B68C49D9B78C4AD9B88C4BD9B98C4CD9F8
:109CD000BA8C4DD9BB8C4ED9BC8C4FD9BD8C50D9C8
:109CE000BE8C51D9BF8C52D9C08C53D9C18C54D998
:109CF000C28C55D9C38C56D9C48C57D9C58C58D968
:109D0000C68C59D9C78C5AD9C88C5BD9C98C5CD937
:109D1000CA8C5DD9CB8C5ED9CC8C5FD9CD8C60D907
:109D2000CE8C61D9CF8C62D9D08C63D9D18C64D9D7
:109D3000D28C65D9D38C66D9D48C67D9D58C68D9A7
:109D4000D68C69D9D78C6AD9D88C6BD9D98C6CD977
:109D5000DA8C6DD9DB8C6ED9DC8C6FD9DD8C70D947
:109D6000DE8C71D9DF8C72D9E08C73D9E18C74D917
:109D7000E28C75D9E38C76D9E48C77D9E58C78D9E7
:109D8000E68C79D9E78C7AD9E88C7BD9E98C7CD9B7
:109D9000EA8C7DD9EB8C7ED9EC8C80D9ED8C81D985
:109DA000EE8C82D9EF8C83D9F08C84D9F18C85D953
:109DB000F28C86D9F38C87D9F48C88D9F58C89D923
:109DC000F68C8AD9F78C8BD9F88C8CD9F98C8DD9F3
:109DD000FA8C8ED9FB8C8FD9FC8C90D9FD8C91D9C3
:109DE000FE8C92D9FF8C93D9008D94D9018D95D991
:109DF000028D96D9038D97D9048D98D9058D99D95F
:109E0000068D9AD9078D9BD9088D9CD9098D9DD92E
:109E10000A8D9ED90B8D9FD90C8DA0D90D8DA1D9FE
:109E20005F4FA2D9574FA3D9324FA4D93D4FA5D9DF
:109E3000764FA6D9744FA7D9914FA8D9894FA9D9E0
:109E4000834FAAD98F4FABD97E4FACD97B4FADD9B9
:109E5000AA4FAED97C4FAFD9AC4FB0D9944FB1D93E
:109E6000E64FB2D9E84FB3D9EA4FB4D9C54FB5D907
:109E7000DA4FB6D9E34FB7D9DC4FB8D9D14FB9D9FA
:109E8000DF4FBAD9F84FBBD92950BCD94C50BDD9F6
:109E9000F34FBED92C50BFD90F50C0D92E50C1D9C5
:109EA0002D50C2D9FE4FC3D91C50C4D90C50C5D9AE
:109EB0002550C6D92850C7D97E50C8D94350C9D9D2
:109EC0005550CAD94850CBD94E50CCD96C50CDD969
:109ED0007B50CED9A550CFD9A750D0D9A950D1D930
:109EE000BA50D2D9D650D3D90651D4D9ED50D5D9FC
:109EF000EC50D6D9E650D7D9EE50D8D90751D9D998
:109F00000B51DAD9DD4EDBD93D6CDCD9584FDDD9A8
:109F1000654FDED9CE4FDFD9A09FE0D9466CE1D99D
:109F2000747CE2D96E51E3D9FD5DE4D9C99EE5D9CF
:109F30009899E6D98151E7D91459E8D9F952E9D964
:109F40000D53EAD9078AEBD91053ECD9EB51EDD96F
:109F50001959EED95551EFD9A04EF0D95651F1D932
:109F6000B34EF2D96E88F3D9A488F4D9B54EF5D999
:109F70001481F6D9D288F7D98079F8D9345BF9D928
:109F80000388FAD9B87FFBD9AB51FCD9B151FDD9BF
:109F9000BD51FED9BC5140DA0E8D41DA0F8D42DA47
:109FA000108D43DA118D44DA128D45DA138D46DABD
:109FB000148D47DA158D48DA168D49DA178D4ADA8D
:109FC000188D4BDA198D4CDA1A8D4DDA1B8D4EDA5D
:109FD0001C8D4FDA208D50DA518D51DA528D52DAC4
:109FE000578D53DA5F8D54DA658D55DA688D56DA00
:109FF000698D57DA6A8D58DA6C8D59DA6E8D5ADAB6
:10A000006F8D5BDA718D5CDA728D5DDA788D5EDA78
:10A01000798D5FDA7A8D60DA7B8D61DA7C8D62DA38
:10A020007D8D63DA7E8D64DA7F8D65DA808D66DA08
:10A03000828D67DA838D68DA868D69DA878D6ADAD0
:10A04000888D6BDA898D6CDA8C8D6DDA8D8D6EDA98
:10A050008E8D6FDA8F8D70DA908D71DA928D72DA63
:10A06000938D73DA958D74DA968D75DA978D76DA2D
:10A07000988D77DA998D78DA9A8D79DA9B8D7ADAFC
:10A080009C8D7BDA9D8D7CDA9E8D7DDAA08D7EDACB
:10A09000A18D80DAA28D81DAA48D82DAA58D83DA92
:10A0A000A68D84DAA78D85DAA88D86DAA98D87DA60
:10A0B000AA8D88DAAB8D89DAAC8D8ADAAD8D8BDA30
:10A0C000AE8D8CDAAF8D8DDAB08D8EDAB28D8FDAFF
:10A0D000B68D90DAB78D91DAB98D92DABB8D93DABD
:10A0E000BD8D94DAC08D95DAC18D96DAC28D97DA7E
:10A0F000C58D98DAC78D99DAC88D9ADAC98D9BDA41
:10A10000CA8D9CDACD8D9DDAD08D9EDAD28D9FDA04
:10A11000D38DA0DAD48DA1DAC751A2DA9651A3DA91
:10A12000A251A4DAA551A5DAA08BA6DAA68BA7DAEC
:10A13000A78BA8DAAA8BA9DAB48BAADAB58BABDA2B
:10A14000B78BACDAC28BADDAC38BAEDACB8BAFDABE
:10A15000CF8BB0DACE8BB1DAD28BB2DAD38BB3DA63
:10A16000D48BB4DAD68BB5DAD88BB6DAD98BB7DA2A
:10A17000DC8BB8DADF8BB9DAE08BBADAE48BBBDAE6
:10A18000E88BBCDAE98BBDDAEE8BBEDAF08BBFDA96
:10A19000F38BC0DAF68BC1DAF98BC2DAFC8BC3DA47
:10A1A000FF8BC4DA008CC5DA028CC6DA048CC7DAFD
:10A1B000078CC8DA0C8CC9DA0F8CCADA118CCBDAAE
:10A1C000128CCCDA148CCDDA158CCEDA168CCFDA70
:10A1D000198CD0DA1B8CD1DA188CD2DA1D8CD3DA38
:10A1E0001F8CD4DA208CD5DA218CD6DA258CD7DAFC
:10A1F000278CD8DA2A8CD9DA2B8CDADA2E8CDBDAB7
:10A200002F8CDCDA328CDDDA338CDEDA358CDFDA77
:10A21000368CE0DA6953E1DA7A53E2DA1D96E3DA52
:10A220002296E4DA2196E5DA3196E6DA2A96E7DA3A
:10A230003D96E8DA3C96E9DA4296EADA4996EBDAB4
:10A240005496ECDA5F96EDDA6796EEDA6C96EFDA12
:10A250007296F0DA7496F1DA8896F2DA8D96F3DA7D
:10A260009796F4DAB096F5DA9790F6DA9B90F7DAEB
:10A270009D90F8DA9990F9DAAC90FADAA190FBDACD
:10A28000B490FCDAB390FDDAB690FEDABA9040DB17
:10A29000D58D41DBD88D42DBD98D43DBDC8D44DBB2
:10A2A000E08D45DBE18D46DBE28D47DBE58D48DB6C
:10A2B000E68D49DBE78D4ADBE98D4BDBED8D4CDB31
:10A2C000EE8D4DDBF08D4EDBF18D4FDBF28D50DBF3
:10A2D000F48D51DBF68D52DBFC8D53DBFE8D54DBB0
:10A2E000FF8D55DB008E56DB018E57DB028E58DB6F
:10A2F000038E59DB048E5ADB068E5BDB078E5CDB3C
:10A30000088E5DDB0B8E5EDB0D8E5FDB0E8E60DB01
:10A31000108E61DB118E62DB128E63DB138E64DBC9
:10A32000158E65DB168E66DB178E67DB188E68DB95
:10A33000198E69DB1A8E6ADB1B8E6BDB1C8E6CDB65
:10A34000208E6DDB218E6EDB248E6FDB258E70DB25
:10A35000268E71DB278E72DB288E73DB2B8E74DBEF
:10A360002D8E75DB308E76DB328E77DB338E78DBAD
:10A37000348E79DB368E7ADB378E7BDB388E7CDB76
:10A380003B8E7DDB3C8E7EDB3E8E80DB3F8E81DB39
:10A39000438E82DB458E83DB468E84DB4C8E85DBF1
:10A3A0004D8E86DB4E8E87DB4F8E88DB508E89DBB1
:10A3B000538E8ADB548E8BDB558E8CDB568E8DDB79
:10A3C000578E8EDB588E8FDB5A8E90DB5B8E91DB47
:10A3D0005C8E92DB5D8E93DB5E8E94DB5F8E95DB15
:10A3E000608E96DB618E97DB628E98DB638E99DBE5
:10A3F000648E9ADB658E9BDB678E9CDB688E9DDBB3
:10A400006A8E9EDB6B8E9FDB6E8EA0DB718EA1DB76
:10A41000B890A2DBB090A3DBCF90A4DBC590A5DB06
:10A42000BE90A6DBD090A7DBC490A8DBC790A9DBC9
:10A43000D390AADBE690ABDBE290ACDBDC90ADDB4B
:10A44000D790AEDBDB90AFDBEB90B0DBEF90B1DB16
:10A45000FE90B2DB0491B3DB2291B4DB1E91B5DB3D
:10A460002391B6DB3191B7DB2F91B8DB3991B9DBA2
:10A470004391BADB4691BBDB0D52BCDB4259BDDBDD
:10A48000A252BEDBAC52BFDBAD52C0DBBE52C1DB61
:10A49000FF54C2DBD052C3DBD652C4DBF052C5DB63
:10A4A000DF53C6DBEE71C7DBCD77C8DBF45EC9DBFB
:10A4B000F551CADBFC51CBDB2F9BCCDBB653CDDB9C
:10A4C000015FCEDB5A75CFDBEF5DD0DB4C57D1DBC4
:10A4D000A957D2DBA157D3DB7E58D4DBBC58D5DBE0
:10A4E000C558D6DBD158D7DB2957D8DB2C57D9DB59
:10A4F0002A57DADB3357DBDB3957DCDB2E57DDDB62
:10A500002F57DEDB5C57DFDB3B57E0DB4257E1DBFD
:10A510006957E2DB8557E3DB6B57E4DB8657E5DB06
:10A520007C57E6DB7B57E7DB6857E8DB6D57E9DBF9
:10A530007657EADB7357EBDBAD57ECDBA457EDDB6B
:10A540008C57EEDBB257EFDBCF57F0DBA757F1DBD1
:10A55000B457F2DB9357F3DBA057F4DBD557F5DBA9
:10A56000D857F6DBDA57F7DBD957F8DBD257F9DBE8
:10A57000B857FADBF457FBDBEF57FCDBF857FDDB92
:10A58000E457FEDBDD5740DC738E41DC758E42DC28
:10A59000778E43DC788E44DC798E45DC7A8E46DC1F
:10A5A0007B8E47DC7D8E48DC7E8E49DC808E4ADCEB
:10A5B000828E4BDC838E4CDC848E4DDC868E4EDCB2
:10A5C000888E4FDC898E50DC8A8E51DC8B8E52DC7B
:10A5D0008C8E53DC8D8E54DC8E8E55DC918E56DC49
:10A5E000928E57DC938E58DC958E59DC968E5ADC11
:10A5F000978E5BDC988E5CDC998E5DDC9A8E5EDCDF
:10A600009B8E5FDC9D8E60DC9F8E61DCA08E62DCA9
:10A61000A18E63DCA28E64DCA38E65DCA48E66DC76
:10A62000A58E67DCA68E68DCA78E69DCA88E6ADC46
:10A63000A98E6BDCAA8E6CDCAD8E6DDCAE8E6EDC12
:10A64000B08E6FDCB18E70DCB38E71DCB48E72DCD8
:10A65000B58E73DCB68E74DCB78E75DCB88E76DCA6
:10A66000B98E77DCBB8E78DCBC8E79DCBD8E7ADC73
:10A67000BE8E7BDCBF8E7CDCC08E7DDCC18E7EDC42
:10A68000C28E80DCC38E81DCC48E82DCC58E83DC0E
:10A69000C68E84DCC78E85DCC88E86DCC98E87DCDE
:10A6A000CA8E88DCCB8E89DCCC8E8ADCCD8E8BDCAE
:10A6B000CF8E8CDCD08E8DDCD18E8EDCD28E8FDC7A
:10A6C000D38E90DCD48E91DCD58E92DCD68E93DC4A
:10A6D000D78E94DCD88E95DCD98E96DCDA8E97DC1A
:10A6E000DB8E98DCDC8E99DCDD8E9ADCDE8E9BDCEA
:10A6F000DF8E9CDCE08E9DDCE18E9EDCE28E9FDCBA
:10A70000E38EA0DCE48EA1DC0B58A2DC0D58A3DCA8
:10A71000FD57A4DCED57A5DC0058A6DC1E58A7DCCD
:10A720001958A8DC4458A9DC2058AADC6558ABDCD1
:10A730006C58ACDC8158ADDC8958AEDC9A58AFDC83
:10A740008058B0DCA899B1DC199FB2DCFF61B3DCA2
:10A750007982B4DC7D82B5DC7F82B6DC8F82B7DCA7
:10A760008A82B8DCA882B9DC8482BADC8E82BBDC47
:10A770009182BCDC9782BDDC9982BEDCAB82BFDCFF
:10A78000B882C0DCBE82C1DCB082C2DCC882C3DC5D
:10A79000CA82C4DCE382C5DC9882C6DCB782C7DC2F
:10A7A000AE82C8DCCB82C9DCCC82CADCC182CBDC05
:10A7B000A982CCDCB482CDDCA182CEDCAA82CFDC43
:10A7C0009F82D0DCC482D1DCCE82D2DCA482D3DCF6
:10A7D000E182D4DC0983D5DCF782D6DCE482D7DCE5
:10A7E0000F83D8DC0783D9DCDC82DADCF482DBDCA3
:10A7F000D282DCDCD882DDDC0C83DEDCFB82DFDCB9
:10A80000D382E0DC1183E1DC1A83E2DC0683E3DC43
:10A810001483E4DC1583E5DCE082E6DCD582E7DC4A
:10A820001C83E8DC5183E9DC5B83EADC5C83EBDCE2
:10A830000883ECDC9283EDDC3C83EEDC3483EFDCDC
:10A840003183F0DC9B83F1DC5E83F2DC2F83F3DC6D
:10A850004F83F4DC4783F5DC4383F6DC5F83F7DC6E
:10A860004083F8DC1783F9DC6083FADC2D83FBDCA2
:10A870003A83FCDC3383FDDC6683FEDC658340DDEC
:10A88000E58E41DDE68E42DDE78E43DDE88E44DD78
:10A89000E98E45DDEA8E46DDEB8E47DDEC8E48DD48
:10A8A000ED8E49DDEE8E4ADDEF8E4BDDF08E4CDD18
:10A8B000F18E4DDDF28E4EDDF38E4FDDF48E50DDE8
:10A8C000F58E51DDF68E52DDF78E53DDF88E54DDB8
:10A8D000F98E55DDFA8E56DDFB8E57DDFC8E58DD88
:10A8E000FD8E59DDFE8E5ADDFF8E5BDD008F5CDD57
:10A8F000018F5DDD028F5EDD038F5FDD048F60DD24
:10A90000058F61DD068F62DD078F63DD088F64DDF3
:10A91000098F65DD0A8F66DD0B8F67DD0C8F68DDC3
:10A920000D8F69DD0E8F6ADD0F8F6BDD108F6CDD93
:10A93000118F6DDD128F6EDD138F6FDD148F70DD63
:10A94000158F71DD168F72DD178F73DD188F74DD33
:10A95000198F75DD1A8F76DD1B8F77DD1C8F78DD03
:10A960001D8F79DD1E8F7ADD1F8F7BDD208F7CDDD3
:10A97000218F7DDD228F7EDD238F80DD248F81DDA1
:10A98000258F82DD268F83DD278F84DD288F85DD6F
:10A99000298F86DD2A8F87DD2B8F88DD2C8F89DD3F
:10A9A0002D8F8ADD2E8F8BDD2F8F8CDD308F8DDD0F
:10A9B000318F8EDD328F8FDD338F90DD348F91DDDF
:10A9C000358F92DD368F93DD378F94DD388F95DDAF
:10A9D000398F96DD3A8F97DD3B8F98DD3C8F99DD7F
:10A9E0003D8F9ADD3E8F9BDD3F8F9CDD408F9DDD4F
:10A9F000418F9EDD428F9FDD438FA0DD448FA1DD1F
:10AA00006883A2DD1B83A3DD6983A4DD6C83A5DDE0
:10AA10006A83A6DD6D83A7DD6E83A8DDB083A9DD23
:10AA20007883AADDB383ABDDB483ACDDA083ADDD79
:10AA3000AA83AEDD9383AFDD9C83B0DD8583B1DD7A
:10AA40007C83B2DDB683B3DDA983B4DD7D83B5DD60
:10AA5000B883B6DD7B83B7DD9883B8DD9E83B9DD2F
:10AA6000A883BADDBA83BBDDBC83BCDDC183BDDD99
:10AA70000184BEDDE583BFDDD883C0DD0758C1DDBD
:10AA80001884C2DD0B84C3DDDD83C4DDFD83C5DD39
:10AA9000D683C6DD1C84C7DD3884C8DD1184C9DDDA
:10AAA0000684CADDD483CBDDDF83CCDD0F84CDDD2E
:10AAB0000384CEDDF883CFDDF983D0DDEA83D1DDF9
:10AAC000C583D2DDC083D3DD2684D4DDF083D5DD1C
:10AAD000E183D6DD5C84D7DD5184D8DD5A84D9DDAD
:10AAE0005984DADD7384DBDD8784DCDD8884DDDD99
:10AAF0007A84DEDD8984DFDD7884E0DD3C84E1DD9D
:10AB00004684E2DD6984E3DD7684E4DD8C84E5DD82
:10AB10008E84E6DD3184E7DD6D84E8DDC184E9DD26
:10AB2000CD84EADDD084EBDDE684ECDDBD84EDDDB3
:10AB3000D384EEDDCA84EFDDBF84F0DDBA84F1DDBD
:10AB4000E084F2DDA184F3DDB984F4DDB484F5DDC5
:10AB50009784F6DDE584F7DDE384F8DD0C85F9DD27
:10AB60000D75FADD3885FBDDF084FCDD3985FDDD12
:10AB70001F85FEDD3A8540DE458F41DE468F42DE91
:10AB8000478F43DE488F44DE498F45DE4A8F46DEDD
:10AB90004B8F47DE4C8F48DE4D8F49DE4E8F4ADEAD
:10ABA0004F8F4BDE508F4CDE518F4DDE528F4EDE7D
:10ABB000538F4FDE548F50DE558F51DE568F52DE4D
:10ABC000578F53DE588F54DE598F55DE5A8F56DE1D
:10ABD0005B8F57DE5C8F58DE5D8F59DE5E8F5ADEED
:10ABE0005F8F5BDE608F5CDE618F5DDE628F5EDEBD
:10ABF000638F5FDE648F60DE658F61DE6A8F62DE89
:10AC0000808F63DE8C8F64DE928F65DE9D8F66DEC3
:10AC1000A08F67DEA18F68DEA28F69DEA48F6ADE57
:10AC2000A58F6BDEA68F6CDEA78F6DDEAA8F6EDE22
:10AC3000AC8F6FDEAD8F70DEAE8F71DEAF8F72DEE8
:10AC4000B28F73DEB38F74DEB48F75DEB58F76DEB0
:10AC5000B78F77DEB88F78DEBA8F79DEBB8F7ADE7A
:10AC6000BC8F7BDEBF8F7CDEC08F7DDEC38F7EDE40
:10AC7000C68F80DEC98F81DECA8F82DECB8F83DEF6
:10AC8000CC8F84DECD8F85DECF8F86DED28F87DEC0
:10AC9000D68F88DED78F89DEDA8F8ADEE08F8BDE73
:10ACA000E18F8CDEE38F8DDEE78F8EDEEC8F8FDE23
:10ACB000EF8F90DEF18F91DEF28F92DEF48F93DED4
:10ACC000F58F94DEF68F95DEFA8F96DEFB8F97DE9A
:10ACD000FC8F98DEFE8F99DEFF8F9ADE07909BDE59
:10ACE00008909CDE0C909DDE0E909EDE13909FDE01
:10ACF0001590A0DE1890A1DE5685A2DE3B85A3DE6E
:10AD0000FF84A4DEFC84A5DE5985A6DE4885A7DE87
:10AD10006885A8DE6485A9DE5E85AADE7A85ABDE5D
:10AD2000A277ACDE4385ADDE7285AEDE7B85AFDE1D
:10AD3000A485B0DEA885B1DE8785B2DE8F85B3DE5F
:10AD40007985B4DEAE85B5DE9C85B6DE8585B7DE59
:10AD5000B985B8DEB785B9DEB085BADED385BBDE8E
:10AD6000C185BCDEDC85BDDEFF85BEDE2786BFDE9D
:10AD70000586C0DE2986C1DE1686C2DE3C86C3DEBD
:10AD8000FE5EC4DE085FC5DE3C59C6DE4159C7DE43
:10AD90003780C8DE5559C9DE5A59CADE5859CBDE4C
:10ADA0000F53CCDE225CCDDE255CCEDE2C5CCFDE0C
:10ADB000345CD0DE4C62D1DE6A62D2DE9F62D3DECA
:10ADC000BB62D4DECA62D5DEDA62D6DED762D7DEF7
:10ADD000EE62D8DE2263D9DEF662DADE3963DBDECC
:10ADE0004B63DCDE4363DDDEAD63DEDEF663DFDEB8
:10ADF0007163E0DE7A63E1DE8E63E2DEB463E3DE9C
:10AE00006D63E4DEAC63E5DE8A63E6DE6963E7DE9C
:10AE1000AE63E8DEBC63E9DEF263EADEF863EBDE34
:10AE2000E063ECDEFF63EDDEC463EEDEDE63EFDEE7
:10AE3000CE63F0DE5264F1DEC663F2DEBE63F3DEA3
:10AE40004564F4DE4164F5DE0B64F6DE1B64F7DE78
:10AE50002064F8DE0C64F9DE2664FADE2164FBDE91
:10AE60005E64FCDE8464FDDE6D64FEDE966440DFBD
:10AE7000199041DF1C9042DF239043DF249044DF90
:10AE8000259045DF279046DF289047DF299048DF4F
:10AE90002A9049DF2B904ADF2C904BDF30904CDF1B
:10AEA00031904DDF32904EDF33904FDF349050DFE2
:10AEB000379051DF399052DF3A9053DF3D9054DFA5
:10AEC0003F9055DF409056DF439057DF459058DF65
:10AED000469059DF48905ADF49905BDF4A905CDF2B
:10AEE0004B905DDF4C905EDF4E905FDF549060DFF3
:10AEF000559061DF569062DF599063DF5A9064DFAE
:10AF00005C9065DF5D9066DF5E9067DF5F9068DF75
:10AF1000609069DF61906ADF64906BDF66906CDF40
:10AF200067906DDF69906EDF6A906FDF6B9070DF06
:10AF30006C9071DF6F9072DF709073DF719074DFCF
:10AF4000729075DF739076DF769077DF779078DF99
:10AF5000789079DF79907ADF7A907BDF7B907CDF65
:10AF60007C907DDF7E907EDF819080DF849081DF2A
:10AF7000859082DF869083DF879084DF899085DFEC
:10AF80008A9086DF8C9087DF8D9088DF8E9089DFB6
:10AF90008F908ADF90908BDF92908CDF94908DDF82
:10AFA00096908EDF98908FDF9A9090DF9C9091DF43
:10AFB0009E9092DF9F9093DFA09094DFA49095DF06
:10AFC000A59096DFA79097DFA89098DFA99099DFCA
:10AFD000AB909ADFAD909BDFB2909CDFB7909DDF86
:10AFE000BC909EDFBD909FDFBF90A0DFC090A1DF2F
:10AFF0007A64A2DFB764A3DFB864A4DF9964A5DF35
:10B00000BA64A6DFC064A7DFD064A8DFD764A9DF75
:10B01000E464AADFE264ABDF0965ACDF2565ADDF80
:10B020002E65AEDF0B5FAFDFD25FB0DF1975B1DF2A
:10B03000115FB2DF5F53B3DFF153B4DFFD53B5DF10
:10B04000E953B6DFE853B7DFFB53B8DF1254B9DF7B
:10B050001654BADF0654BBDF4B54BCDF5254BDDF7D
:10B060005354BEDF5454BFDF5654C0DF4354C1DFD6
:10B070002154C2DF5754C3DF5954C4DF2354C5DF02
:10B080003254C6DF8254C7DF9454C8DF7754C9DF17
:10B090007154CADF6454CBDF9A54CCDF9B54CDDFAC
:10B0A0008454CEDF7654CFDF6654D0DF9D54D1DF99
:10B0B000D054D2DFAD54D3DFC254D4DFB454D5DF83
:10B0C000D254D6DFA754D7DFA654D8DFD354D9DF64
:10B0D000D454DADF7254DBDFA354DCDFD554DDDF78
:10B0E000BB54DEDFBF54DFDFCC54E0DFD954E1DFF7
:10B0F000DA54E2DFDC54E3DFA954E4DFAA54E5DFED
:10B10000A454E6DFDD54E7DFCF54E8DFDE54E9DFA7
:10B110001B55EADFE754EBDF2055ECDFFD54EDDF94
:10B120001455EEDFF354EFDF2255F0DF2355F1DF46
:10B130000F55F2DF1155F3DF2755F4DF2A55F5DF00
:10B140006755F6DF8F55F7DFB555F8DF4955F9DF5D
:10B150006D55FADF4155FBDF5555FCDF3F55FDDFEF
:10B160005055FEDF3C5540E0C29041E0C39042E0C4
:10B17000C69043E0C89044E0C99045E0CB9046E0DB
:10B18000CC9047E0CD9048E0D29049E0D4904AE09E
:10B19000D5904BE0D6904CE0D8904DE0D9904EE061
:10B1A000DA904FE0DE9050E0DF9051E0E09052E026
:10B1B000E39053E0E49054E0E59055E0E99056E0E8
:10B1C000EA9057E0EC9058E0EE9059E0F0905AE0A9
:10B1D000F1905BE0F2905CE0F3905DE0F5905EE072
:10B1E000F6905FE0F79060E0F99061E0FA9062E03D
:10B1F000FB9063E0FC9064E0FF9065E0009166E006
:10B20000019167E0039168E0059169E006916AE0C9
:10B2100007916BE008916CE009916DE00A916EE096
:10B220000B916FE00C9170E00D9171E00E9172E066
:10B230000F9173E0109174E0119175E0129176E036
:10B24000139177E0149178E0159179E016917AE006
:10B2500017917BE018917CE01A917DE01B917EE0D4
:10B260001C9180E01D9181E01F9182E0209183E09C
:10B27000219184E0249185E0259186E0269187E064
:10B28000279188E0289189E029918AE02A918BE032
:10B290002B918CE02C918DE02D918EE02E918FE002
:10B2A000309190E0329191E0339192E0349193E0CB
:10B2B000359194E0369195E0379196E0389197E09A
:10B2C0003A9198E03B9199E03C919AE03D919BE066
:10B2D0003E919CE03F919DE040919EE041919FE036
:10B2E0004291A0E04491A1E03755A2E05655A3E079
:10B2F0007555A4E07655A5E07755A6E03355A7E04F
:10B300003055A8E05C55A9E08B55AAE0D255ABE0DA
:10B310008355ACE0B155ADE0B955AEE08855AFE02E
:10B320008155B0E09F55B1E07E55B2E0D655B3E00F
:10B330009155B4E07B55B5E0DF55B6E0BD55B7E0BB
:10B34000BE55B8E09455B9E09955BAE0EA55BBE06E
:10B35000F755BCE0C955BDE01F56BEE0D155BFE072
:10B36000EB55C0E0EC55C1E0D455C2E0E655C3E072
:10B37000DD55C4E0C455C5E0EF55C6E0E555C7E06E
:10B38000F255C8E0F355C9E0CC55CAE0CD55CBE045
:10B39000E855CCE0F555CDE0E455CEE0948FCFE014
:10B3A0001E56D0E00856D1E00C56D2E00156D3E04C
:10B3B0002456D4E02356D5E0FE55D6E00056D7E01B
:10B3C0002756D8E02D56D9E05856DAE03956DBE05A
:10B3D0005756DCE02C56DDE04D56DEE06256DFE0ED
:10B3E0005956E0E05C56E1E04C56E2E05456E3E0AA
:10B3F0008656E4E06456E5E07156E6E06B56E7E019
:10B400007B56E8E07C56E9E08556EAE09356EBE0AF
:10B41000AF56ECE0D456EDE0D756EEE0DD56EFE067
:10B42000E156F0E0F556F1E0EB56F2E0F956F3E0C4
:10B43000FF56F4E00457F5E00A57F6E00957F7E045
:10B440001C57F8E00F5EF9E0195EFAE0145EFBE0CD
:10B45000115EFCE0315EFDE03B5EFEE03C5E40E103
:10B46000459141E1479142E1489143E1519144E1E5
:10B47000539145E1549146E1559147E1569148E198
:10B48000589149E159914AE15B914BE15C914CE162
:10B490005F914DE160914EE166914FE1679150E11E
:10B4A000689151E16B9152E16D9153E1739154E1D7
:10B4B0007A9155E17B9156E17C9157E1809158E179
:10B4C000819159E182915AE183915BE184915CE140
:10B4D00086915DE188915EE18A915FE18E9160E104
:10B4E0008F9161E1939162E1949163E1959164E1BF
:10B4F000969165E1979166E1989167E1999168E18C
:10B500009C9169E19D916AE19E916BE19F916CE153
:10B51000A0916DE1A1916EE1A4916FE1A59170E11F
:10B52000A69171E1A79172E1A89173E1A99174E1EB
:10B53000AB9175E1AC9176E1B09177E1B19178E1B1
:10B54000B29179E1B3917AE1B6917BE1B7917CE177
:10B55000B8917DE1B9917EE1BB9180E1BC9181E13F
:10B56000BD9182E1BE9183E1BF9184E1C09185E10B
:10B57000C19186E1C29187E1C39188E1C49189E1DB
:10B58000C5918AE1C6918BE1C8918CE1CB918DE1A7
:10B59000D0918EE1D2918FE1D39190E1D49191E15C
:10B5A000D59192E1D69193E1D79194E1D89195E12B
:10B5B000D99196E1DA9197E1DB9198E1DD9199E1FA
:10B5C000DE919AE1DF919BE1E0919CE1E1919DE1C7
:10B5D000E2919EE1E3919FE1E491A0E1E591A1E197
:10B5E000375EA2E1445EA3E1545EA4E15B5EA5E1A7
:10B5F0005E5EA6E1615EA7E18C5CA8E17A5CA9E1F0
:10B600008D5CAAE1905CABE1965CACE1885CADE15D
:10B61000985CAEE1995CAFE1915CB0E19A5CB1E11C
:10B620009C5CB2E1B55CB3E1A25CB4E1BD5CB5E1A8
:10B63000AC5CB6E1AB5CB7E1B15CB8E1A35CB9E18D
:10B64000C15CBAE1B75CBBE1C45CBCE1D25CBDE10A
:10B65000E45CBEE1CB5CBFE1E55CC0E1025DC1E161
:10B66000035DC2E1275DC3E1265DC4E12E5DC5E156
:10B67000245DC6E11E5DC7E1065DC8E11B5DC9E151
:10B68000585DCAE13E5DCBE1345DCCE13D5DCDE18D
:10B690006C5DCEE15B5DCFE16F5DD0E15D5DD1E1E1
:10B6A0006B5DD2E14B5DD3E14A5DD4E1695DD5E1EB
:10B6B000745DD6E1825DD7E1995DD8E19D5DD9E108
:10B6C000738CDAE1B75DDBE1C55DDCE1735FDDE181
:10B6D000775FDEE1825FDFE1875FE0E1895FE1E1E3
:10B6E0008C5FE2E1955FE3E1995FE4E19C5FE5E176
:10B6F000A85FE6E1AD5FE7E1B55FE8E1BC5FE9E1E6
:10B700006288EAE1615FEBE1AD72ECE1B072EDE11C
:10B71000B472EEE1B772EFE1B872F0E1C372F1E139
:10B72000C172F2E1CE72F3E1CD72F4E1D272F5E1D1
:10B73000E872F6E1EF72F7E1E972F8E1F272F9E12D
:10B74000F472FAE1F772FBE10173FCE1F372FDE1DF
:10B750000373FEE1FA7240E2E69141E2E79142E2D0
:10B76000E89143E2E99144E2EA9145E2EB9146E255
:10B77000EC9147E2ED9148E2EE9149E2EF914AE225
:10B78000F0914BE2F1914CE2F2914DE2F3914EE2F5
:10B79000F4914FE2F59150E2F69151E2F79152E2C5
:10B7A000F89153E2F99154E2FA9155E2FB9156E295
:10B7B000FC9157E2FD9158E2FE9159E2FF915AE265
:10B7C00000925BE201925CE202925DE203925EE231
:10B7D00004925FE2059260E2069261E2079262E201
:10B7E000089263E2099264E20A9265E20B9266E2D1
:10B7F0000C9267E20D9268E20E9269E20F926AE2A1
:10B8000010926BE211926CE212926DE213926EE270
:10B8100014926FE2159270E2169271E2179272E240
:10B82000189273E2199274E21A9275E21B9276E210
:10B830001C9277E21D9278E21E9279E21F927AE2E0
:10B8400020927BE221927CE222927DE223927EE2B0
:10B85000249280E2259281E2269282E2279283E27C
:10B86000289284E2299285E22A9286E22B9287E24C
:10B870002C9288E22D9289E22E928AE22F928BE21C
:10B8800030928CE231928DE232928EE233928FE2EC
:10B89000349290E2359291E2369292E2379293E2BC
:10B8A000389294E2399295E23A9296E23B9297E28C
:10B8B0003C9298E23D9299E23E929AE23F929BE25C
:10B8C00040929CE241929DE242929EE243929FE22C
:10B8D0004492A0E24592A1E2FB72A2E21773A3E2B6
:10B8E0001373A4E22173A5E20A73A6E21E73A7E212
:10B8F0001D73A8E21573A9E22273AAE23973ABE2C1
:10B900002573ACE22C73ADE23873AEE23173AFE273
:10B910005073B0E24D73B1E25773B2E26073B3E2B9
:10B920006C73B4E26F73B5E27E73B6E21B82B7E26A
:10B930002559B8E2E798B9E22459BAE20259BBE2C4
:10B940006399BCE26799BDE26899BEE26999BFE27A
:10B950006A99C0E26B99C1E26C99C2E27499C3E240
:10B960007799C4E27D99C5E28099C6E28499C7E2DD
:10B970008799C8E28A99C9E28D99CAE29099CBE287
:10B980009199CCE29399CDE29499CEE29599CFE248
:10B99000805ED0E2915ED1E28B5ED2E2965ED3E22F
:10B9A000A55ED4E2A05ED5E2B95ED6E2B55ED7E28E
:10B9B000BE5ED8E2B35ED9E2538DDAE2D25EDBE25C
:10B9C000D15EDCE2DB5EDDE2E85EDEE2EA5EDFE283
:10B9D000BA81E0E2C45FE1E2C95FE2E2D65FE3E29E
:10B9E000CF5FE4E20360E5E2EE5FE6E20460E7E2F7
:10B9F000E15FE8E2E45FE9E2FE5FEAE20560EBE2D4
:10BA00000660ECE2EA5FEDE2ED5FEEE2F85FEFE2A6
:10BA10001960F0E23560F1E22660F2E21B60F3E2C9
:10BA20000F60F4E20D60F5E22960F6E22B60F7E2C8
:10BA30000A60F8E23F60F9E22160FAE27860FBE236
:10BA40007960FCE27B60FDE27A60FEE2426040E306
:10BA5000469241E3479242E3489243E3499244E3EA
:10BA60004A9245E34B9246E34C9247E34D9248E3BA
:10BA70004E9249E34F924AE350924BE351924CE38A
:10BA800052924DE353924EE354924FE3559250E35A
:10BA9000569251E3579252E3589253E3599254E32A
:10BAA0005A9255E35B9256E35C9257E35D9258E3FA
:10BAB0005E9259E35F925AE360925BE361925CE3CA
:10BAC00062925DE363925EE364925FE3659260E39A
:10BAD000669261E3679262E3689263E3699264E36A
:10BAE0006A9265E36B9266E36C9267E36D9268E33A
:10BAF0006E9269E36F926AE370926BE371926CE30A
:10BB000072926DE373926EE375926FE3769270E3D7
:10BB1000779271E3789272E3799273E37A9274E3A5
:10BB20007B9275E37C9276E37D9277E37E9278E375
:10BB30007F9279E380927AE381927BE382927CE345
:10BB400083927DE384927EE3859280E3869281E313
:10BB5000879282E3889283E3899284E38A9285E3E1
:10BB60008B9286E38C9287E38D9288E38F9289E3B0
:10BB700090928AE391928BE392928CE393928DE37D
:10BB800094928EE395928FE3969290E3979291E34D
:10BB9000989292E3999293E39A9294E39B9295E31D
:10BBA0009C9296E39D9297E39E9298E39F9299E3ED
:10BBB000A0929AE3A1929BE3A2929CE3A3929DE3BD
:10BBC000A4929EE3A5929FE3A692A0E3A792A1E38D
:10BBD0006A60A2E37D60A3E39660A4E39A60A5E3B4
:10BBE000AD60A6E39D60A7E38360A8E39260A9E34C
:10BBF0008C60AAE39B60ABE3EC60ACE3BB60ADE3BD
:10BC0000B160AEE3DD60AFE3D860B0E3C660B1E33E
:10BC1000DA60B2E3B460B3E32061B4E32661B5E374
:10BC20001561B6E32361B7E3F460B8E30061B9E3FB
:10BC30000E61BAE32B61BBE34A61BCE37561BDE30E
:10BC4000AC61BEE39461BFE3A761C0E3B761C1E348
:10BC5000D461C2E3F561C3E3DD5FC4E3B396C5E33A
:10BC6000E995C6E3EB95C7E3F195C8E3F395C9E31E
:10BC7000F595CAE3F695CBE3FC95CCE3FE95CDE3D1
:10BC80000396CEE30496CFE30696D0E30896D1E37D
:10BC90000A96D2E30B96D3E30C96D4E30D96D5E344
:10BCA0000F96D6E31296D7E31596D8E31696D9E306
:10BCB0001796DAE31996DBE31A96DCE32C4EDDE304
:10BCC0003F72DEE31562DFE3356CE0E3546CE1E3E1
:10BCD0005C6CE2E34A6CE3E3A36CE4E3856CE5E3CC
:10BCE000906CE6E3946CE7E38C6CE8E3686CE9E362
:10BCF000696CEAE3746CEBE3766CECE3866CEDE381
:10BD0000A96CEEE3D06CEFE3D46CF0E3AD6CF1E33F
:10BD1000F76CF2E3F86CF3E3F16CF4E3D76CF5E362
:10BD2000B26CF6E3E06CF7E3D66CF8E3FA6CF9E397
:10BD3000EB6CFAE3EE6CFBE3B16CFCE3D36CFDE37C
:10BD4000EF6CFEE3FE6C40E4A89241E4A99242E469
:10BD5000AA9243E4AB9244E4AC9245E4AD9246E44B
:10BD6000AF9247E4B09248E4B19249E4B2924AE417
:10BD7000B3924BE4B4924CE4B5924DE4B6924EE4E7
:10BD8000B7924FE4B89250E4B99251E4BA9252E4B7
:10BD9000BB9253E4BC9254E4BD9255E4BE9256E487
:10BDA000BF9257E4C09258E4C19259E4C2925AE457
:10BDB000C3925BE4C4925CE4C5925DE4C6925EE427
:10BDC000C7925FE4C99260E4CA9261E4CB9262E4F4
:10BDD000CC9263E4CD9264E4CE9265E4CF9266E4C3
:10BDE000D09267E4D19268E4D29269E4D3926AE493
:10BDF000D4926BE4D5926CE4D6926DE4D7926EE463
:10BE0000D8926FE4D99270E4DA9271E4DB9272E432
:10BE1000DC9273E4DD9274E4DE9275E4DF9276E402
:10BE2000E09277E4E19278E4E29279E4E3927AE4D2
:10BE3000E4927BE4E5927CE4E6927DE4E7927EE4A2
:10BE4000E89280E4E99281E4EA9282E4EB9283E46E
:10BE5000EC9284E4ED9285E4EE9286E4EF9287E43E
:10BE6000F09288E4F19289E4F2928AE4F3928BE40E
:10BE7000F4928CE4F5928DE4F6928EE4F7928FE4DE
:10BE8000F89290E4F99291E4FA9292E4FB9293E4AE
:10BE9000FC9294E4FD9295E4FE9296E4FF9297E47E
:10BEA000009398E4019399E402939AE403939BE44A
:10BEB00004939CE405939DE406939EE407939FE41A
:10BEC0000893A0E40993A1E4396DA2E4276DA3E4EB
:10BED0000C6DA4E4436DA5E4486DA6E4076DA7E4EA
:10BEE000046DA8E4196DA9E40E6DAAE42B6DABE412
:10BEF0004D6DACE42E6DADE4356DAEE41A6DAFE47E
:10BF00004F6DB0E4526DB1E4546DB2E4336DB3E4FF
:10BF1000916DB4E46F6DB5E49E6DB6E4A06DB7E4C9
:10BF20005E6DB8E4936DB9E4946DBAE45C6DBBE406
:10BF3000606DBCE47C6DBDE4636DBEE41A6EBFE46D
:10BF4000C76DC0E4C56DC1E4DE6DC2E40E6EC3E42E
:10BF5000BF6DC4E4E06DC5E4116EC6E4E66DC7E4F0
:10BF6000DD6DC8E4D96DC9E4166ECAE4AB6DCBE4EF
:10BF70000C6ECCE4AE6DCDE42B6ECEE46E6ECFE4F1
:10BF80004E6ED0E46B6ED1E4B26ED2E45F6ED3E459
:10BF9000866ED4E4536ED5E4546ED6E4326ED7E4A4
:10BFA000256ED8E4446ED9E4DF6EDAE4B16EDBE4EA
:10BFB000986EDCE4E06EDDE42D6FDEE4E26EDFE43B
:10BFC000A56EE0E4A76EE1E4BD6EE2E4BB6EE3E4DF
:10BFD000B76EE4E4D76EE5E4B46EE6E4CF6EE7E472
:10BFE0008F6EE8E4C26EE9E49F6EEAE4626FEBE410
:10BFF000466FECE4476FEDE4246FEEE4156FEFE479
:10C00000F96EF0E42F6FF1E4366FF2E44B6FF3E476
:10C01000746FF4E42A6FF5E4096FF6E4296FF7E42E
:10C02000896FF8E48D6FF9E48C6FFAE4786FFBE4C4
:10C03000726FFCE47C6FFDE47A6FFEE4D16F40E543
:10C040000A9341E50B9342E50C9343E50D9344E5D8
:10C050000E9345E50F9346E5109347E5119348E5A8
:10C06000129349E513934AE514934BE515934CE578
:10C0700016934DE517934EE518934FE5199350E548
:10C080001A9351E51B9352E51C9353E51D9354E518
:10C090001E9355E51F9356E5209357E5219358E5E8
:10C0A000229359E523935AE524935BE525935CE5B8
:10C0B00026935DE527935EE528935FE5299360E588
:10C0C0002A9361E52B9362E52C9363E52D9364E558
:10C0D0002E9365E52F9366E5309367E5319368E528
:10C0E000329369E533936AE534936BE535936CE5F8
:10C0F00036936DE537936EE538936FE5399370E5C8
:10C100003A9371E53B9372E53C9373E53D9374E597
:10C110003F9375E5409376E5419377E5429378E563
:10C12000439379E544937AE545937BE546937CE533
:10C1300047937DE548937EE5499380E54A9381E501
:10C140004B9382E54C9383E54D9384E54E9385E5CF
:10C150004F9386E5509387E5519388E5529389E59F
:10C1600053938AE554938BE555938CE556938DE56F
:10C1700057938EE558938FE5599390E55A9391E53F
:10C180005B9392E55C9393E55D9394E55E9395E50F
:10C190005F9396E5609397E5619398E5629399E5DF
:10C1A00063939AE564939BE565939CE566939DE5AF
:10C1B00067939EE568939FE56993A0E56B93A1E57E
:10C1C000C96FA2E5A76FA3E5B96FA4E5B66FA5E5B2
:10C1D000C26FA6E5E16FA7E5EE6FA8E5DE6FA9E502
:10C1E000E06FAAE5EF6FABE51A70ACE52370ADE543
:10C1F0001B70AEE53970AFE53570B0E54F70B1E555
:10C200005E70B2E5805BB3E5845BB4E5955BB5E554
:10C21000935BB6E5A55BB7E5B85BB8E52F75B9E507
:10C220009E9ABAE53464BBE5E45BBCE5EE5BBDE534
:10C230003089BEE5F05BBFE5478EC0E5078BC1E501
:10C24000B68FC2E5D38FC3E5D58FC4E5E58FC5E5CD
:10C25000EE8FC6E5E48FC7E5E98FC8E5E68FC9E54F
:10C26000F38FCAE5E88FCBE50590CCE50490CDE5EA
:10C270000B90CEE52690CFE51190D0E50D90D1E55D
:10C280001690D2E52190D3E53590D4E53690D5E5EA
:10C290002D90D6E52F90D7E54490D8E55190D9E57B
:10C2A0005290DAE55090DBE56890DCE55890DDE5EA
:10C2B0006290DEE55B90DFE5B966E0E57490E1E56C
:10C2C0007D90E2E58290E3E58890E4E58390E5E502
:10C2D0008B90E6E5505FE7E5575FE8E5565FE9E5F7
:10C2E000585FEAE53B5CEBE5AB54ECE5505CEDE513
:10C2F000595CEEE5715BEFE5635CF0E5665CF1E5EA
:10C30000BC7FF2E52A5FF3E5295FF4E52D5FF5E5F3
:10C310007482F6E53C5FF7E53B9BF8E56E5CF9E57A
:10C320008159FAE58359FBE58D59FCE5A959FDE5ED
:10C33000AA59FEE5A35940E66C9341E66D9342E6A7
:10C340006E9343E66F9344E6709345E6719346E639
:10C35000729347E6739348E6749349E675934AE609
:10C3600076934BE677934CE678934DE679934EE6D9
:10C370007A934FE67B9350E67C9351E67D9352E6A9
:10C380007E9353E67F9354E6809355E6819356E679
:10C39000829357E6839358E6849359E685935AE649
:10C3A00086935BE687935CE688935DE689935EE619
:10C3B0008A935FE68B9360E68C9361E68D9362E6E9
:10C3C0008E9363E6909364E6919365E6929366E6B6
:10C3D000939367E6949368E6959369E696936AE685
:10C3E00097936BE698936CE699936DE69A936EE655
:10C3F0009B936FE69C9370E69D9371E69E9372E625
:10C400009F9373E6A09374E6A19375E6A29376E6F4
:10C41000A39377E6A49378E6A59379E6A6937AE6C4
:10C42000A7937BE6A8937CE6A9937DE6AA937EE694
:10C43000AB9380E6AC9381E6AD9382E6AE9383E660
:10C44000AF9384E6B09385E6B19386E6B29387E630
:10C45000B39388E6B49389E6B5938AE6B6938BE600
:10C46000B7938CE6B8938DE6B9938EE6BA938FE6D0
:10C47000BB9390E6BC9391E6BD9392E6BE9393E6A0
:10C48000BF9394E6C09395E6C19396E6C29397E670
:10C49000C39398E6C49399E6C5939AE6C6939BE640
:10C4A000C7939CE6C8939DE6C9939EE6CB939FE60F
:10C4B000CC93A0E6CD93A1E69759A2E6CA59A3E68C
:10C4C000AB59A4E69E59A5E6A459A6E6D259A7E61B
:10C4D000B259A8E6AF59A9E6D759AAE6BE59ABE6C4
:10C4E000055AACE6065AADE6DD59AEE6085AAFE6A7
:10C4F000E359B0E6D859B1E6F959B2E60C5AB3E6B9
:10C50000095AB4E6325AB5E6345AB6E6115AB7E6D5
:10C51000235AB8E6135AB9E6405ABAE6675ABBE658
:10C520004A5ABCE6555ABDE63C5ABEE6625ABFE6D8
:10C53000755AC0E6EC80C1E6AA5AC2E69B5AC3E629
:10C54000775AC4E67A5AC5E6BE5AC6E6EB5AC7E63B
:10C55000B25AC8E6D25AC9E6D45ACAE6B85ACBE6A5
:10C56000E05ACCE6E35ACDE6F15ACEE6D65ACFE60B
:10C57000E65AD0E6D85AD1E6DC5AD2E6095BD3E6D1
:10C58000175BD4E6165BD5E6325BD6E6375BD7E6BB
:10C59000405BD8E6155CD9E61C5CDAE65A5BDBE664
:10C5A000655BDCE6735BDDE6515BDEE6535BDFE695
:10C5B000625BE0E6759AE1E6779AE2E6789AE3E66E
:10C5C0007A9AE4E67F9AE5E67D9AE6E6809AE7E6DF
:10C5D000819AE8E6859AE9E6889AEAE68A9AEBE69D
:10C5E000909AECE6929AEDE6939AEEE6969AEFE64A
:10C5F000989AF0E69B9AF1E69C9AF2E69D9AF3E609
:10C600009F9AF4E6A09AF5E6A29AF6E6A39AF7E6D0
:10C61000A59AF8E6A79AF9E69F7EFAE6A17EFBE6E0
:10C62000A37EFCE6A57EFDE6A87EFEE6A97E40E7A9
:10C63000CE9341E7CF9342E7D09343E7D19344E7CA
:10C64000D29345E7D39346E7D49347E7D59348E79A
:10C65000D79349E7D8934AE7D9934BE7DA934CE766
:10C66000DB934DE7DC934EE7DD934FE7DE9350E736
:10C67000DF9351E7E09352E7E19353E7E29354E706
:10C68000E39355E7E49356E7E59357E7E69358E7D6
:10C69000E79359E7E8935AE7E9935BE7EA935CE7A6
:10C6A000EB935DE7EC935EE7ED935FE7EE9360E776
:10C6B000EF9361E7F09362E7F19363E7F29364E746
:10C6C000F39365E7F49366E7F59367E7F69368E716
:10C6D000F79369E7F8936AE7F9936BE7FA936CE7E6
:10C6E000FB936DE7FC936EE7FD936FE7FE9370E7B6
:10C6F000FF9371E7009472E7019473E7029474E783
:10C70000039475E7049476E7059477E7069478E751
:10C71000079479E708947AE709947BE70A947CE721
:10C720000B947DE70C947EE70D9480E70E9481E7EF
:10C730000F9482E7109483E7119484E7129485E7BD
:10C74000139486E7149487E7159488E7169489E78D
:10C7500017948AE718948BE719948CE71A948DE75D
:10C760001B948EE71C948FE71D9490E71E9491E72D
:10C770001F9492E7209493E7219494E7229495E7FD
:10C78000239496E7249497E7259498E7269499E7CD
:10C7900027949AE728949BE729949CE72A949DE79D
:10C7A0002B949EE72C949FE72D94A0E72E94A1E76D
:10C7B000AD7EA2E7B07EA3E7BE7EA4E7C07EA5E77C
:10C7C000C17EA6E7C27EA7E7C97EA8E7CB7EA9E720
:10C7D000CC7EAAE7D07EABE7D47EACE7D77EADE7D0
:10C7E000DB7EAEE7E07EAFE7E17EB0E7E87EB1E773
:10C7F000EB7EB2E7EE7EB3E7EF7EB4E7F17EB5E71E
:10C80000F27EB6E70D7FB7E7F67EB8E7FA7EB9E7C6
:10C81000FB7EBAE7FE7EBBE7017FBCE7027FBDE798
:10C82000037FBEE7077FBFE7087FC0E70B7FC1E755
:10C830000C7FC2E70F7FC3E7117FC4E7127FC5E714
:10C84000177FC6E7197FC7E71C7FC8E71B7FC9E7CB
:10C850001F7FCAE7217FCBE7227FCCE7237FCDE78D
:10C86000247FCEE7257FCFE7267FD0E7277FD1E75C
:10C870002A7FD2E72B7FD3E72C7FD4E72D7FD5E724
:10C880002F7FD6E7307FD7E7317FD8E7327FD9E7F0
:10C89000337FDAE7357FDBE77A5EDCE77F75DDE75C
:10C8A000DB5DDEE73E75DFE79590E0E78E73E1E75D
:10C8B0009173E2E7AE73E3E7A273E4E79F73E5E702
:10C8C000CF73E6E7C273E7E7D173E8E7B773E9E749
:10C8D000B373EAE7C073EBE7C973ECE7C873EDE73E
:10C8E000E573EEE7D973EFE77C98F0E70A74F1E7B8
:10C8F000E973F2E7E773F3E7DE73F4E7BA73F5E79A
:10C90000F273F6E70F74F7E72A74F8E75B74F9E758
:10C910002674FAE72574FBE72874FCE73074FDE71A
:10C920002E74FEE72C7440E82F9441E8309442E8DE
:10C93000319443E8329444E8339445E8349446E82B
:10C94000359447E8369448E8379449E838944AE8FB
:10C9500039944BE83A944CE83B944DE83C944EE8CB
:10C960003D944FE83F9450E8409451E8419452E898
:10C97000429453E8439454E8449455E8459456E867
:10C98000469457E8479458E8489459E849945AE837
:10C990004A945BE84B945CE84C945DE84D945EE807
:10C9A0004E945FE84F9460E8509461E8519462E8D7
:10C9B000529463E8539464E8549465E8559466E8A7
:10C9C000569467E8579468E8589469E859946AE877
:10C9D0005A946BE85B946CE85C946DE85D946EE847
:10C9E0005E946FE85F9470E8609471E8619472E817
:10C9F000629473E8639474E8649475E8659476E8E7
:10CA0000669477E8679478E8689479E869947AE8B6
:10CA10006A947BE86C947CE86D947DE86E947EE883
:10CA20006F9480E8709481E8719482E8729483E84E
:10CA3000739484E8749485E8759486E8769487E81E
:10CA4000779488E8789489E879948AE87A948BE8EE
:10CA50007B948CE87C948DE87D948EE87E948FE8BE
:10CA60007F9490E8809491E8819492E8829493E88E
:10CA7000839494E8849495E8919496E8969497E842
:10CA8000989498E8C79499E8CF949AE8D3949BE84F
:10CA9000D4949CE8DA949DE8E6949EE8FB949FE8A1
:10CAA0001C95A0E82095A1E81B74A2E81A74A3E8DD
:10CAB0004174A4E85C74A5E85774A6E85574A7E827
:10CAC0005974A8E87774A9E86D74AAE87E74ABE895
:10CAD0009C74ACE88E74ADE88074AEE88174AFE805
:10CAE0008774B0E88B74B1E89E74B2E8A874B3E8B8
:10CAF000A974B4E89074B5E8A774B6E8D274B7E83E
:10CB0000BA74B8E8EA97B9E8EB97BAE8EC97BBE8EB
:10CB10004C67BCE85367BDE85E67BEE84867BFE89E
:10CB20006967C0E8A567C1E88767C2E86A67C3E8C4
:10CB30007367C4E89867C5E8A767C6E87567C7E87C
:10CB4000A867C8E89E67C9E8AD67CAE88B67CBE805
:10CB50007767CCE87C67CDE8F067CEE80968CFE876
:10CB6000D867D0E80A68D1E8E967D2E8B067D3E8C7
:10CB70000C68D4E8D967D5E8B567D6E8DA67D7E8AE
:10CB8000B367D8E8DD67D9E80068DAE8C367DBE8AF
:10CB9000B867DCE8E267DDE80E68DEE8C167DFE879
:10CBA000FD67E0E83268E1E83368E2E86068E3E8FE
:10CBB0006168E4E84E68E5E86268E6E84468E7E84A
:10CBC0006468E8E88368E9E81D68EAE85568EBE826
:10CBD0006668ECE84168EDE86768EEE84068EFE811
:10CBE0003E68F0E84A68F1E84968F2E82968F3E845
:10CBF000B568F4E88F68F5E87468F6E87768F7E8F0
:10CC00009368F8E86B68F9E8C268FAE86E69FBE8CF
:10CC1000FC68FCE81F69FDE82069FEE8F96840E966
:10CC2000279541E9339542E93D9543E9439544E928
:10CC3000489545E94B9546E9559547E95A9548E9A0
:10CC4000609549E96E954AE974954BE975954CE90B
:10CC500077954DE978954EE979954FE97A9550E9C0
:10CC60007B9551E97C9552E97D9553E97E9554E990
:10CC7000809555E9819556E9829557E9839558E95C
:10CC8000849559E985955AE986955BE987955CE92C
:10CC900088955DE989955EE98A955FE98B9560E9FC
:10CCA0008C9561E98D9562E98E9563E98F9564E9CC
:10CCB000909565E9919566E9929567E9939568E99C
:10CCC000949569E995956AE996956BE997956CE96C
:10CCD00098956DE999956EE99A956FE99B9570E93C
:10CCE0009C9571E99D9572E99E9573E99F9574E90C
:10CCF000A09575E9A19576E9A29577E9A39578E9DC
:10CD0000A49579E9A5957AE9A6957BE9A7957CE9AB
:10CD1000A8957DE9A9957EE9AA9580E9AB9581E979
:10CD2000AC9582E9AD9583E9AE9584E9AF9585E947
:10CD3000B09586E9B19587E9B29588E9B39589E917
:10CD4000B4958AE9B5958BE9B6958CE9B7958DE9E7
:10CD5000B8958EE9B9958FE9BA9590E9BB9591E9B7
:10CD6000BC9592E9BD9593E9BE9594E9BF9595E987
:10CD7000C09596E9C19597E9C29598E9C39599E957
:10CD8000C4959AE9C5959BE9C6959CE9C7959DE927
:10CD9000C8959EE9C9959FE9CA95A0E9CB95A1E9F7
:10CDA0002469A2E9F068A3E90B69A4E90169A5E98E
:10CDB0005769A6E9E368A7E91069A8E97169A9E9D3
:10CDC0003969AAE96069ABE94269ACE95D69ADE935
:10CDD0008469AEE96B69AFE98069B0E99869B1E946
:10CDE0007869B2E93469B3E9CC69B4E98769B5E92E
:10CDF0008869B6E9CE69B7E98969B8E96669B9E9C8
:10CE00006369BAE97969BBE99B69BCE9A769BDE9CE
:10CE1000BB69BEE9AB69BFE9AD69C0E9D469C1E9E5
:10CE2000B169C2E9C169C3E9CA69C4E9DF69C5E991
:10CE30009569C6E9E069C7E98D69C8E9FF69C9E98B
:10CE40002F6ACAE9ED69CBE9176ACCE9186ACDE91E
:10CE5000656ACEE9F269CFE9446AD0E93E6AD1E970
:10CE6000A06AD2E9506AD3E95B6AD4E9356AD5E9A8
:10CE70008E6AD6E9796AD7E93D6AD8E9286AD9E99C
:10CE8000586ADAE97C6ADBE9916ADCE9906ADDE9F3
:10CE9000A96ADEE9976ADFE9AB6AE0E93773E1E99D
:10CEA0005273E2E9816BE3E9826BE4E9876BE5E9C0
:10CEB000846BE6E9926BE7E9936BE8E98D6BE9E94E
:10CEC0009A6BEAE99B6BEBE9A16BECE9AA6BEDE9E4
:10CED0006B8FEEE96D8FEFE9718FF0E9728FF1E9F9
:10CEE000738FF2E9758FF3E9768FF4E9788FF5E9BE
:10CEF000778FF6E9798FF7E97A8FF8E97C8FF9E98E
:10CF00007E8FFAE9818FFBE9828FFCE9848FFDE94E
:10CF1000878FFEE98B8F40EACC9541EACD9542EAB6
:10CF2000CE9543EACF9544EAD09545EAD19546EAB5
:10CF3000D29547EAD39548EAD49549EAD5954AEA85
:10CF4000D6954BEAD7954CEAD8954DEAD9954EEA55
:10CF5000DA954FEADB9550EADC9551EADD9552EA25
:10CF6000DE9553EADF9554EAE09555EAE19556EAF5
:10CF7000E29557EAE39558EAE49559EAE5955AEAC5
:10CF8000E6955BEAE7955CEAEC955DEAFF955EEA7B
:10CF900007965FEA139660EA189661EA1B9662EAC2
:10CFA0001E9663EA209664EA239665EA249666EA6A
:10CFB000259667EA269668EA279669EA28966AEA35
:10CFC00029966BEA2B966CEA2C966DEA2D966EEA02
:10CFD0002F966FEA309670EA379671EA389672EAC1
:10CFE000399673EA3A9674EA3E9675EA419676EA7D
:10CFF000439677EA4A9678EA4E9679EA4F967AEA25
:10D0000051967BEA52967CEA53967DEA56967EEAE2
:10D01000579680EA589681EA599682EA5A9683EAA8
:10D020005C9684EA5D9685EA5E9686EA609687EA73
:10D03000639688EA659689EA66968AEA6B968BEA31
:10D040006D968CEA6E968DEA6F968EEA70968FEAF0
:10D05000719690EA739691EA789692EA799693EAB5
:10D060007A9694EA7B9695EA7C9696EA7D9697EA7C
:10D070007E9698EA7F9699EA80969AEA81969BEA4C
:10D0800082969CEA83969DEA84969EEA87969FEA1A
:10D090008996A0EA8A96A1EA8D8FA2EA8E8FA3EAEA
:10D0A0008F8FA4EA988FA5EA9A8FA6EACE8EA7EA78
:10D0B0000B62A8EA1762A9EA1B62AAEA1F62ABEA3E
:10D0C0002262ACEA2162ADEA2562AEEA2462AFEAEE
:10D0D0002C62B0EAE781B1EAEF74B2EAF474B3EA21
:10D0E000FF74B4EA0F75B5EA1175B6EA1375B7EABD
:10D0F0003465B8EAEE65B9EAEF65BAEAF065BBEA0D
:10D100000A66BCEA1966BDEA7267BEEA0366BFEA50
:10D110001566C0EA0066C1EA8570C2EAF766C3EA2E
:10D120001D66C4EA3466C5EA3166C6EA3666C7EAF1
:10D130003566C8EA0680C9EA5F66CAEA5466CBEA81
:10D140004166CCEA4F66CDEA5666CEEA6166CFEA22
:10D150005766D0EA7766D1EA8466D2EA8C66D3EA6B
:10D16000A766D4EA9D66D5EABE66D6EADB66D7EA4C
:10D17000DC66D8EAE666D9EAE966DAEA328DDBEA05
:10D18000338DDCEA368DDDEA3B8DDEEA3D8DDFEA6C
:10D19000408DE0EA458DE1EA468DE2EA488DE3EA1A
:10D1A000498DE4EA478DE5EA4D8DE6EA558DE7EADB
:10D1B000598DE8EAC789E9EACA89EAEACB89EBEA44
:10D1C000CC89ECEACE89EDEACF89EEEAD089EFEAA4
:10D1D000D189F0EA6E72F1EA9F72F2EA5D72F3EAC7
:10D1E0006672F4EA6F72F5EA7E72F6EA7F72F7EA27
:10D1F0008472F8EA8B72F9EA8D72FAEA8F72FBEAAE
:10D200009272FCEA0863FDEA3263FEEAB06340EB27
:10D210008C9641EB8E9642EB919643EB929644EBC3
:10D22000939645EB959646EB969647EB9A9648EB88
:10D230009B9649EB9D964AEB9E964BEB9F964CEB4B
:10D24000A0964DEBA1964EEBA2964FEBA39650EB1A
:10D25000A49651EBA59652EBA69653EBA89654EBE9
:10D26000A99655EBAA9656EBAB9657EBAC9658EBB6
:10D27000AD9659EBAE965AEBAF965BEBB1965CEB85
:10D28000B2965DEBB4965EEBB5965FEBB79660EB4E
:10D29000B89661EBBA9662EBBB9663EBBF9664EB14
:10D2A000C29665EBC39666EBC89667EBCA9668EBC9
:10D2B000CB9669EBD0966AEBD1966BEBD3966CEB81
:10D2C000D4966DEBD6966EEBD7966FEBD89670EB47
:10D2D000D99671EBDA9672EBDB9673EBDC9674EB16
:10D2E000DD9675EBDE9676EBDF9677EBE19678EBE5
:10D2F000E29679EBE3967AEBE4967BEBE5967CEBB2
:10D30000E6967DEBE7967EEBEB9680EBEC9681EB79
:10D31000ED9682EBEE9683EBF09684EBF19685EB3F
:10D32000F29686EBF49687EBF59688EBF89689EB08
:10D33000FA968AEBFB968BEBFC968CEBFD968DEBCD
:10D34000FF968EEB02978FEB039790EB059791EB8F
:10D350000A9792EB0B9793EB0C9794EB109795EB46
:10D36000119796EB129797EB149798EB159799EB0B
:10D3700017979AEB18979BEB19979CEB1A979DEBD5
:10D380001B979EEB1D979FEB1F97A0EB2097A1EBA0
:10D390003F64A2EBD864A3EB0480A4EBEA6BA5EB9B
:10D3A000F36BA6EBFD6BA7EBF56BA8EBF96BA9EBA9
:10D3B000056CAAEB076CABEB066CACEB0D6CADEB44
:10D3C000156CAEEB186CAFEB196CB0EB1A6CB1EBE3
:10D3D000216CB2EB296CB3EB246CB4EB2A6CB5EB8B
:10D3E000326CB6EB3565B7EB5565B8EB6B65B9EBF1
:10D3F0004D72BAEB5272BBEB5672BCEB3072BDEBA6
:10D400006286BEEB1652BFEB9F80C0EB9C80C1EBE7
:10D410009380C2EBBC80C3EB0A67C4EBBD80C5EB55
:10D42000B180C6EBAB80C7EBAD80C8EBB480C9EB75
:10D43000B780CAEBE780CBEBE880CCEBE980CDEBA3
:10D44000EA80CEEBDB80CFEBC280D0EBC480D1EBA7
:10D45000D980D2EBCD80D3EBD780D4EB1067D5EB5E
:10D46000DD80D6EBEB80D7EBF180D8EBF480D9EB05
:10D47000ED80DAEB0D81DBEB0E81DCEBF280DDEB96
:10D48000FC80DEEB1567DFEB1281E0EB5A8CE1EB01
:10D490003681E2EB1E81E3EB2C81E4EB1881E5EBB6
:10D4A0003281E6EB4881E7EB4C81E8EB5381E9EB15
:10D4B0007481EAEB5981EBEB5A81ECEB7181EDEB76
:10D4C0006081EEEB6981EFEB7C81F0EB7D81F1EB2C
:10D4D0006D81F2EB6781F3EB4D58F4EBB55AF5EB48
:10D4E0008881F6EB8281F7EB9181F8EBD56EF9EB51
:10D4F000A381FAEBAA81FBEBCC81FCEB2667FDEB69
:10D50000CA81FEEBBB8140EC219741EC229742ECB3
:10D51000239743EC249744EC259745EC269746EC5B
:10D52000279747EC289748EC299749EC2B974AEC2A
:10D530002C974BEC2E974CEC2F974DEC31974EECF3
:10D5400033974FEC349750EC359751EC369752ECBB
:10D55000379753EC3A9754EC3B9755EC3C9756EC85
:10D560003D9757EC3F9758EC409759EC41975AEC50
:10D5700042975BEC43975CEC44975DEC45975EEC1F
:10D5800046975FEC479760EC489761EC499762ECEF
:10D590004A9763EC4B9764EC4C9765EC4D9766ECBF
:10D5A0004E9767EC4F9768EC509769EC51976AEC8F
:10D5B00054976BEC55976CEC57976DEC58976EEC55
:10D5C0005A976FEC5C9770EC5D9771EC5F9772EC1B
:10D5D000639773EC649774EC669775EC679776ECD9
:10D5E000689777EC6A9778EC6B9779EC6C977AECA4
:10D5F0006D977BEC6E977CEC6F977DEC70977EEC73
:10D60000719780EC729781EC759782EC779783EC39
:10D61000789784EC799785EC7A9786EC7B9787EC02
:10D620007D9788EC7E9789EC7F978AEC80978BECCE
:10D6300081978CEC82978DEC83978EEC84978FEC9E
:10D64000869790EC879791EC889792EC899793EC6A
:10D650008A9794EC8C9795EC8E9796EC8F9797EC35
:10D66000909798EC939799EC95979AEC96979BECFA
:10D6700097979CEC99979DEC9A979EEC9B979FECC3
:10D680009C97A0EC9D97A1ECC181A2ECA681A3EC94
:10D69000246BA4EC376BA5EC396BA6EC436BA7ECC1
:10D6A000466BA8EC596BA9ECD198AAECD298ABECDC
:10D6B000D398ACECD598ADECD998AEECDA98AFEC49
:10D6C000B36BB0EC405FB1ECC26BB2ECF389B3EC7E
:10D6D0009065B4EC519FB5EC9365B6ECBC65B7ECC6
:10D6E000C665B8ECC465B9ECC365BAECCC65BBECF7
:10D6F000CE65BCECD265BDECD665BEEC8070BFECEF
:10D700009C70C0EC9670C1EC9D70C2ECBB70C3EC19
:10D71000C070C4ECB770C5ECAB70C6ECB170C7ECB0
:10D72000E870C8ECCA70C9EC1071CAEC1371CBEC8C
:10D730001671CCEC2F71CDEC3171CEEC7371CFEC56
:10D740005C71D0EC6871D1EC4571D2EC7271D3ECA4
:10D750004A71D4EC7871D5EC7A71D6EC9871D7EC2B
:10D76000B371D8ECB571D9ECA871DAECA071DBEC2F
:10D77000E071DCECD471DDECE771DEECF971DFEC2B
:10D780001D72E0EC2872E1EC6C70E2EC1871E3ECD5
:10D790006671E4ECB971E5EC3E62E6EC3D62E7EC03
:10D7A0004362E8EC4862E9EC4962EAEC3B79EBEC75
:10D7B0004079ECEC4679EDEC4979EEEC5B79EFECF5
:10D7C0005C79F0EC5379F1EC5A79F2EC6279F3EC94
:10D7D0005779F4EC6079F5EC6F79F6EC6779F7EC52
:10D7E0007A79F8EC8579F9EC8A79FAEC9A79FBEC9C
:10D7F000A779FCECB379FDECD15FFEECD05F40ED96
:10D800009E9741ED9F9742EDA19743EDA29744ED7E
:10D81000A49745EDA59746EDA69747EDA79748ED48
:10D82000A89749EDA9974AEDAA974BEDAC974CED17
:10D83000AE974DEDB0974EEDB1974FEDB39750EDDC
:10D84000B59751EDB69752EDB79753EDB89754EDA4
:10D85000B99755EDBA9756EDBB9757EDBC9758ED74
:10D86000BD9759EDBE975AEDBF975BEDC0975CED44
:10D87000C1975DEDC2975EEDC3975FEDC49760ED14
:10D88000C59761EDC69762EDC79763EDC89764EDE4
:10D89000C99765EDCA9766EDCB9767EDCC9768EDB4
:10D8A000CD9769EDCE976AEDCF976BEDD0976CED84
:10D8B000D1976DEDD2976EEDD3976FEDD49770ED54
:10D8C000D59771EDD69772EDD79773EDD89774ED24
:10D8D000D99775EDDA9776EDDB9777EDDC9778EDF4
:10D8E000DD9779EDDE977AEDDF977BEDE0977CEDC4
:10D8F000E1977DEDE2977EEDE39780EDE49781ED92
:10D90000E59782EDE89783EDEE9784EDEF9785ED4F
:10D91000F09786EDF19787EDF29788EDF49789ED12
:10D92000F7978AEDF8978BEDF9978CEDFA978DEDD7
:10D93000FB978EEDFC978FEDFD9790EDFE9791EDA7
:10D94000FF9792ED009893ED019894ED029895ED74
:10D95000039896ED049897ED059898ED069899ED43
:10D9600007989AED08989BED09989CED0A989DED13
:10D970000B989EED0C989FED0D98A0ED0E98A1EDE3
:10D980003C60A2ED5D60A3ED5A60A4ED6760A5ED7B
:10D990004160A6ED5960A7ED6360A8EDAB60A9ED0D
:10D9A0000661AAED0D61ABED5D61ACEDA961ADED78
:10D9B0009D61AEEDCB61AFEDD161B0ED0662B1ED31
:10D9C0008080B2ED7F80B3ED936CB4EDF66CB5ED75
:10D9D000FC6DB6EDF677B7EDF877B8ED0078B9EDF8
:10D9E0000978BAED1778BBED1878BCED1178BDED6C
:10D9F000AB65BEED2D78BFED1C78C0ED1D78C1ED97
:10DA00003978C2ED3A78C3ED3B78C4ED1F78C5EDA7
:10DA10003C78C6ED2578C7ED2C78C8ED2378C9EDA4
:10DA20002978CAED4E78CBED6D78CCED5678CDEDFA
:10DA30005778CEED2678CFED5078D0ED4778D1ED00
:10DA40004C78D2ED6A78D3ED9B78D4ED9378D5ED10
:10DA50009A78D6ED8778D7ED9C78D8EDA178D9ED76
:10DA6000A378DAEDB278DBEDB978DCEDA578DDED01
:10DA7000D478DEEDD978DFEDC978E0EDEC78E1ED32
:10DA8000F278E2ED0579E3EDF478E4ED1379E5ED74
:10DA90002479E6ED1E79E7ED3479E8ED9B9FE9ED19
:10DAA000F99EEAEDFB9EEBEDFC9EECEDF176EDEDE3
:10DAB0000477EEED0D77EFEDF976F0ED0777F1ED08
:10DAC0000877F2ED1A77F3ED2277F4ED1977F5ED9B
:10DAD0002D77F6ED2677F7ED3577F8ED3877F9ED18
:10DAE0005077FAED5177FBED4777FCED4377FDED8D
:10DAF0005A77FEED687740EE0F9841EE109842EEAF
:10DB0000119843EE129844EE139845EE149846EEA1
:10DB1000159847EE169848EE179849EE18984AEE71
:10DB200019984BEE1A984CEE1B984DEE1C984EEE41
:10DB30001D984FEE1E9850EE1F9851EE209852EE11
:10DB4000219853EE229854EE239855EE249856EEE1
:10DB5000259857EE269858EE279859EE28985AEEB1
:10DB600029985BEE2A985CEE2B985DEE2C985EEE81
:10DB70002D985FEE2E9860EE2F9861EE309862EE51
:10DB8000319863EE329864EE339865EE349866EE21
:10DB9000359867EE369868EE379869EE38986AEEF1
:10DBA00039986BEE3A986CEE3B986DEE3C986EEEC1
:10DBB0003D986FEE3E9870EE3F9871EE409872EE91
:10DBC000419873EE429874EE439875EE449876EE61
:10DBD000459877EE469878EE479879EE48987AEE31
:10DBE00049987BEE4A987CEE4B987DEE4C987EEE01
:10DBF0004D9880EE4E9881EE4F9882EE509883EECD
:10DC0000519884EE529885EE539886EE549887EE9C
:10DC1000559888EE569889EE57988AEE58988BEE6C
:10DC200059988CEE5A988DEE5B988EEE5C988FEE3C
:10DC30005D9890EE5E9891EE5F9892EE609893EE0C
:10DC4000619894EE629895EE639896EE649897EEDC
:10DC5000659898EE669899EE67989AEE68989BEEAC
:10DC600069989CEE6A989DEE6B989EEE6C989FEE7C
:10DC70006D98A0EE6E98A1EE6277A2EE6577A3EEA6
:10DC80007F77A4EE8D77A5EE7D77A6EE8077A7EE61
:10DC90008C77A8EE9177A9EE9F77AAEEA077ABEEEE
:10DCA000B077ACEEB577ADEEBD77AEEE3A75AFEED0
:10DCB0004075B0EE4E75B1EE4B75B2EE4875B3EEF1
:10DCC0005B75B4EE7275B5EE7975B6EE8375B7EE29
:10DCD000587FB8EE617FB9EE5F7FBAEE488ABBEE3F
:10DCE000687FBCEE747FBDEE717FBEEE797FBFEEC4
:10DCF000817FC0EE7E7FC1EECD76C2EEE576C3EECB
:10DD00003288C4EE8594C5EE8694C6EE8794C7EE3D
:10DD10008B94C8EE8A94C9EE8C94CAEE8D94CBEEA7
:10DD20008F94CCEE9094CDEE9494CEEE9794CFEE6B
:10DD30009594D0EE9A94D1EE9B94D2EE9C94D3EE2F
:10DD4000A394D4EEA494D5EEAB94D6EEAA94D7EED9
:10DD5000AD94D8EEAC94D9EEAF94DAEEB094DBEE9D
:10DD6000B294DCEEB494DDEEB694DEEEB794DFEE62
:10DD7000B894E0EEB994E1EEBA94E2EEBC94E3EE2E
:10DD8000BD94E4EEBF94E5EEC494E6EEC894E7EEED
:10DD9000C994E8EECA94E9EECB94EAEECC94EBEEAB
:10DDA000CD94ECEECE94EDEED094EEEED194EFEE79
:10DDB000D294F0EED594F1EED694F2EED794F3EE41
:10DDC000D994F4EED894F5EEDB94F6EEDE94F7EE0B
:10DDD000DF94F8EEE094F9EEE294FAEEE494FBEED0
:10DDE000E594FCEEE794FDEEE894FEEEEA9440EF55
:10DDF0006F9841EF709842EF719843EF729844EF3B
:10DE0000739845EF749846EF8B9847EF8E9848EFDC
:10DE1000929849EF95984AEF99984BEFA3984CEF59
:10DE2000A8984DEFA9984EEFAA984FEFAB9850EFF6
:10DE3000AC9851EFAD9852EFAE9853EFAF9854EFC6
:10DE4000B09855EFB19856EFB29857EFB39858EF96
:10DE5000B49859EFB5985AEFB6985BEFB7985CEF66
:10DE6000B8985DEFB9985EEFBA985FEFBB9860EF36
:10DE7000BC9861EFBD9862EFBE9863EFBF9864EF06
:10DE8000C09865EFC19866EFC29867EFC39868EFD6
:10DE9000C49869EFC5986AEFC6986BEFC7986CEFA6
:10DEA000C8986DEFC9986EEFCA986FEFCB9870EF76
:10DEB000CC9871EFCD9872EFCF9873EFD09874EF44
:10DEC000D49875EFD69876EFD79877EFDB9878EF00
:10DED000DC9879EFDD987AEFE0987BEFE1987CEFC2
:10DEE000E2987DEFE3987EEFE49880EFE59881EF8C
:10DEF000E69882EFE99883EFEA9884EFEB9885EF54
:10DF0000EC9886EFED9887EFEE9888EFEF9889EF21
:10DF1000F0988AEFF1988BEFF2988CEFF3988DEFF1
:10DF2000F4988EEFF5988FEFF69890EFF79891EFC1
:10DF3000F89892EFF99893EFFA9894EFFB9895EF91
:10DF4000FC9896EFFD9897EFFE9898EFFF9899EF61
:10DF500000999AEF01999BEF02999CEF03999DEF2D
:10DF600004999EEF05999FEF0699A0EF0799A1EFFD
:10DF7000E994A2EFEB94A3EFEE94A4EFEF94A5EF56
:10DF8000F394A6EFF494A7EFF594A8EFF794A9EF14
:10DF9000F994AAEFFC94ABEFFD94ACEFFF94ADEFD6
:10DFA0000395AEEF0295AFEF0695B0EF0795B1EF91
:10DFB0000995B2EF0A95B3EF0D95B4EF0E95B5EF55
:10DFC0000F95B6EF1295B7EF1395B8EF1495B9EF1B
:10DFD0001595BAEF1695BBEF1895BCEF1B95BDEFE5
:10DFE0001D95BEEF1E95BFEF1F95C0EF2295C1EFA7
:10DFF0002A95C2EF2B95C3EF2995C4EF2C95C5EF59
:10E000003195C6EF3295C7EF3495C8EF3695C9EF15
:10E010003795CAEF3895CBEF3C95CCEF3E95CDEFD9
:10E020003F95CEEF4295CFEF3595D0EF4495D1EFA8
:10E030004595D2EF4695D3EF4995D4EF4C95D5EF62
:10E040004E95D6EF4F95D7EF5295D8EF5395D9EF20
:10E050005495DAEF5695DBEF5795DCEF5895DDEFE9
:10E060005995DEEF5B95DFEF5E95E0EF5F95E1EFB1
:10E070005D95E2EF6195E3EF6295E4EF6495E5EF7E
:10E080006595E6EF6695E7EF6795E8EF6895E9EF48
:10E090006995EAEF6A95EBEF6B95ECEF6C95EDEF18
:10E0A0006F95EEEF7195EFEF7295F0EF7395F1EFDD
:10E0B0003A95F2EFE777F3EFEC77F4EFC996F5EFE7
:10E0C000D579F6EFED79F7EFE379F8EFEB79F9EF42
:10E0D000067AFAEF475DFBEF037AFCEF027AFDEF79
:10E0E0001E7AFEEF147A40F0089941F0099942F047
:10E0F0000A9943F00B9944F00C9945F00E9946F0BB
:10E100000F9947F0119948F0129949F013994AF084
:10E1100014994BF015994CF016994DF017994EF053
:10E1200018994FF0199950F01A9951F01B9952F023
:10E130001C9953F01D9954F01E9955F01F9956F0F3
:10E14000209957F0219958F0229959F023995AF0C3
:10E1500024995BF025995CF026995DF027995EF093
:10E1600028995FF0299960F02A9961F02B9962F063
:10E170002C9963F02D9964F02F9965F0309966F031
:10E18000319967F0329968F0339969F034996AF0FF
:10E1900035996BF036996CF037996DF038996EF0CF
:10E1A00039996FF03A9970F03B9971F03C9972F09F
:10E1B0003D9973F03E9974F03F9975F0409976F06F
:10E1C000419977F0429978F0439979F044997AF03F
:10E1D00045997BF046997CF047997DF048997EF00F
:10E1E000499980F04A9981F04B9982F04C9983F0DB
:10E1F0004D9984F04E9985F04F9986F0509987F0AB
:10E20000519988F0529989F053998AF056998BF078
:10E2100057998CF058998DF059998EF05A998FF042
:10E220005B9990F05C9991F05D9992F05E9993F012
:10E230005F9994F0609995F0619996F0629997F0E2
:10E24000649998F0669999F073999AF078999BF08F
:10E2500079999CF07B999DF07E999EF082999FF030
:10E260008399A0F08999A1F0397AA2F0377AA3F0C6
:10E27000517AA4F0CF9EA5F0A599A6F0707AA7F0E8
:10E280008876A8F08E76A9F09376AAF09976ABF00E
:10E29000A476ACF0DE74ADF0E074AEF02C75AFF0A7
:10E2A000209EB0F0229EB1F0289EB2F0299EB3F0DD
:10E2B0002A9EB4F02B9EB5F02C9EB6F0329EB7F09D
:10E2C000319EB8F0369EB9F0389EBAF0379EBBF05A
:10E2D000399EBCF03A9EBDF03E9EBEF0419EBFF01E
:10E2E000429EC0F0449EC1F0469EC2F0479EC3F0DD
:10E2F000489EC4F0499EC5F04B9EC6F04C9EC7F0A8
:10E300004E9EC8F0519EC9F0559ECAF0579ECBF064
:10E310005A9ECCF05B9ECDF05C9ECEF05E9ECFF020
:10E32000639ED0F0669ED1F0679ED2F0689ED3F0D7
:10E33000699ED4F06A9ED5F06B9ED6F06C9ED7F0A5
:10E34000719ED8F06D9ED9F0739EDAF09275DBF075
:10E350009475DCF09675DDF0A075DEF09D75DFF04C
:10E36000AC75E0F0A375E1F0B375E2F0B475E3F0DD
:10E37000B875E4F0C475E5F0B175E6F0B075E7F096
:10E38000C375E8F0C275E9F0D675EAF0CD75EBF02B
:10E39000E375ECF0E875EDF0E675EEF0E475EFF09E
:10E3A000EB75F0F0E775F1F00376F2F0F175F3F04C
:10E3B000FC75F4F0FF75F5F01076F6F00076F7F0E6
:10E3C0000576F8F00C76F9F01776FAF00A76FBF09D
:10E3D0002576FCF01876FDF01576FEF0197640F102
:10E3E0008C9941F18E9942F19A9943F19B9944F1AC
:10E3F0009C9945F19D9946F19E9947F19F9948F165
:10E40000A09949F1A1994AF1A2994BF1A3994CF134
:10E41000A4994DF1A6994EF1A7994FF1A99950F100
:10E42000AA9951F1AB9952F1AC9953F1AD9954F1CC
:10E43000AE9955F1AF9956F1B09957F1B19958F19C
:10E44000B29959F1B3995AF1B4995BF1B5995CF16C
:10E45000B6995DF1B7995EF1B8995FF1B99960F13C
:10E46000BA9961F1BB9962F1BC9963F1BD9964F10C
:10E47000BE9965F1BF9966F1C09967F1C19968F1DC
:10E48000C29969F1C3996AF1C4996BF1C5996CF1AC
:10E49000C6996DF1C7996EF1C8996FF1C99970F17C
:10E4A000CA9971F1CB9972F1CC9973F1CD9974F14C
:10E4B000CE9975F1CF9976F1D09977F1D19978F11C
:10E4C000D29979F1D3997AF1D4997BF1D5997CF1EC
:10E4D000D6997DF1D7997EF1D89980F1D99981F1BA
:10E4E000DA9982F1DB9983F1DC9984F1DD9985F188
:10E4F000DE9986F1DF9987F1E09988F1E19989F158
:10E50000E2998AF1E3998BF1E4998CF1E5998DF127
:10E51000E6998EF1E7998FF1E89990F1E99991F1F7
:10E52000EA9992F1EB9993F1EC9994F1ED9995F1C7
:10E53000EE9996F1EF9997F1F09998F1F19999F197
:10E54000F2999AF1F3999BF1F4999CF1F5999DF167
:10E55000F6999EF1F7999FF1F899A0F1F999A1F137
:10E560001B76A2F13C76A3F12276A4F12076A5F1E8
:10E570004076A6F12D76A7F13076A8F13F76A9F185
:10E580003576AAF14376ABF13E76ACF13376ADF158
:10E590004D76AEF15E76AFF15476B0F15C76B1F1C6
:10E5A0005676B2F16B76B3F16F76B4F1CA7FB5F1FE
:10E5B000E67AB6F1787AB7F1797AB8F1807AB9F17A
:10E5C000867ABAF1887ABBF1957ABCF1A67ABDF168
:10E5D000A07ABEF1AC7ABFF1A87AC0F1AD7AC1F1F0
:10E5E000B37AC2F16488C3F16988C4F17288C5F155
:10E5F0007D88C6F17F88C7F18288C8F1A288C9F1F9
:10E60000C688CAF1B788CBF1BC88CCF1C988CDF1F6
:10E61000E288CEF1CE88CFF1E388D0F1E588D1F160
:10E62000F188D2F11A89D3F1FC88D4F1E888D5F1C8
:10E63000FE88D6F1F088D7F12189D8F11989D9F16E
:10E640001389DAF11B89DBF10A89DCF13489DDF108
:10E650002B89DEF13689DFF14189E0F16689E1F14C
:10E660007B89E2F18B75E3F1E580E4F1B276E5F1C7
:10E67000B476E6F1DC77E7F11280E8F11480E9F195
:10E680001680EAF11C80EBF12080ECF12280EDF1A4
:10E690002580EEF12680EFF12780F0F12980F1F15D
:10E6A0002880F2F13180F3F10B80F4F13580F5F13F
:10E6B0004380F6F14680F7F14D80F8F15280F9F190
:10E6C0006980FAF17180FBF18389FCF17898FDF1A2
:10E6D0008098FEF1839840F2FA9941F2FB9942F258
:10E6E000FC9943F2FD9944F2FE9945F2FF9946F2F6
:10E6F000009A47F2019A48F2029A49F2039A4AF2C2
:10E70000049A4BF2059A4CF2069A4DF2079A4EF291
:10E71000089A4FF2099A50F20A9A51F20B9A52F261
:10E720000C9A53F20D9A54F20E9A55F20F9A56F231
:10E73000109A57F2119A58F2129A59F2139A5AF201
:10E74000149A5BF2159A5CF2169A5DF2179A5EF2D1
:10E75000189A5FF2199A60F21A9A61F21B9A62F2A1
:10E760001C9A63F21D9A64F21E9A65F21F9A66F271
:10E77000209A67F2219A68F2229A69F2239A6AF241
:10E78000249A6BF2259A6CF2269A6DF2279A6EF211
:10E79000289A6FF2299A70F22A9A71F22B9A72F2E1
:10E7A0002C9A73F22D9A74F22E9A75F22F9A76F2B1
:10E7B000309A77F2319A78F2329A79F2339A7AF281
:10E7C000349A7BF2359A7CF2369A7DF2379A7EF251
:10E7D000389A80F2399A81F23A9A82F23B9A83F21D
:10E7E0003C9A84F23D9A85F23E9A86F23F9A87F2ED
:10E7F000409A88F2419A89F2429A8AF2439A8BF2BD
:10E80000449A8CF2459A8DF2469A8EF2479A8FF28C
:10E81000489A90F2499A91F24A9A92F24B9A93F25C
:10E820004C9A94F24D9A95F24E9A96F24F9A97F22C
:10E83000509A98F2519A99F2529A9AF2539A9BF2FC
:10E84000549A9CF2559A9DF2569A9EF2579A9FF2CC
:10E85000589AA0F2599AA1F28998A2F28C98A3F240
:10E860008D98A4F28F98A5F29498A6F29A98A7F2A0
:10E870009B98A8F29E98A9F29F98AAF2A198ABF251
:10E88000A298ACF2A598ADF2A698AEF24D86AFF282
:10E890005486B0F26C86B1F26E86B2F27F86B3F225
:10E8A0007A86B4F27C86B5F27B86B6F2A886B7F299
:10E8B0008D86B8F28B86B9F2AC86BAF29D86BBF231
:10E8C000A786BCF2A386BDF2AA86BEF29386BFF2EB
:10E8D000A986C0F2B686C1F2C486C2F2B586C3F27A
:10E8E000CE86C4F2B086C5F2BA86C6F2B186C7F249
:10E8F000AF86C8F2C986C9F2CF86CAF2B486CBF217
:10E90000E986CCF2F186CDF2F286CEF2ED86CFF238
:10E91000F386D0F2D086D1F21387D2F2DE86D3F21C
:10E92000F486D4F2DF86D5F2D886D6F2D186D7F235
:10E930000387D8F20787D9F2F886DAF20887DBF284
:10E940000A87DCF20D87DDF20987DEF22387DFF22A
:10E950003B87E0F21E87E1F22587E2F22E87E3F2A1
:10E960001A87E4F23E87E5F24887E6F23487E7F259
:10E970003187E8F22987E9F23787EAF23F87EBF23D
:10E980008287ECF22287EDF27D87EEF27E87EFF24E
:10E990007B87F0F26087F1F27087F2F24C87F3F236
:10E9A0006E87F4F28B87F5F25387F6F26387F7F2FE
:10E9B0007C87F8F26487F9F25987FAF26587FBF2EF
:10E9C0009387FCF2AF87FDF2A887FEF2D28740F36F
:10E9D0005A9A41F35B9A42F35C9A43F35D9A44F38B
:10E9E0005E9A45F35F9A46F3609A47F3619A48F35B
:10E9F000629A49F3639A4AF3649A4BF3659A4CF32B
:10EA0000669A4DF3679A4EF3689A4FF3699A50F3FA
:10EA10006A9A51F36B9A52F3729A53F3839A54F3AE
:10EA2000899A55F38D9A56F38E9A57F3949A58F320
:10EA3000959A59F3999A5AF3A69A5BF3A99A5CF3BB
:10EA4000AA9A5DF3AB9A5EF3AC9A5FF3AD9A60F36A
:10EA5000AE9A61F3AF9A62F3B29A63F3B39A64F336
:10EA6000B49A65F3B59A66F3B99A67F3BB9A68F3FB
:10EA7000BD9A69F3BE9A6AF3BF9A6BF3C39A6CF3BB
:10EA8000C49A6DF3C69A6EF3C79A6FF3C89A70F37F
:10EA9000C99A71F3CA9A72F3CD9A73F3CE9A74F34A
:10EAA000CF9A75F3D09A76F3D29A77F3D49A78F313
:10EAB000D59A79F3D69A7AF3D79A7BF3D99A7CF3DD
:10EAC000DA9A7DF3DB9A7EF3DC9A80F3DD9A81F3A8
:10EAD000DE9A82F3E09A83F3E29A84F3E39A85F371
:10EAE000E49A86F3E59A87F3E79A88F3E89A89F33C
:10EAF000E99A8AF3EA9A8BF3EC9A8CF3EE9A8DF307
:10EB0000F09A8EF3F19A8FF3F29A90F3F39A91F3CD
:10EB1000F49A92F3F59A93F3F69A94F3F79A95F39D
:10EB2000F89A96F3FA9A97F3FC9A98F3FD9A99F368
:10EB3000FE9A9AF3FF9A9BF3009B9CF3019B9DF333
:10EB4000029B9EF3049B9FF3059BA0F3069BA1F3FE
:10EB5000C687A2F38887A3F38587A4F3AD87A5F3BF
:10EB60009787A6F38387A7F3AB87A8F3E587A9F375
:10EB7000AC87AAF3B587ABF3B387ACF3CB87ADF320
:10EB8000D387AEF3BD87AFF3D187B0F3C087B1F3BE
:10EB9000CA87B2F3DB87B3F3EA87B4F3E087B5F350
:10EBA000EE87B6F31688B7F31388B8F3FE87B9F388
:10EBB0000A88BAF31B88BBF32188BCF33988BDF3FC
:10EBC0003C88BEF3367FBFF3427FC0F3447FC1F37E
:10EBD000457FC2F31082C3F3FA7AC4F3FD7AC5F31A
:10EBE000087BC6F3037BC7F3047BC8F3157BC9F32B
:10EBF0000A7BCAF32B7BCBF30F7BCCF3477BCDF3A4
:10EC0000387BCEF32A7BCFF3197BD0F32E7BD1F365
:10EC1000317BD2F3207BD3F3257BD4F3247BD5F354
:10EC2000337BD6F33E7BD7F31E7BD8F3587BD9F3E7
:10EC30005A7BDAF3457BDBF3757BDCF34C7BDDF34E
:10EC40005D7BDEF3607BDFF36E7BE0F37B7BE1F3E8
:10EC5000627BE2F3727BE3F3717BE4F3907BE5F399
:10EC6000A67BE6F3A77BE7F3B87BE8F3AC7BE9F39D
:10EC70009D7BEAF3A87BEBF3857BECF3AA7BEDF3BA
:10EC80009C7BEEF3A27BEFF3AB7BF0F3B47BF1F371
:10EC9000D17BF2F3C17BF3F3CC7BF4F3DD7BF5F3B3
:10ECA000DA7BF6F3E57BF7F3E67BF8F3EA7BF9F33F
:10ECB0000C7CFAF3FE7BFBF3FC7BFCF30F7CFDF397
:10ECC000167CFEF30B7C40F4079B41F4099B42F455
:10ECD0000A9B43F40B9B44F40C9B45F40D9B46F4B8
:10ECE0000E9B47F4109B48F4119B49F4129B4AF485
:10ECF000149B4BF4159B4CF4169B4DF4179B4EF450
:10ED0000189B4FF4199B50F41A9B51F41B9B52F41F
:10ED10001C9B53F41D9B54F41E9B55F4209B56F4EE
:10ED2000219B57F4229B58F4249B59F4259B5AF4B9
:10ED3000269B5BF4279B5CF4289B5DF4299B5EF487
:10ED40002A9B5FF42B9B60F42C9B61F42D9B62F457
:10ED50002E9B63F4309B64F4319B65F4339B66F423
:10ED6000349B67F4359B68F4369B69F4379B6AF4EF
:10ED7000389B6BF4399B6CF43A9B6DF43D9B6EF4BD
:10ED80003E9B6FF43F9B70F4409B71F4469B72F482
:10ED90004A9B73F44B9B74F44C9B75F44E9B76F436
:10EDA000509B77F4529B78F4539B79F4559B7AF4FB
:10EDB000569B7BF4579B7CF4589B7DF4599B7EF4C7
:10EDC0005A9B80F45B9B81F45C9B82F45D9B83F493
:10EDD0005E9B84F45F9B85F4609B86F4619B87F463
:10EDE000629B88F4639B89F4649B8AF4659B8BF433
:10EDF000669B8CF4679B8DF4689B8EF4699B8FF403
:10EE00006A9B90F46B9B91F46C9B92F46D9B93F4D2
:10EE10006E9B94F46F9B95F4709B96F4719B97F4A2
:10EE2000729B98F4739B99F4749B9AF4759B9BF472
:10EE3000769B9CF4779B9DF4789B9EF4799B9FF442
:10EE40007A9BA0F47B9BA1F41F7CA2F42A7CA3F400
:10EE5000267CA4F4387CA5F4417CA6F4407CA7F47D
:10EE6000FE81A8F40182A9F40282AAF40482ABF420
:10EE7000EC81ACF44488ADF42182AEF42282AFF48C
:10EE80002382B0F42D82B1F42F82B2F42882B3F43D
:10EE90002B82B4F43882B5F43B82B6F43382B7F4F3
:10EEA0003482B8F43E82B9F44482BAF44982BBF4A5
:10EEB0004B82BCF44F82BDF45A82BEF45F82BFF431
:10EEC0006882C0F47E88C1F48588C2F48888C3F45F
:10EED000D888C4F4DF88C5F45E89C6F49D7FC7F482
:10EEE0009F7FC8F4A77FC9F4AF7FCAF4B07FCBF48B
:10EEF000B27FCCF47C7CCDF44965CEF4917CCFF428
:10EF00009D7CD0F49C7CD1F49E7CD2F4A27CD3F482
:10EF1000B27CD4F4BC7CD5F4BD7CD6F4C17CD7F4EF
:10EF2000C77CD8F4CC7CD9F4CD7CDAF4C87CDBF493
:10EF3000C57CDCF4D77CDDF4E87CDEF46E82DFF4A3
:10EF4000A866E0F4BF7FE1F4CE7FE2F4D57FE3F47E
:10EF5000E57FE4F4E17FE5F4E67FE6F4E97FE7F4BA
:10EF6000EE7FE8F4F37FE9F4F87CEAF4777DEBF4E4
:10EF7000A67DECF4AE7DEDF4477EEEF49B7EEFF4DF
:10EF8000B89EF0F4B49EF1F4738DF2F4848DF3F432
:10EF9000948DF4F4918DF5F4B18DF6F4678DF7F45A
:10EFA0006D8DF8F4478CF9F4498CFAF44A91FBF42E
:10EFB0005091FCF44E91FDF44F91FEF4649140F5B4
:10EFC0007C9B41F57D9B42F57E9B43F57F9B44F501
:10EFD000809B45F5819B46F5829B47F5839B48F5D1
:10EFE000849B49F5859B4AF5869B4BF5879B4CF5A1
:10EFF000889B4DF5899B4EF58A9B4FF58B9B50F571
:10F000008C9B51F58D9B52F58E9B53F58F9B54F540
:10F01000909B55F5919B56F5929B57F5939B58F510
:10F02000949B59F5959B5AF5969B5BF5979B5CF5E0
:10F03000989B5DF5999B5EF59A9B5FF59B9B60F5B0
:10F040009C9B61F59D9B62F59E9B63F59F9B64F580
:10F05000A09B65F5A19B66F5A29B67F5A39B68F550
:10F06000A49B69F5A59B6AF5A69B6BF5A79B6CF520
:10F07000A89B6DF5A99B6EF5AA9B6FF5AB9B70F5F0
:10F08000AC9B71F5AD9B72F5AE9B73F5AF9B74F5C0
:10F09000B09B75F5B19B76F5B29B77F5B39B78F590
:10F0A000B49B79F5B59B7AF5B69B7BF5B79B7CF560
:10F0B000B89B7DF5B99B7EF5BA9B80F5BB9B81F52E
:10F0C000BC9B82F5BD9B83F5BE9B84F5BF9B85F5FC
:10F0D000C09B86F5C19B87F5C29B88F5C39B89F5CC
:10F0E000C49B8AF5C59B8BF5C69B8CF5C79B8DF59C
:10F0F000C89B8EF5C99B8FF5CA9B90F5CB9B91F56C
:10F10000CC9B92F5CD9B93F5CE9B94F5CF9B95F53B
:10F11000D09B96F5D19B97F5D29B98F5D39B99F50B
:10F12000D49B9AF5D59B9BF5D69B9CF5D79B9DF5DB
:10F13000D89B9EF5D99B9FF5DA9BA0F5DB9BA1F5AB
:10F140006291A2F56191A3F57091A4F56991A5F57D
:10F150006F91A6F57D91A7F57E91A8F57291A9F51D
:10F160007491AAF57991ABF58C91ACF58591ADF5DB
:10F170009091AEF58D91AFF59191B0F5A291B1F569
:10F18000A391B2F5AA91B3F5AD91B4F5AE91B5F5F1
:10F19000AF91B6F5B591B7F5B491B8F5BA91B9F5A7
:10F1A000558CBAF57E9EBBF5B88DBCF5EB8DBDF5E3
:10F1B000058EBEF5598EBFF5698EC0F5B58DC1F5CA
:10F1C000BF8DC2F5BC8DC3F5BA8DC4F5C48DC5F530
:10F1D000D68DC6F5D78DC7F5DA8DC8F5DE8DC9F5A4
:10F1E000CE8DCAF5CF8DCBF5DB8DCCF5C68DCDF5AB
:10F1F000EC8DCEF5F78DCFF5F88DD0F5E38DD1F50B
:10F20000F98DD2F5FB8DD3F5E48DD4F5098ED5F5C6
:10F21000FD8DD6F5148ED7F51D8ED8F51F8ED9F538
:10F220002C8EDAF52E8EDBF5238EDCF52F8EDDF5B8
:10F230003A8EDEF5408EDFF5398EE0F5358EE1F55C
:10F240003D8EE2F5318EE3F5498EE4F5418EE5F52C
:10F25000428EE6F5518EE7F5528EE8F54A8EE9F5D5
:10F26000708EEAF5768EEBF57C8EECF56F8EEDF513
:10F27000748EEEF5858EEFF58F8EF0F5948EF1F5A8
:10F28000908EF2F59C8EF3F59E8EF4F5788CF5F564
:10F29000828CF6F58A8CF7F5858CF8F5988CF9F563
:10F2A000948CFAF59B65FBF5D689FCF5DE89FDF5B6
:10F2B000DA89FEF5DC8940F6DC9B41F6DD9B42F6FF
:10F2C000DE9B43F6DF9B44F6E09B45F6E19B46F66A
:10F2D000E29B47F6E39B48F6E49B49F6E59B4AF63A
:10F2E000E69B4BF6E79B4CF6E89B4DF6E99B4EF60A
:10F2F000EA9B4FF6EB9B50F6EC9B51F6ED9B52F6DA
:10F30000EE9B53F6EF9B54F6F09B55F6F19B56F6A9
:10F31000F29B57F6F39B58F6F49B59F6F59B5AF679
:10F32000F69B5BF6F79B5CF6F89B5DF6F99B5EF649
:10F33000FA9B5FF6FB9B60F6FC9B61F6FD9B62F619
:10F34000FE9B63F6FF9B64F6009C65F6019C66F6E7
:10F35000029C67F6039C68F6049C69F6059C6AF6B5
:10F36000069C6BF6079C6CF6089C6DF6099C6EF685
:10F370000A9C6FF60B9C70F60C9C71F60D9C72F655
:10F380000E9C73F60F9C74F6109C75F6119C76F625
:10F39000129C77F6139C78F6149C79F6159C7AF6F5
:10F3A000169C7BF6179C7CF6189C7DF6199C7EF6C5
:10F3B0001A9C80F61B9C81F61C9C82F61D9C83F691
:10F3C0001E9C84F61F9C85F6209C86F6219C87F661
:10F3D000229C88F6239C89F6249C8AF6259C8BF631
:10F3E000269C8CF6279C8DF6289C8EF6299C8FF601
:10F3F0002A9C90F62B9C91F62C9C92F62D9C93F6D1
:10F400002E9C94F62F9C95F6309C96F6319C97F6A0
:10F41000329C98F6339C99F6349C9AF6359C9BF670
:10F42000369C9CF6379C9DF6389C9EF6399C9FF640
:10F430003A9CA0F63B9CA1F6E589A2F6EB89A3F6DF
:10F44000EF89A4F63E8AA5F6268BA6F65397A7F673
:10F45000E996A8F6F396A9F6EF96AAF60697ABF604
:10F460000197ACF60897ADF60F97AEF60E97AFF68C
:10F470002A97B0F62D97B1F63097B2F63E97B3F6CD
:10F48000809FB4F6839FB5F6859FB6F6869FB7F644
:10F49000879FB8F6889FB9F6899FBAF68A9FBBF610
:10F4A0008C9FBCF6FE9EBDF60B9FBEF60D9FBFF671
:10F4B000B996C0F6BC96C1F6BD96C2F6CE96C3F616
:10F4C000D296C4F6BF77C5F6E096C6F68E92C7F61A
:10F4D000AE92C8F6C892C9F63E93CAF66A93CBF6C6
:10F4E000CA93CCF68F93CDF63E94CEF66B94CFF6BE
:10F4F0007F9CD0F6829CD1F6859CD2F6869CD3F672
:10F50000879CD4F6889CD5F6237AD6F68B9CD7F6C2
:10F510008E9CD8F6909CD9F6919CDAF6929CDBF6FC
:10F52000949CDCF6959CDDF69A9CDEF69B9CDFF6BF
:10F530009E9CE0F69F9CE1F6A09CE2F6A19CE3F67F
:10F54000A29CE4F6A39CE5F6A59CE6F6A69CE7F64D
:10F55000A79CE8F6A89CE9F6A99CEAF6AB9CEBF61A
:10F56000AD9CECF6AE9CEDF6B09CEEF6B19CEFF6E1
:10F57000B29CF0F6B39CF1F6B49CF2F6B59CF3F6AF
:10F58000B69CF4F6B79CF5F6BA9CF6F6BB9CF7F67B
:10F59000BC9CF8F6BD9CF9F6C49CFAF6C59CFBF63B
:10F5A000C69CFCF6C79CFDF6CA9CFEF6CB9C40F7B9
:10F5B0003C9C41F73D9C42F73E9C43F73F9C44F7FF
:10F5C000409C45F7419C46F7429C47F7439C48F7CF
:10F5D000449C49F7459C4AF7469C4BF7479C4CF79F
:10F5E000489C4DF7499C4EF74A9C4FF74B9C50F76F
:10F5F0004C9C51F74D9C52F74E9C53F74F9C54F73F
:10F60000509C55F7519C56F7529C57F7539C58F70E
:10F61000549C59F7559C5AF7569C5BF7579C5CF7DE
:10F62000589C5DF7599C5EF75A9C5FF75B9C60F7AE
:10F630005C9C61F75D9C62F75E9C63F75F9C64F77E
:10F64000609C65F7619C66F7629C67F7639C68F74E
:10F65000649C69F7659C6AF7669C6BF7679C6CF71E
:10F66000689C6DF7699C6EF76A9C6FF76B9C70F7EE
:10F670006C9C71F76D9C72F76E9C73F76F9C74F7BE
:10F68000709C75F7719C76F7729C77F7739C78F78E
:10F69000749C79F7759C7AF7769C7BF7779C7CF75E
:10F6A000789C7DF7799C7EF77A9C80F77B9C81F72C
:10F6B0007D9C82F77E9C83F7809C84F7839C85F7F2
:10F6C000849C86F7899C87F78A9C88F78C9C89F7AD
:10F6D0008F9C8AF7939C8BF7969C8CF7979C8DF761
:10F6E000989C8EF7999C8FF79D9C90F7AA9C91F718
:10F6F000AC9C92F7AF9C93F7B99C94F7BE9C95F79E
:10F70000BF9C96F7C09C97F7C19C98F7C29C99F74D
:10F71000C89C9AF7C99C9BF7D19C9CF7D29C9DF7FB
:10F72000DA9C9EF7DB9C9FF7E09CA0F7E19CA1F799
:10F73000CC9CA2F7CD9CA3F7CE9CA4F7CF9CA5F7B9
:10F74000D09CA6F7D39CA7F7D49CA8F7D59CA9F783
:10F75000D79CAAF7D89CABF7D99CACF7DC9CADF74B
:10F76000DD9CAEF7DF9CAFF7E29CB0F77C97B1F77A
:10F770008597B2F79197B3F79297B4F79497B5F747
:10F78000AF97B6F7AB97B7F7A397B8F7B297B9F7B4
:10F79000B497BAF7B19ABBF7B09ABCF7B79ABDF76E
:10F7A000589EBEF7B69ABFF7BA9AC0F7BC9AC1F78F
:10F7B000C19AC2F7C09AC3F7C59AC4F7C29AC5F7EF
:10F7C000CB9AC6F7CC9AC7F7D19AC8F7459BC9F729
:10F7D000439BCAF7479BCBF7499BCCF7489BCDF798
:10F7E0004D9BCEF7519BCFF7E898D0F70D99D1F705
:10F7F0002E99D2F75599D3F75499D4F7DF9AD5F7C4
:10F80000E19AD6F7E69AD7F7EF9AD8F7EB9AD9F7B5
:10F81000FB9ADAF7ED9ADBF7F99ADCF7089BDDF74C
:10F820000F9BDEF7139BDFF71F9BE0F7239BE1F7AE
:10F83000BD9EE2F7BE9EE3F73B7EE4F7829EE5F7CE
:10F84000879EE6F7889EE7F78B9EE8F7929EE9F79A
:10F85000D693EAF79D9EEBF79F9EECF7DB9EEDF7C4
:10F86000DC9EEEF7DD9EEFF7E09EF0F7DF9EF1F70E
:10F87000E29EF2F7E99EF3F7E79EF4F7E59EF5F7CF
:10F88000EA9EF6F7EF9EF7F7229FF8F72C9FF9F71D
:10F890002F9FFAF7399FFBF7379FFCF73D9FFDF746
:10F8A0003E9FFEF7449F40F8E39C41F8E49C42F8F9
:10F8B000E59C43F8E69C44F8E79C45F8E89C46F84C
:10F8C000E99C47F8EA9C48F8EB9C49F8EC9C4AF81C
:10F8D000ED9C4BF8EE9C4CF8EF9C4DF8F09C4EF8EC
:10F8E000F19C4FF8F29C50F8F39C51F8F49C52F8BC
:10F8F000F59C53F8F69C54F8F79C55F8F89C56F88C
:10F90000F99C57F8FA9C58F8FB9C59F8FC9C5AF85B
:10F91000FD9C5BF8FE9C5CF8FF9C5DF8009D5EF82A
:10F92000019D5FF8029D60F8039D61F8049D62F8F7
:10F93000059D63F8069D64F8079D65F8089D66F8C7
:10F94000099D67F80A9D68F80B9D69F80C9D6AF897
:10F950000D9D6BF80E9D6CF80F9D6DF8109D6EF867
:10F96000119D6FF8129D70F8139D71F8149D72F837
:10F97000159D73F8169D74F8179D75F8189D76F807
:10F98000199D77F81A9D78F81B9D79F81C9D7AF8D7
:10F990001D9D7BF81E9D7CF81F9D7DF8209D7EF8A7
:10F9A000219D80F8229D81F8239D82F8249D83F873
:10F9B000259D84F8269D85F8279D86F8289D87F843
:10F9C000299D88F82A9D89F82B9D8AF82C9D8BF813
:10F9D0002D9D8CF82E9D8DF82F9D8EF8309D8FF8E3
:10F9E000319D90F8329D91F8339D92F8349D93F8B3
:10F9F000359D94F8369D95F8379D96F8389D97F883
:10FA0000399D98F83A9D99F83B9D9AF83C9D9BF852
:10FA10003D9D9CF83E9D9DF83F9D9EF8409D9FF822
:10FA2000419DA0F8429D40F9439D41F9449D42F912
:10FA3000459D43F9469D44F9479D45F9489D46F942
:10FA4000499D47F94A9D48F94B9D49F94C9D4AF912
:10FA50004D9D4BF94E9D4CF94F9D4DF9509D4EF9E2
:10FA6000519D4FF9529D50F9539D51F9549D52F9B2
:10FA7000559D53F9569D54F9579D55F9589D56F982
:10FA8000599D57F95A9D58F95B9D59F95C9D5AF952
:10FA90005D9D5BF95E9D5CF95F9D5DF9609D5EF922
:10FAA000619D5FF9629D60F9639D61F9649D62F9F2
:10FAB000659D63F9669D64F9679D65F9689D66F9C2
:10FAC000699D67F96A9D68F96B9D69F96C9D6AF992
:10FAD0006D9D6BF96E9D6CF96F9D6DF9709D6EF962
:10FAE000719D6FF9729D70F9739D71F9749D72F932
:10FAF000759D73F9769D74F9779D75F9789D76F902
:10FB0000799D77F97A9D78F97B9D79F97C9D7AF9D1
:10FB10007D9D7BF97E9D7CF97F9D7DF9809D7EF9A1
:10FB2000819D80F9829D81F9839D82F9849D83F96D
:10FB3000859D84F9869D85F9879D86F9889D87F93D
:10FB4000899D88F98A9D89F98B9D8AF98C9D8BF90D
:10FB50008D9D8CF98E9D8DF98F9D8EF9909D8FF9DD
:10FB6000919D90F9929D91F9939D92F9949D93F9AD
:10FB7000959D94F9969D95F9979D96F9989D97F97D
:10FB8000999D98F99A9D99F99B9D9AF99C9D9BF94D
:10FB90009D9D9CF99E9D9DF99F9D9EF9A09D9FF91D
:10FBA000A19DA0F9A29D40FAA39D41FAA49D42FA0D
:10FBB000A59D43FAA69D44FAA79D45FAA89D46FA3D
:10FBC000A99D47FAAA9D48FAAB9D49FAAC9D4AFA0D
:10FBD000AD9D4BFAAE9D4CFAAF9D4DFAB09D4EFADD
:10FBE000B19D4FFAB29D50FAB39D51FAB49D52FAAD
:10FBF000B59D53FAB69D54FAB79D55FAB89D56FA7D
:10FC0000B99D57FABA9D58FABB9D59FABC9D5AFA4C
:10FC1000BD9D5BFABE9D5CFABF9D5DFAC09D5EFA1C
:10FC2000C19D5FFAC29D60FAC39D61FAC49D62FAEC
:10FC3000C59D63FAC69D64FAC79D65FAC89D66FABC
:10FC4000C99D67FACA9D68FACB9D69FACC9D6AFA8C
:10FC5000CD9D6BFACE9D6CFACF9D6DFAD09D6EFA5C
:10FC6000D19D6FFAD29D70FAD39D71FAD49D72FA2C
:10FC7000D59D73FAD69D74FAD79D75FAD89D76FAFC
:10FC8000D99D77FADA9D78FADB9D79FADC9D7AFACC
:10FC9000DD9D7BFADE9D7CFADF9D7DFAE09D7EFA9C
:10FCA000E19D80FAE29D81FAE39D82FAE49D83FA68
:10FCB000E59D84FAE69D85FAE79D86FAE89D87FA38
:10FCC000E99D88FAEA9D89FAEB9D8AFAEC9D8BFA08
:10FCD000ED9D8CFAEE9D8DFAEF9D8EFAF09D8FFAD8
:10FCE000F19D90FAF29D91FAF39D92FAF49D93FAA8
:10FCF000F59D94FAF69D95FAF79D96FAF89D97FA78
:10FD0000F99D98FAFA9D99FAFB9D9AFAFC9D9BFA47
:10FD1000FD9D9CFAFE9D9DFAFF9D9EFA009E9FFA16
:10FD2000019EA0FA029E40FB039E41FB049E42FB03
:10FD3000059E43FB069E44FB079E45FB089E46FB33
:10FD4000099E47FB0A9E48FB0B9E49FB0C9E4AFB03
:10FD50000D9E4BFB0E9E4CFB0F9E4DFB109E4EFBD3
:10FD6000119E4FFB129E50FB139E51FB149E52FBA3
:10FD7000159E53FB169E54FB179E55FB189E56FB73
:10FD8000199E57FB1A9E58FB1B9E59FB1C9E5AFB43
:10FD90001D9E5BFB1E9E5CFB249E5DFB279E5EFB07
:10FDA0002E9E5FFB309E60FB349E61FB3B9E62FBA0
:10FDB0003C9E63FB409E64FB4D9E65FB509E66FB34
:10FDC000529E67FB539E68FB549E69FB569E6AFBDE
:10FDD000599E6BFB5D9E6CFB5F9E6DFB609E6EFB98
:10FDE000619E6FFB629E70FB659E71FB6E9E72FB57
:10FDF0006F9E73FB729E74FB749E75FB759E76FB03
:10FE0000769E77FB779E78FB789E79FB799E7AFBCE
:10FE10007A9E7BFB7B9E7CFB7C9E7DFB7D9E7EFB9E
:10FE2000809E80FB819E81FB839E82FB849E83FB60
:10FE3000859E84FB869E85FB899E86FB8A9E87FB2A
:10FE40008C9E88FB8D9E89FB8E9E8AFB8F9E8BFBF2
:10FE5000909E8CFB919E8DFB949E8EFB959E8FFBBE
:10FE6000969E90FB979E91FB989E92FB999E93FB8A
:10FE70009A9E94FB9B9E95FB9C9E96FB9E9E97FB59
:10FE8000A09E98FBA19E99FBA29E9AFBA39E9BFB22
:10FE9000A49E9CFBA59E9DFBA79E9EFBA89E9FFBF0
:10FEA000A99EA0FBAA9E40FCAB9E41FCAC9E42FCDE
:10FEB000AD9E43FCAE9E44FCAF9E45FCB09E46FC0E
:10FEC000B19E47FCB29E48FCB39E49FCB59E4AFCDD
:10FED000B69E4BFCB79E4CFCB99E4DFCBA9E4EFCA8
:10FEE000BC9E4FFCBF9E50FCC09E51FCC19E52FC6C
:10FEF000C29E53FCC39E54FCC59E55FCC69E56FC38
:10FF0000C79E57FCC89E58FCCA9E59FCCB9E5AFC03
:10FF1000CC9E5BFCD09E5CFCD29E5DFCD39E5EFCC6
:10FF2000D59E5FFCD69E60FCD79E61FCD99E62FC8C
:10FF3000DA9E63FCDE9E64FCE19E65FCE39E66FC4B
:10FF4000E49E67FCE69E68FCE89E69FCEB9E6AFC0A
:10FF5000EC9E6BFCED9E6CFCEE9E6DFCF09E6EFCD0
:10FF6000F19E6FFCF29E70FCF39E71FCF49E72FC9D
:10FF7000F59E73FCF69E74FCF79E75FCF89E76FC6D
:10FF8000FA9E77FCFD9E78FCFF9E79FC009F7AFC30
:10FF9000019F7BFC029F7CFC039F7DFC049F7EFCF9
:10FFA000059F80FC069F81FC079F82FC089F83FCC5
:10FFB000099F84FC0A9F85FC0C9F86FC0F9F87FC91
:10FFC000119F88FC129F89FC149F8AFC159F8BFC53
:10FFD000169F8CFC189F8DFC1A9F8EFC1B9F8FFC1C
:10FFE0001C9F90FC1D9F91FC1E9F92FC1F9F93FCE9
:10FFF000219F94FC239F95FC249F96FC259F97FCB2
:020000040803EF
:10000000269F98FC279F99FC289F9AFC299F9BFC80
:100010002A9F9CFC2B9F9DFC2D9F9EFC2E9F9FFC4E
:10002000309FA0FC319F40FD329F41FD339F42FD38
:10003000349F43FD359F44FD369F45FD389F46FD67
:100040003A9F47FD3C9F48FD3F9F49FD409F4AFD29
:10005000419F4BFD429F4CFD439F4DFD459F4EFDF3
:10006000469F4FFD479F50FD489F51FD499F52FDC0
:100070004A9F53FD4B9F54FD4C9F55FD4D9F56FD90
:100080004E9F57FD4F9F58FD529F59FD539F5AFD5C
:10009000549F5BFD559F5CFD569F5DFD579F5EFD28
:1000A000589F5FFD599F60FD5A9F61FD5B9F62FDF8
:1000B0005C9F63FD5D9F64FD5E9F65FD5F9F66FDC8
:1000C000609F67FD619F68FD629F69FD639F6AFD98
:1000D000649F6BFD659F6CFD669F6DFD679F6EFD68
:1000E000689F6FFD699F70FD6A9F71FD6B9F72FD38
:1000F0006C9F73FD6D9F74FD6E9F75FD6F9F76FD08
:10010000709F77FD719F78FD729F79FD739F7AFDD7
:10011000749F7BFD759F7CFD769F7DFD779F7EFDA7
:10012000789F80FD799F81FD7A9F82FD7B9F83FD73
:100130007C9F84FD7D9F85FD7E9F86FD819F87FD41
:10014000829F88FD8D9F89FD8E9F8AFD8F9F8BFDED
:10015000909F8CFD919F8DFD929F8EFD939F8FFDB3
:10016000949F90FD959F91FD969F92FD979F93FD83
:10017000989F94FD9C9F95FD9D9F96FD9E9F97FD4A
:10018000A19F98FDA29F99FDA39F9AFDA49F9BFD0F
:10019000A59F9CFD2CF99DFD79F99EFD95F99FFD8C
:1001A000E7F9A0FDF1F940FE0CFA41FE0DFA42FE1E
:1001B0000EFA43FE0FFA44FE11FA45FE13FA46FE0C
:1001C00014FA47FE18FA48FE1FFA49FE20FA4AFEC2
:1001D00021FA4BFE23FA4CFE24FA4DFE27FA4EFE7E
:1001E00028FA4FFE29FA0000000061001A03E0001F
:1001F0001703F8000703FF00010078010001300138
:1002000032010601390110014A012E01790106016E
:1002100080014D0043028101820182018401840139
:1002200086018701870189018A018B018B018D017C
:100230008E018F0190019101910193019401F601CA
:1002400096019701980198013D029B019C019D0137
:1002500020029F01A001A001A201A201A401A4010A
:10026000A601A701A701A901AA01AB01AC01AC013C
:10027000AE01AF01AF01B101B201B301B301B501EC
:10028000B501B701B801B801BA01BB01BC01BC019D
:10029000BE01F701C001C101C201C301C401C50112
:1002A000C401C701C801C701CA01CB01CA01CD0100
:1002B0001001DD0101008E01DE011201F3010300D6
:1002C000F101F401F401F8012801220212013A02BD
:1002D0000900652C3B023B023D02662C3F024002B6
:1002E0004102410246020A01530240008101860197
:1002F000550289018A0158028F015A0290015C025D
:100300005D025E025F029301610262029401640277
:10031000650266026702970196016A02622C6C020E
:100320006D026E029C01700271029D0173027402E3
:100330009F0176027702780279027A027B027C02C0
:10034000642C7E027F02A60181028202A90184023E
:10035000850286028702AE014402B101B201450264
:100360008D028E028F0290029102B7017B0303007F
:10037000FD03FE03FF03AC03040086038803890327
:100380008A03B1031103C2030200A303A303C4033E
:100390000803CC0303008C038E038F03D8031801DA
:1003A000F2030A00F903F303F403F503F603F7037A
:1003B000F703F903FA03FA0330042003500410078B
:1003C000600422018A043601C1040E01CF04010039
:1003D000C004D00444016105260400007D1D010015
:1003E000632C001E9601A01E5A01001F0806101F54
:1003F0000606201F0806301F0806401F0606511F6C
:100400000700591F521F5B1F541F5D1F561F5F1FA0
:10041000601F0806701F0E00BA1FBB1FC81FC91F30
:10042000CA1FCB1FDA1FDB1FF81FF91FEA1FEB1FC4
:10043000FA1FFB1F801F0806901F0806A01F080652
:10044000B01F0400B81FB91FB21FBC1FCC1F010092
:10045000C31FD01F0206E01F0206E51F0100EC1FAC
:10046000F21F0100FC1F4E210100322170211002F9
:10047000842101008321D0241A05302C2F04602C04
:100480000201672C0601752C0201802C6401002DED
:10049000260841FF1A030000C805030800000020D9
:1004A00020000000C4010008E80503082000002027
:1004B000F80F0000E00100081001000043000000F8
:1004C000F8FFFFFF00404040404040404040414175
:1004D0004141414040404040404040404040404019
:1004E00040404040400502020202020202020202B3
:1004F00002020202022020202020202020202002B0
:10050000020202020202909090909090101010103F
:1005100010101010101010101010101010101010DB
:10052000020202020202888888888888080808086F
:10053000080808080808080808080808080808083B
:100540000202020240000000000000000000000063
:10055000000000000000000000000000000000009B
:10056000000000000000000000000000000000008B
:10057000000000000000000000000000000000007B
:10058000000000000000000000000000000000006B
:10059000000000000000000000000000000000005B
:1005A000000000000000000000000000000000004B
:1005B000000000000000000000000000000000003B
:1005C000000000000000000000010000000000002A
:1005D0000000000010000000010000000024F400F2
:0805E000000000000000000013
:040000050800018965
:00000001FF
