:020000040800F2
:1000000020EC012071030008BD8000085D78000825
:10001000B9800008190E000889A700080000000038
:100020000000000000000000000000007D02000849
:10003000312B000800000000D90200086598000874
:100040008B0300088B0300088B0300088B03000858
:100050008B0300088B0300088B0300088B03000848
:100060003F2B0008492B0008532B00088B03000886
:100070008B0300088B0300088B0300088B03000828
:10008000910E0008A10E00088B0300088B030008E6
:100090008B0300088B0300088B0300085D2B00080E
:1000A0008B0300088B0300088B0300088B030008F8
:1000B0008B030008659900088B0300088B03000878
:1000C0008B0300088B0300088B0300088B030008D8
:1000D0008B0300088B0300088B0300088B030008C8
:1000E000332B00088B0300088B0300088B030008E8
:1000F0008B030008859900088B0300088B03000818
:100100008B030008C58500088B0300088B030008DB
:100110008B0300088B0300088B0300087599000807
:100120008B0300088B0300088B030008B10E000846
:100130008B0300088B0300088B0300088B03000867
:100140008B0300088B0300088B0300088B03000857
:100150008B030008C10E00088B0300088B03000806
:100160008B0300088B0300088B0300088B03000837
:100170008B0300088B0300088B03000800000000BD
:100180008B0300088B03000800F002F800F066F80B
:100190000AA090E8000C82448344AAF10107DA45E2
:1001A00001D100F05BF8AFF2090EBAE80F0013F0CE
:1001B000010F18BFFB1A43F001031847480B010059
:1001C000780B01000A444FF0000C10F8013B13F0CB
:1001D000070408BF10F8014B1D1108BF10F8015BA0
:1001E000641E05D010F8016B641E01F8016BF9D193
:1001F00013F0080F1EBF10F8014BAD1C0C1B09D1EA
:100200006D1E58BF01F801CBFAD505E014F8016B5B
:1002100001F8016B6D1EF9D59142D6D370470000ED
:100220000023002400250026103A28BF78C1FBD8FF
:10023000520728BF30C148BF0B607047642900F0E7
:10024000BB81732900F05B84002070471FB50FF05D
:1002500065FA00F002FA1FBD10B510BD00F0BAFC3F
:100260001146FFF7F3FF0CF00FFB00F0D8FC03B4CE
:10027000FFF7F2FF03BC00F0DBFC00002C4B196819
:100280000868B0E8F04F80F30988BFF36F8F4FF034
:10029000000080F3118870470000000008480068E3
:1002A000006880F308884FF0000080F3148862B67D
:1002B00061B6BFF34F8FBFF36F8F00DF00BF00BF8A
:1002C00008ED00E0DFF80C00016841F47001016006
:1002D000704700BF88ED00E0EFF30980BFF36F8F38
:1002E000134B1A681EF0100F08BF20ED108A20E98A
:1002F000F04F106009B44FF0500080F31188BFF345
:100300004F8FBFF36F8F0DF045FE4FF0000080F36D
:10031000118809BC19680868B0E8F04F1EF0100F8A
:1003200008BFB0EC108A80F30988BFF36F8F704765
:10033000B0C30120EFF30580704700000B49D1F8EE
:1003400000C04A685CF8043B1068184442F8040B8B
:100350008C4528BFA1F1DC0C8A4228BFA1F1DC0248
:10036000C1F800C04A6020F000407047B8E50120A5
:100370000948804709480047FEE7FEE7FEE7FEE739
:10038000FEE7FEE7FEE7FEE7FEE7FEE70448054975
:10039000054A064B70470000519900088901000882
:1003A00020E6012020EC012020E8012020E80120A7
:1003B00053EA020C00F069802DE9F04B4FF0000683
:1003C000002B1FBFB3FA83F503FA05F424FA05F6F0
:1003D0005E4012BF1643B2FA82F502FA05F4C5F187
:1003E00020051EBF22FA05FC44EA0C04203556EA1B
:1003F000044C4FEA144418BF641C4FF000084FF03F
:100400000009904271EB030C39D3002919BFB1FAEE
:1004100081F701FA07F6B0FA80F700FA07F6C7F19C
:1004200020071EBF20FA07FC46EA0C062037B6FB61
:10043000F4FCA7EB0507103F07F01F0BCBF12006DC
:100440000CFA0BFB2CFA06F644BFB3460026202F0D
:10045000A4BF5E464FF0000B5BEA060C08BF4FF0EE
:10046000010B19EB0B09ABFB027C48EB0608C01B28
:1004700006FB02CC0BFB03CC71EB0C01C1E70B4676
:10048000024641464846BDE8F08B13B54FF00000E8
:100490004FF00001AFF30080BDE81C407047000042
:1004A0000FB41CB5074B06AA7B446946009005981B
:1004B00000F0F3FA0020694600F002FB1CBC5DF876
:1004C00014FB0000150600000FB41CB50C0007AAB1
:1004D000009001D02044401E074B7B4469460190A8
:1004E000069800F0DAFA002C03D06946002000F0EC
:1004F000E7FA1CBC5DF814FBED0500002DE9F041A6
:100500000E460446002020622046E168884730B34A
:10051000252805D0D4E901219047206A401CF2E744
:10052000E168204600278847050018D0A5F1410062
:10053000192802D820354FF4006732462946204654
:100540002760FFF77BFE40B1012804D0F61D26F09E
:1005500007060836D8E7361DD6E72846DAE7206AC8
:10056000BDE8F08170B50C460546012A05D0287813
:10057000800600D5EA69002302E0012305E05B1C48
:10058000934202D2E05C0028F9D1A869E618C01AAB
:10059000A861286A184428622846AFF3008004E066
:1005A000D5E9012114F8010B9047B442F8D328464D
:1005B000AFF3008070BD00002DE9F0410646002435
:1005C00010687529314616A510D0AFF300800028B9
:1005D00002DA404213A507E031688A0701D512A567
:1005E00002E0490704D511A5012401E0AFF3008022
:1005F00000210A2206F1240709E0B0FBF2FCB0FB5F
:10060000F2F302FB1C00303078541846491C0028D5
:10061000F3D123462A463046BDE8F04100F0DFB969
:10062000000000002D0000002B0000002000000052
:100630000B4910B5A1F17C020A4CC2E937123721EF
:1006400006E000EB104342F82130074B00FB03406B
:100650000B1EA1F10101F4DC10BD0120E8E7000050
:1006600058E50120E119D666CD0D010030B50546EB
:100670000B462A4613F8014B12F8010B08B1A042B1
:10068000F8D01CB1002802D06D1CF1E7284630BD1F
:1006900040EA0103024630B59B0710D14FF0013408
:1006A00000E008C208C91D1B9D4315EAC41FF8D00D
:1006B00013F0FF0102F8011B0DD01B0AF8E711F837
:1006C000013B002B02F8013B05D011F8013B002B48
:1006D00002F8013BF3D130BD10B5431C02E010F825
:1006E000011B71B18107FAD14FF0013202C88C1A97
:1006F0008C4314EAC211F9D0C01A0A0603D0C01EF6
:1007000010BDC01A10BD0A0401D0801E10BD090220
:10071000FCD0401E10BD40EA010370B59B072ED1EE
:100720004FF00136042A2AD308C810C99D1B9D43E7
:10073000121F15EAC61517D0D8B2E1B2401A50EA16
:10074000056110D198B2A1B2401A50EA05410AD110
:1007500023F07F4024F07F41401A50EA052102D166
:10076000180EA0EB146070BDA342DBD018BA21BAFA
:10077000884201D9012070BD4FF0FF3070BD0AB929
:10078000002070BD10F8013B11F8014B63B1A3428A
:100790000AD1521E08D010F8013B11F8014B1BB1D1
:1007A000A34201D1521EEDD1181B70BD032A40F2A5
:1007B000308010F0030C00F0158011F8013BBCF103
:1007C000020F624498BF11F801CB00F8013B38BF1B
:1007D00011F8013BA2F1040298BF00F801CB38BF29
:1007E00000F8013B11F0030300F06780083AC0F005
:1007F000088051F8043B083A51F804CBA0E80810EF
:10080000F5E7121D5CBF51F8043B40F8043BAFF321
:100810000080D20724BF11F8013B11F801CB48BF7B
:1008200011F8012B24BF00F8013B00F801CB48BFB1
:1008300000F8012B7047431A28BF9A427FF6B6AFE3
:10084000032A1044114440F2268010F0030F1EBF0B
:1008500011F8013D521E00F8013D10F0030F7FF426
:10086000F6AF11F0030300F06181083AC0F00B808D
:1008700051F8043D083A51F804CD40F8043D40F8E1
:1008800004CDFFF7F3BF121D5CBF51F8043D40F8E3
:10089000043DAFF30080D20724BF11F8013D11F8E9
:1008A00001CD48BF11F8012C24BF00F8013D00F82C
:1008B00001CD48BF00F8012C704710B5203AC0F0B8
:1008C0000B80B1E81850203AA0E81850B1E8185051
:1008D000A0E81850BFF4F5AF5FEA027C24BFB1E88E
:1008E0001850A0E8185044BF18C918C0BDE81040FF
:1008F0005FEA827C24BF51F8043B40F8043B08BF08
:100900007047D20728BF31F8023B48BF11F8012BCE
:1009100028BF20F8023B48BF00F8012B70474FF07A
:10092000000200B5134694469646203922BFA0E83F
:100930000C50A0E80C50B1F12001BFF4F7AF09074B
:1009400028BFA0E80C5048BF0CC05DF804EB89003C
:1009500028BF40F8042B08BF704748BF20F8022B7F
:1009600011F0804F18BF00F8012B704710B50446F6
:1009700010F0030F08BF11F0030F40F015804FF087
:10098000013E121FC0F20E8051F8043BA3EB0E0C87
:100990002CEA030C1CEACE1C08BF40F8043BF0D044
:1009A000A1F1040102F10402521E08DB11F8013B1F
:1009B000002B00F8013BF7D1114600F0E1F820468A
:1009C00010BD70477047704710B500F0FBF8006825
:1009D00010BD10B5044600F0F5F8046010BD2DE917
:1009E000F0470D4699469246044600F124080168F6
:1009F000880604D5E06921F01001216000E00120A3
:100A0000A84201DD471B00E00027A1697A1902EB2B
:100A10000900081AA0612078C00602D42046AFF36E
:100A20000080002608E0D4E901211AF8060090476A
:100A3000206A401C761C20624E45F4DB2078C006FC
:100A40000AD52046AFF3008006E0D4E9012130202A
:100A50009047206A401C2062381EA7F10107F4DC91
:100A600007E0D4E9012118F805009047206A401CEE
:100A70002062281EA5F10105F3DC2046AFF30080BB
:100A80002078000602D50220BDE8F0870120FBE7B0
:100A900001694A1C02610878704700B58FB0CDE942
:100AA00001310021059105497944CDE90310114632
:100AB0006846FFF723FD0FB000BD0000E5FFFFFF14
:100AC0000A6802F8010B0A607047D1E900239A42D4
:100AD00002D2531C0B601070704710B5436913B1FC
:100AE000AFF3008001E0FFF73DFD012010BD12785B
:100AF00000F124010A7000224A700122EDE711681A
:100B00004FF0FF32E9E7431A28BF9A427FF6D5AE8D
:100B1000104410F0030F11441EBF11F8013D521E86
:100B200000F8013D10F0030F7FF4F6AF103AC0F06B
:100B30000A8010B531E91850103A20E91850BFF476
:100B4000F9AFBDE81040530724BF31E9081020E990
:100B5000081044BF51F8043D40F8043D12F0030F63
:100B600008BF7047D20728BF31F8023D48BF11F8CF
:100B7000012C28BF20F8023D48BF00F8012C704727
:100B80004FF000020429C0F0128010F0030C3FF473
:100B9000C8AECCF1040CBCF1020F18BF00F8012B59
:100BA000A8BF20F8022BA1EB0C01FFF7BABE5FEA49
:100BB000C17C24BF00F8012B00F8012B48BF00F8CE
:100BC000012B704700487047C0E50120004870477E
:100BD000C0E501207546FFF7F9FFAE4605006946FE
:100BE000534620F00700854618B020B5FFF7CEFB2E
:100BF000BDE820404FF000064FF000074FF000081E
:100C00004FF0000B21F00701AC46ACE8C009ACE89E
:100C1000C009ACE8C009ACE8C0098D46704710B502
:100C20000446AFF300802046BDE81040FFF71FBB2D
:100C300001491820ABBEFEE7260002007047000005
:100C400008B500BF3948007800286BD038480768DD
:100C500038480068B84203D336480068C61B04E031
:100C600034480068381AC0F58046B6F5005F55D2A2
:100C70004FF480542F480068C0F58045AC422BD912
:100C80002D4800682B4A126881186B462A462B486B
:100C90000AF0CBFF80460098A84206D201202849DE
:100CA0000870002021490870CCE7621B6B4622487F
:100CB000016822480AF0B9FF8046601B009988420B
:100CC00006D901201E490870002018490870B9E7AC
:100CD000601B1849086020E017480068154A126830
:100CE00081186B46224615480AF09FFF80460098FF
:100CF000A04206D201201249087000200B4908705A
:100D0000A0E70C48006820440A49086008460068CB
:100D1000B0F5804F01D30020086000BF02200BF027
:100D200072FE02E064200BF06EFE8BE774C00120BF
:100D300068C001206CC0012060C00120D851012092
:100D4000F8C201207047000010B504462146024851
:100D500005F018FA10BD0000ECDF012010B50448C2
:100D600005F023FA042801D0012010BD0020FCE783
:100D7000ECDF012010B5002400F00CF8012801D0B0
:100D8000012010BD024805F031FB04462046F8E77B
:100D9000ECDF012008B5012000909DF8000008BD9F
:100DA0002DE9F04104460D461646002733462A46F3
:100DB0002146044805F052FC00B101273846BDE841
:100DC000F0810000ECDF012010B500220121024873
:100DD00000680BF09FFE10BD9CC301202DE9F0417F
:100DE00004460D461646002733462A462146044847
:100DF00005F0E6FC00B101273846BDE8F0810000AF
:100E0000ECDF012010B500220221024800680BF03F
:100E100081FE10BD9CC3012000BFFEE770B50446F3
:100E2000A56B284603F00EFD0120287170BD70B53A
:100E30000446A56B284603F0CBFC0120287170BD49
:100E400070B50546AC6B206940F004002061204677
:100E500003F0FAFC0120207170BD70B50546AC6B43
:100E6000206940F004002061204603F0B3FC01201B
:100E7000207170BD70B50446A56B284603F0E3FCF5
:100E800070BD70B50446A56B284603F0A2FC70BD8A
:100E900010B5024803F01CFF10BD0000D8DE012091
:100EA00010B5024803F014FF10BD000038DF012028
:100EB00010B5024803F00CFF10BD000070E00120E7
:100EC00010B5024803F004FF10BD0000D0E001207F
:100ED0000146087810381823B0FBF3F20848805C0C
:100EE000C865032A05D908686FF30900001D8865E5
:100EF00003E008686FF309008865886D704700009B
:100F000060070108014600208A6A8B69CBB932B1BB
:100F1000012A0DD0022A03D0032A10D10EE000BF0F
:100F2000CB6A03F08073B3F1807F00D1012007E02A
:100F3000CB6AB3F1C07F00D1012001E000E000BF27
:100F400034E08B69B3F5005F1AD132B1012A07D0C2
:100F5000022A03D0032A11D10AE000BF01200EE0CB
:100F6000CB6A03F08073B3F1807F00D1012006E0EB
:100F7000CB6AB3F1C07F00D1012000E000BF15E0D3
:100F800032B1012A05D0022A04D0032A0CD103E091
:100F900000BF00BF012008E0CB6A03F08073B3F10B
:100FA000807F00D1012000E000BF00BF704730B556
:100FB0000468246824F4802405682C600468636055
:100FC0008468402C04D10468A2600468E16003E0F6
:100FD0000468A1600468E26030BD000070B503469B
:100FE0000C464FF0FF3100200AE000EBC00505EB96
:100FF00000151B4E16F825500DB9014602E0401CA5
:101000002828F2DB00BF002901DA002070BD032090
:1010100001EBC10505EB0115114E06EB8505687066
:1010200001EBC10000EB0110354605EB8000436089
:1010300001EBC10000EB011005EB8000846001EBC7
:10104000C10000EB011005EB8000C260012001EB44
:10105000C10505EB011506F8250000BFD6E7000025
:1010600000000120F0B504460D464FF0FF3100208E
:101070000AE000EBC00606EB00161E4F17F82660CC
:101080000EB9014602E0401C2828F2DB00BF00290F
:1010900001DA0020F0BD012001EBC10606EB0116CC
:1010A000144F07EB8606707001EBC10000EB0110D6
:1010B0003E4606EB8000446001EBC10000EB0110EE
:1010C00006EB8000856001EBC10000EB011006EB30
:1010D0008000C26001EBC10000EB011006EB800054
:1010E0000361012001EBC10606EB011607F826009B
:1010F00000BFCFE700000120F0B504460D464FF0D9
:10110000FF3100200AE000EBC00606EB00161E4F80
:1011100017F826600EB9014602E0401C2828F2DBD1
:1011200000BF002901DA0020F0BD022001EBC1065A
:1011300006EB0116144F07EB8606707001EBC10039
:1011400000EB01103E4606EB8000446001EBC1005D
:1011500000EB011006EB8000856001EBC10000EBA5
:10116000011006EB8000C26001EBC10000EB011032
:1011700006EB80000361012001EBC10606EB0116BE
:1011800007F8260000BFCFE7000001202DE9FF4F40
:1011900083B081460E469246DDF840804FF0FF3422
:1011A00000200AE000EBC00101EB00116D4A12F8CB
:1011B000211009B9044602E0401C2828F2DB00BFD8
:1011C000002C04DA4FF0FF3007B0BDE8F08F0020AC
:1011D00004EBC40101EB0411624A02EB8101487087
:1011E00004EBC40101EB041102EB8101081D3F2255
:1011F0004946FFF7BBFB002104EBC40000EB0410E1
:10120000584A02EB800080F8431004EBC40000EB66
:101210000410114601EB8000C0F844A004EBC401A7
:1012200001EB041102EB81010698886404EBC40011
:1012300000EB0410114601EB8000A0F84C8004EB99
:10124000C40101EB041102EB81011198A1F84E00D9
:1012500004EBC40000EB0410114601EB8000A0F881
:101260005060002104EBC40000EB041002EB80008E
:10127000416504F0A7F804EBC40101EB0411394AFD
:1012800002EB810188654FF4805104EBC40000EB50
:10129000041002EB8000016600274FF0000B4AE0CB
:1012A00004EBC40000EB04102E4901EB8000001D8C
:1012B00010F80B5005B941E0202D09D14FF4FA6028
:1012C00008FB00F0642190FBF1F03044074430E06B
:1012D00028460CF055FA58B301AB02AA224801780F
:1012E0002248006809F0D8FD01200090412D01DB63
:1012F0005A2D07DD612D01DB7A2D03DD302D04DB56
:10130000392D02DC4FF40070009000990298484398
:101310000290DDE9001048430190DDE90101401A27
:1013200000FB08F0642190FBF1F03044074400BF5B
:1013300000BF0BF1010BBBF1400FB1DB00BF04EBB1
:10134000C40000EB0410074901EB8000C7650120D1
:1013500004EBC40101EB0411024A02F8210020B29F
:1013600032E70000000001200CC0012008C001206D
:1013700010B5002008E0002100EBC00202EB0012D3
:10138000044B03F82210401C2828F4DB00F04EF830
:1013900010BD0000000001200148006870470000F7
:1013A00038C0012001480068704700003CC001209F
:1013B000014800687047000040C0012070B5054634
:1013C000002426E004EBC40000EB0410134911F8DC
:1013D0002000E8B104EBC40000EB041001EB800036
:1013E0004078A8B904EBC40101EB04110B4A02EBED
:1013F0008101081D40222946FFF78DF940B904EB11
:10140000C40000EB0410054901EB8000406D70BD85
:10141000641C282CD6DB0020F9E700000000012026
:1014200010B50446FFF7A4FF10BD00002DE9F04FF2
:101430002DED048B93B0FE480078012806D100F012
:10144000EDFB13B0BDEC048BBDE8F08F0020F94933
:101450000860129000BF0BE000EBC00101EB00112F
:10146000F54A12F8211011B10121129102E0401C3D
:101470002828F1DB00BF129880B9002008E04FF463
:101480000061EE4A22F81010ED4A22F81010401CBC
:101490006428F4DB6420E74908608FE300248AE3D2
:1014A00004EBC40000EB0410E34911F8200000B97C
:1014B00080E304EBC40000EB0410DF4901EB800083
:1014C000407800287ED104EBC40000EB041001EB4F
:1014D0008000466C04EBC40000EB0411D64800EB1E
:1014E0008100806C119004EBC40000EB0411D24821
:1014F00000EB8100B0F84C7004EBC40000EB04106A
:10150000CD4901EB8000B0F84E00109004EBC40010
:1015100000EB041001EB8000406D0F9000200E9056
:1015200041E104EBC40000EB0410C34901EB80006F
:10153000001D0E99455C05B939E1202D11D14FF4FC
:10154000FA607843642190FBF1F104EBC40000EBF6
:101550000410B94A02EB8000B0F850000844064479
:101560001EE128460CF00CF900287DD00CAB0DAA2A
:10157000B4480178B448006809F08EFC4FF00108C7
:10158000412D01DB5A2D07DD612D01DB7A2D03DDB5
:10159000302D03DB392D01DC4FF400780D9800FB72
:1015A00008F00D900C9800FB08F00C90DDE90C01A0
:1015B000401A7843642190FBF1FB0F98301A0B908E
:1015C0000B9800E0F5E0584400280BDA04EBC40067
:1015D00000EB0410984901EB8000B0F8500058442B
:1015E0000644DDE00B98B0F5805F00DDDFE04FF0F2
:1015F0000009C3E09448006830F9390000FB08F0A6
:101600000A909148006800EBC900B0F9020000FBA5
:1016100008F009908C48006800EBC900B0F904009C
:1016200000FB08F008908848006800EBC900B0F99A
:10163000060000FB08F007900A987843642190FBAD
:10164000F1F081190D987843642290FBF2F0091AA9
:101650000F98081A0690109909984843642190FB46
:10166000F1F11198084400E099E00590089878435A
:10167000642190FBF1F081190D98784390FBF2F012
:10168000091A0F98081A0490109907984843642182
:1016900090FBF1F111980844039006990498401AC0
:1016A000029005990398A0EB010ADDED020AF8EE1D
:1016B000E00A20EEA01A00EE90AAF8EEE01A00EE82
:1016C00090AAF8EEE00A01EEA01AB0EE410A09F085
:1016D000FDF9BDEEC00A10EE100A052190FBF1F0F5
:1016E00001900198022801DA0220019000203FE0D9
:1016F000504B1B68B3F5804F00D33CE0029B434343
:10170000DDF804C093FBFCFC069B0CEB03010AFB19
:1017100000F3DDF804C093FBFCFC059B0CEB03021B
:10172000002900DA0021B1F5805F01DB40F6FF718E
:10173000002A00DA0022B2F5805F01DB40F6FF727A
:10174000DFF8F8C0DFF8ECE0DEF800E02CF81E105F
:10175000DFF8ECC0DFF8DCE0DEF800E02CF81E205B
:10176000344B1B685B1CDFF8CCC0CCF80030401C4D
:1017700001998842BCDD00BF09F1010931480078B8
:101780008145FFF637AF04EBC40000EB04102A4993
:1017900001EB8000B0F850005844064400BF00BF81
:1017A0000E98401C0E900E984028FFF6BAAE00BF6F
:1017B000FFE104EBC40000EB04101F4901EB8000C3
:1017C000407801287ED104EBC40000EB041001EB4B
:1017D0008000D0F8048004EBC40000EB041001EB9F
:1017E0008000D0F8089004EBC40000EB041001EB7B
:1017F0008000D0F80CA004EBC40000EB041001EB57
:101800008000D0F810B0AAEB0807ABEB090500EE9A
:10181000907AF8EEE00A20EEA01A00EE905AF8EE68
:10182000E01A00EE905AF8EEE00A01EEA01A0DE080
:1018300035C0012000C00120000001200000002070
:10184000008000200CC0012008C00120B0EE410A39
:1018500009F03CF9BDEEC00A10EE100A052190FB1C
:10186000F1F6022E00DA022600203FE0E349096883
:10187000B1F5804F00D33BE007FB00F191FBF6F19F
:101880004144DF4ADD4B1B6822F8131005FB00F1D1
:1018900091FBF6F14944DB4AD84B1B6822F8131040
:1018A000D749D64A126831F81210B1F5805F06DBCD
:1018B00040F6FF72D249D14B1B6821F81320D14961
:1018C000CE4A00E016E0126831F81210B1F5805FE0
:1018D00006DB40F6FF72CB49C84B1B6821F813208A
:1018E000C6490968491CC54A1160401CB042BDDDAB
:1018F00000BF5EE104EBC40000EB0410C24901EB41
:101900008000407802286ED104EBC40000EB041084
:1019100001EB8000466804EBC40000EB041001EB0F
:101920008000876804EBC40000EB041001EB80002A
:10193000D0F80CB004EBC40000EB041001EB800005
:10194000006911900796089706EB0B0009900A971B
:1019500006EB0B000B90119839180C910D9611980D
:1019600039180E910F961097002580E007A850F8BF
:101970003500069007A800EBC5004068059007A950
:10198000681C51F830000490681C01EBC0004068EE
:10199000039006990498A0EB010A05990398A0EB1F
:1019A000010800EE90AAF8EEE00A20EEA01A00EE80
:1019B000908AF8EEE01A00EE908AF8EEE00A01EE66
:1019C000A01AB0EE410A09F081F8BDEEC00A10EE8F
:1019D000100A052190FBF1F9B9F1020F01DA4FF07D
:1019E000020900203FE046E084490968B1F5804FD4
:1019F00000D33AE00AFB00F191FBF9F20699114499
:101A00007F4A7E4B1B6822F8131008FB00F191FB04
:101A1000F9F2059911447B4A784B1B6822F81310A0
:101A2000774A7649096832F81110B1F5805F05DB15
:101A300040F6FF71714B1B6822F8131071496F4A11
:101A4000126831F81210B1F5805F06DB40F6FF71C5
:101A50006C4A6A4B1B6822F8131068490968491CD4
:101A6000664A1160401C4845BEDD00BF6D1C042D58
:101A7000FFF67CAF9DE004EBC40000EB041062496C
:101A800001EB8000407803287ED104EBC40000EB1A
:101A9000041001EB8000D0F8048004EBC40000EBDC
:101AA000041001EB8000D0F8089004EBC40000EBB8
:101AB000041001EB8000C56828460DF030FC9FED56
:101AC000530B53EC102B0DF041FC0DF0F9FB0521ED
:101AD00090FBF1F60A2E00DA0A26002765E0474857
:101AE0000068B0F5804F00D361E000EE107AF8EEA8
:101AF000C00A00EE106AB8EEC01A80EE810ADFED6F
:101B0000450A20EE208AB0EE480A08F06FFEF0EE9B
:101B1000400A00EE105AB8EEC00A20EE800ABDEE70
:101B2000C00A10EE100A40443549344A126821F8C0
:101B30001200B0EE480A08F001FFF0EE400A00EE95
:101B4000105AB8EEC00A20EE800ABDEEC00A10EEB0
:101B5000100A48442B49294A126821F812002848E3
:101B60002649096830F81100B0F5805F06DB40F6C1
:101B7000FF702349214A126821F8120021481F49A9
:101B8000096830F8110000E013E0B0F5805F06DB73
:101B900040F6FF701B49194A126821F812001748D5
:101BA0000068401C154908607F1CB74297DD00BFE4
:101BB00000BF00BF641C282CFFF672AC0F48006801
:101BC000C8B10021144802F0E5FF1021124802F0CC
:101BD000E1FF002000900948094A002103680E48EF
:101BE00002F02AFF002000900448064A10210368F2
:101BF000094802F021FF00BF23E4000000C00120DB
:101C00000000002000800020000001201F85EB5113
:101C1000B81E1940DB0FC940C4DE01202DE9F04F8A
:101C20002DED028B93B0FE4805F022F80024FCE372
:101C300004EBC40000EB0410FA4911F8200000B9CD
:101C4000F4E304EBC40000EB0410F64901EB800060
:101C5000407800287ED104EBC40000EB041001EBB7
:101C60008000466C04EBC40000EB041001EB800024
:101C7000806C129004EBC40000EB041001EB8000B8
:101C8000B0F84C7004EBC40000EB041001EB8000D2
:101C9000B0F84E00119004EBC40000EB041001EB0F
:101CA0008000406D109000200F906EE104EBC400A6
:101CB00000EB0410DB4901EB8000001D0F99455C2F
:101CC00005B966E1202D11D14FF4FA607843642103
:101CD00090FBF1F104EBC40000EB0410D14A02EBDD
:101CE0008000B0F85000084406444BE128460BF051
:101CF00047FD00287ED00DAB0EAACB480178CB481B
:101D0000006809F0C9F84FF00108412D01DB5A2D98
:101D100007DD612D01DB7A2D03DD302D03DB392D4D
:101D200001DC4FF400780E9800FB08F00E900D983F
:101D300000FB08F00D90DDE90D10081A78436421CE
:101D400090FBF1F10C911098301A0B90DDE90B012A
:101D5000084400E01FE100280CDA04EBC40000EBAB
:101D60000410B04901EB8000B0F850100C98084402
:101D7000064407E10B98B0F5805F00DD09E14FF004
:101D80000009ECE0A948006830F9390000FB08F0D0
:101D90000A90A648006800EBC900B0F9020000FBF9
:101DA00008F00990A148006800EBC900B0F90400F0
:101DB00000FB08F008909D48006800EBC900B0F9EE
:101DC000060000FB08F007900A987843642190FB16
:101DD000F1F081190E987843642290FBF2F0091A11
:101DE0001098081A0690119909984843642190FBAD
:101DF000F1F100E0C5E01298084405900898784396
:101E0000642190FBF1F081190E98784390FBF2F079
:101E1000091A1098081A04901199079848436421E8
:101E200090FBF1F11298084403900698002801DA1B
:101E3000002006900698B0F5805F02DB40F6FF7048
:101E400006900598002801DA002005900598B0F565
:101E5000805F02DB40F6FF70059006990498401AF7
:101E6000029005990398A0EB010ADDED020AF8EE55
:101E7000E00A20EEA01A00EE90AAF8EEE01A00EEBA
:101E800090AAF8EEE00A01EEA01AB0EE410A08F0BE
:101E90001DFE6748D0ED000AF8EE600A20EE200A29
:101EA000DFED640A80EE201ABDEEC10A10EE10BA12
:101EB000BBF1020F01DA4FF0020BDDE9051040EA39
:101EC00001405D49096808625C48006850B1002023
:101ED000019002E00198401C01905849019809685E
:101EE0008842F7D3012036E0029B434393FBFBFC7F
:101EF000069B0CEB03010AFB00F393FBFBFC059B29
:101F00000CEB0302002900DA0021B1F5805F01DB50
:101F100040F6FF71002A00DA0022B2F5805F01DB93
:101F200040F6FF7241EA0243DFF80CC1DCF800C062
:101F3000CCF820306FF00103DFF8E4C0DCF800C01B
:101F4000CCF8103000BF364B1B681B6903F001034F
:101F5000002BF8D0401C5845C6DD09F10109324874
:101F600000788145FFF60EAF04EBC40000EB0410CF
:101F70002C4901EB8000B0F850100C98084406443E
:101F800000BF00BF0F98401C0F900F984028FFF62D
:101F90008DAE00BF5CE204EBC40000EB04102149ED
:101FA00001EB8000407801287DD104EBC40000EBF8
:101FB000041001EB8000476804EBC40000EB041040
:101FC00001EB8000D0F8088004EBC40000EB0410A3
:101FD00001EB8000D0F80CA004EBC40000EB04106F
:101FE00001EB8000D0F810B0AAEB0709ABEB0805B5
:101FF00000EE909AF8EEE00A20EEA01A00EE905A59
:10200000F8EEE01A00EE905AF8EEE00A01EEA01A9F
:10201000B0EE410A08F05AFD0548D0ED000A0FE085
:10202000A8E20120000001200CC0012008C001200E
:1020300040C001200000C842C4DE01203CC0012095
:10204000F8EE600A20EE200A5FED060A80EE201A04
:10205000BDEEC10A10EE106A022E00DA022647EA2F
:102060000840FE4909680862FD48006850B1002038
:10207000129002E01298401C1290F94912980968D7
:102080008842F7D301202FE009FB00F393FBF6F31E
:10209000D91905FB00F393FBF6F303EB0802B1F546
:1020A000805F03DB00E022E040F6FF71B2F5805F65
:1020B00001DB40F6FF7241EA0243DFF8A0C3DCF81F
:1020C00000C0CCF820306FF00103DFF898C3DCF8D3
:1020D00000C0CCF8103000BFE24B1B681B6903F056
:1020E0000103002BF8D0401CB042CDDDB0E104EB81
:1020F000C40000EB0410DC4901EB800040780228AA
:1021000076D104EBC40000EB041001EB80004768BB
:1021100004EBC40000EB041001EB8000D0F8088051
:1021200004EBC40000EB041001EB8000C0681290C7
:1021300004EBC40000EB041001EB80000069119077
:102140000797CDF82080129838440990CDF8288060
:10215000129838440B90119808EB00010C910D97E0
:10216000119808EB00010E910F97CDF84080079968
:102170000998401A08EE900A08990A98401A08EE41
:10218000100AF8EEE80A60EEA00AB8EEC81AF8EEF7
:10219000C81A41EE210AB0EE600A08F097FCB34875
:1021A000D0ED000AF8EE600A20EE200A5FED5F0A2B
:1021B00080EE201ABDEEC10A8DED060A06980228AF
:1021C00001DA0220069047EA0840A449096808623B
:1021D000A348006850B10020059002E00598401C1B
:1021E00005909F49059809688842F7D3002576E055
:1021F00078E007A850F835B000EBC50040680590BE
:1022000007A9681C51F830000490681C01EBC0005D
:10221000406803900498A0EB0B0A05990398A0EB83
:1022200001090DB9069E25E000EE90AAF8EEE00A3D
:1022300020EEA01A00EE909AF8EEE01A00EE909AC6
:10224000F8EEE00A01EEA01AB0EE410A08F03EFCFA
:102250008648D0ED000AF8EE600A20EE200A5FED15
:102260008B0A80EE201ABDEEC10A10EE106A022E13
:1022700000DA022601202FE00AFB00F393FBF6F3BD
:1022800003EB0B0109FB00F393FBF6FC059B0CEB46
:102290000302B1F5805F01DB40F6FF71B2F5805FAC
:1022A00001DB40F6FF7241EA0243DFF8B0C1DCF81F
:1022B00000C0CCF820306FF00103DFF8A8C1DCF8D3
:1022C00000C0CCF8103000BF664B1B681B6903F0E0
:1022D0000103002BF8D0401CB042CDDD6D1C042D55
:1022E00087DBB5E004EBC40000EB04105E4901EBB2
:1022F0008000407803287CD104EBC40000EB04107C
:1023000001EB8000D0F8049004EBC40000EB041053
:1023100001EB8000D0F808A004EBC40000EB04102F
:1023200001EB8000C56800EE105AB8EEC00ADFED80
:10233000500A60EE200A4D4890ED000AB8EE400ABF
:1023400020EE800A5FEDC50A80EE201ABDEEC10ABC
:1023500010EE106A0A2E00DA0A2609EB0508CDF8FD
:1023600048A0B8F5805F01DB40F6FF78129848EA94
:1023700000403A49096808623948006850B10020B5
:10238000119002E01198401C11903549119809688C
:102390008842F7D3012758E000EE107AF8EEC00A21
:1023A00000EE106AB8EEC01A80EE810ADFED310A45
:1023B00020EE200AB0EE408AB0EE480A08F016FA85
:1023C000F0EE400A00EE105AB8EEC00A20EE800A85
:1023D000BDEEC00A10EE100A48441190B0EE480A53
:1023E00008F0ACFAF0EE400A00EE105AB8EEC00A5F
:1023F00000E02DE020EE800ABDEEC00A10EE100ACB
:1024000000EB0A0B1198B0F5805F02DB40F6FF701D
:102410001190BBF5805F01DB40F6FF7B119840EA2D
:102420000B400E490968086201E013E011E06FF00B
:1024300001000C490968086100BF0A48006800698A
:1024400000F001000028F8D07F1CB742A4DD00BFD7
:1024500000BF641C282CFFF6EBAB0DE0C4DE0120AE
:102460003CC00120A8E201200000012040C0012062
:10247000C3F5C840DB0FC940034804F09BFC13B010
:10248000BDEC028BBDE8F08FA8E201200B4A106082
:1024900000220B4B1B689A6200EB8002142303EBB3
:1024A0008201B1F5803F01D34FF6FF7100BF044AAE
:1024B0001268D162024AD16000BF704738C0012063
:1024C000A8E2012001490860704700003CC00120DB
:1024D00000B90120014908607047000040C0012098
:1024E00010B504460A480470012C0FD10021094898
:1024F00002F050FB1021074802F04CFB0021054878
:1025000002F05BFA1021034802F057FA10BD0000F8
:1025100035C00120C4DE0120002818DB282816DA87
:1025200000EBC00202EB0012094B13F8222072B13B
:1025300000EBC00202EB001203EB8202527832B9C8
:1025400000EBC00202EB001203EB82025165704700
:102550000000012070B504460D46012C00DA01246C
:10256000FEF706FF18480480184805602003642120
:1025700090FBF1F61548006806EB800014490860EE
:102580001248006800F58050096890FBF1F011498D
:10259000087008460078282801DD282008700D48BA
:1025A0000078012802DA01200A49087000200A494F
:1025B000087007480068C0F580500849086000208E
:1025C0000749086070BD00001CC0012024C0012024
:1025D00020C0012034C0012028C0012030C00120CB
:1025E0002CC001202DE9F0478146FE48007808BB49
:1025F000FD480078F0B90120FB49087000204870C0
:102600000021F9484164F9480168F7488164F848B5
:102610000188F548A0F84C10F5480188F248A0F868
:102620004E10F448008881B2EF48A0F85010002006
:10263000ED4908714846FEF74FF806460027F4E1D9
:1026400019F807A0BAF10A0F7ED1E6480078401CBD
:1026500040B2E4490870084690F90000E64909785C
:1026600088424DDB002434E0601C00EBC00101EB2C
:102670000010DD4901EB8000407848BB002004EBEE
:10268000C40101EB0411D84A02EB81014870621CBD
:1026900002EBC20303EB0212D34B03EB8202111DC8
:1026A00004EBC40202EB041203EB8202101DFDF7DF
:1026B000EFFF601C00EBC00101EB0010CA4911F8EC
:1026C000200004EBC40101EB0411C74A02F8210009
:1026D000641CC9480078401EA042C5DC0021C648E1
:1026E0000078401E00EBC00202EB0010BE4A02EB75
:1026F00080000171C0480078401E40B2B94908709E
:102700000120B84991F9001001EBC10202EB01115F
:10271000B54A02F821000020B24991F9001001EBFE
:10272000C10202EB0111B04A02EB810148700021A5
:10273000AC4890F9000000EBC00202EB0010AA4A7E
:1027400002EB8000416400E04DE0A64890F90000F3
:10275000401CAA4909684843C0F58051A14890F936
:10276000000000EBC00202EB00109F4A02EB800069
:1027700081649F4801889B4890F9000000EBC002EB
:1027800002EB0010984A02EB8000A0F84C10984829
:102790000188944890F9000000EBC00202EB0010A1
:1027A000914A02EB8000A0F84E109248008881B256
:1027B0008C4890F9000000EBC00202EB00108A4A3E
:1027C00002EB8000A0F850100020864991F900101B
:1027D00001EBC10202EB0111834A02EB8101087196
:1027E0008749086020E1824800884FF4FA61484335
:1027F000642190FBF1F07F49096800EB01088048F3
:1028000000684044B0F5805F7EDD76480078401C6B
:1028100040B274490870084690F90000764909787A
:1028200088424DDB002434E0601C00EBC00101EB6A
:1028300000106D4901EB8000407848BB002004EB9C
:10284000C40101EB0411684A02EB81014870621C6B
:1028500002EBC20303EB0212634B03EB8202111D76
:1028600004EBC40202EB041203EB8202101DFDF71D
:102870000FFF601C00EBC00101EB00105A4911F87A
:10288000200004EBC40101EB0411574A02F82100B7
:10289000641C59480078401EA042C5DC00215648FF
:1028A0000078401E00EBC00202EB00104E4A02EB23
:1028B0008000017150480078401E40B249490870BC
:1028C0000120484991F9001001EBC10202EB01110E
:1028D000454A02F821000020424991F9001001EB1D
:1028E000C10202EB0111404A02EB81014870002154
:1028F0003C4890F9000000EBC00202EB00103A4A9D
:1029000002EB8000416400E04CE0364890F90000A2
:10291000401C3A4909684843C0F58051314890F954
:10292000000000EBC00202EB00102F4A02EB800017
:1029300081642F4801882B4890F9000000EBC00209
:1029400002EB0010284A02EB8000A0F84C10284847
:102950000188244890F9000000EBC00202EB00104F
:10296000214A02EB8000A0F84E102248008881B274
:102970001C4890F9000000EBC00202EB00101A4A5C
:1029800002EB8000A0F850100020164991F90010C9
:1029900001EBC10202EB0111134A02EB8101087144
:1029A000174908600F4991F9001001EBC10202EBD1
:1029B00001110D4A02EB8101081DFDF78DFE054650
:1029C0003F2D30DA074890F9000000EBC00101EB21
:1029D0000010054901EB8000001D00F805A0002251
:1029E00000480FE028C001200000012030C0012075
:1029F0001CC0012024C0012034C0012020C00120BF
:102A00002CC0012090F9000000EBC00101EB001088
:102A1000094901EB8000001D691C42540748006809
:102A200040440649086000BF7F1CB742FFF608AE6D
:102A3000FEF7FCFCBDE8F087000001202CC001205F
:102A400070B502F0BFFC04460025002068E000EBF2
:102A5000C00101EB0011354A12F8211000295ED0A7
:102A600000EBC00101EB001102EB81014978002964
:102A700055D100EBC00101EB001102EB8101CA6DE1
:102A800000EBC00101EB0011284B03EB8101096E43
:102A90008A4244DD00EBC00101EB00111A4602EB53
:102AA0008101896D611A322939D900EBC00101EB2E
:102AB000001102EB81018C6500EBC00101EB0011FC
:102AC00002EB8101496D1E3100EBC00202EB0012E6
:102AD00003EB8202516500EBC00101EB00111A46C5
:102AE00002EB81014A6D00EBC00101EB001103EB29
:102AF0008101C96D01F5FA718A420FDD00EBC00159
:102B000001EB00111A4602EB8101096E4A4200EB0B
:102B1000C00101EB001103EB81014A650125401C56
:102B2000282894DB0DB1FEF781FC70BD0000012068
:102B3000704710B54FF4005002F024FB10BD10B5E3
:102B4000042002F01FFB10BD10B5082002F01AFB94
:102B500010BD10B5102002F015FB10BD10B52020DF
:102B600002F010FB10BD000007E04FF400610348C5
:102B700002F018FC642002F08BFAF6E70004024031
:102B800030B504460D4600222946204600F002F8E2
:102B900030BD0000F0B50346012500241148407AFD
:102BA00001281CDA00200F4E767A0E4FB8553846B1
:102BB000467A001D40F82630001F467A08308255BC
:102BC0003E46707A461C7E72044604F1300008705E
:102BD0003A2048702F2088700020C87000252846B1
:102BE000F0BD0000A0E30120BAB006F0D5FC002043
:102BF00039902022F94931A8FDF75FFE00BF182265
:102C0000F64920312BA8FDF758FE00BF1422F349E6
:102C1000383126A8FDF751FE00BFF04A4C3207CAF2
:102C200023AB07C300BF002022902190401E2090BC
:102C30001F9000201E9000BF00BF00BFFEF798FB52
:102C400000BFE748007808B9FFF7FAFE4FF40061CB
:102C5000E44802F0A7FBE4480068406A80B21D9097
:102C6000E24909881D98401A00B21C90DF491D985E
:102C700008803998062802D107F09AFC6DE039984F
:102C8000072803D11C9807F039F966E0399808281D
:102C900003D1002007F02CFA5FE03998092803D10E
:102CA0001C9807F0E9FA58E039980A2803D1002067
:102CB00007F0B0FB51E039980E2817D11C98002876
:102CC0004BD0FEF769FB1C9908441A901A9800280B
:102CD00001DA00201A901A98B0F57A7F02DD4FF4DD
:102CE0007A701A901A98FFF7D1FB36E039980F28BE
:102CF00016D11C9888B3FEF755FB1C9908441A900E
:102D00001A98002801DA00201A901A98B0F57A7FF4
:102D100002DD4FF47A701A901A98FFF7D3FB1CE08B
:102D20003998102819D11C98B8B1FEF741FB1C99AD
:102D300001EB810100EB41001A901A980A2801DA90
:102D40000A201A901A98B0F57A7F02DD4FF47A7053
:102D50001A901A98FFF7BCFB00BF3998022833D1AC
:102D60001C98A8B1A24909881C9801EB40001A9050
:102D70001A98B0F5FA6F02DD4FF4FA601A901A98BB
:102D8000002801DA00201A9099491A98088000BF9B
:102D900098480078002816D006F028FD202296A139
:102DA0009848FDF7B8FC30B90020399006202290F1
:102DB00000201E9001E0012039904FF0FF3020905C
:102DC00000208C4908709FE03998042840D18E4833
:102DD00001681C9808448C490860084600681A90ED
:102DE000002801DB1A9801E01A9840420428EADB27
:102DF00085480068C117199000EB917080101A90F7
:102E0000824801681A980844804908607E491A98E7
:102E10000968A1EB80007C4908607C4800680028B4
:102E200002DA00207949086079480068401F774934
:102E30000968884204DA76480068401F73490860D0
:102E400072480068002802DA0020704908605BE0E0
:102E500039980E2858D039980F2855D0399810280D
:102E600052D0694801681C980844674908600846C0
:102E700000681A90002801DB1A9801E01A98404275
:102E8000042841DB60480068C117189000EB91707E
:102E900080101A901A992298084422905A491A9838
:102EA0000968A1EB80005849086000201990399802
:102EB00010B9082019901AE03998012802D03998E1
:102EC000032803D153480068199010E03998052869
:102ED00002D1062019900AE039980C2802D1052069
:102EE000199004E039980D2801D1032019902298F7
:102EF000002801DA0020229019992298884202DBEA
:102F00001998401E229000BF3998082813D14248D2
:102F1000006880B90421414802F03CFA1A901A98DE
:102F200028B93F480078012801D107F0E1F83C4971
:102F30001A98087000BF39980A2813D139480068D8
:102F400080B90421354802F025FA1A901A9828B958
:102F500035480078012801D107F05CFA32491A9807
:102F6000087000BF4FF40051304802F013FA0028F7
:102F70001DD1142009F047FD4FF400512B4802F0F9
:102F800009FA0028F4D13998082811D10520399080
:102F900000202290401E209002E00A2009F033FD1C
:102FA0004FF40051214802F0F5F90028F5D023E252
:102FB000399809283CD10520399000202290401EE4
:102FC000209002E00A2009F01EFD4FF4005117483E
:102FD00002F0E0F90028F5D00EE200000807010831
:102FE00075C001200004024060E2012070C301208E
:102FF00044C00120F8C2012077656C636F6D652EB7
:103000007761760098C6012074C3012004C30120B3
:1030100000C30120FCC2012040C301200010024077
:103020007CC3012054C301207DC30120000802405D
:1030300039980A2811D10520399000202290401E8D
:10304000209002E00A2009F0DEFC4FF40051FE4817
:1030500002F0A0F90028F5D0CEE102E00A2009F044
:10306000D2FC4FF40051F84802F094F90028F5D052
:10307000399800285ED1229858B9F4A006F0B8F922
:103080000120399000201E9022902190401E209017
:10309000B2E1229801280BD1EEA006F0A9F9012097
:1030A00039901E90002022902190401E2090A3E194
:1030B000229802280CD1E9A006F004FA03203990E6
:1030C00002201E90002022902190401E209093E12B
:1030D0002298032805D10B2039904FF0FF30209023
:1030E0008AE12298042807D10520399000202290F7
:1030F0002190401E20907FE12298052807D10C20C6
:103100003990002022902190401E209074E1229856
:103110000628A1D12022AFF22011D248FDF726FCCB
:10312000D1A005F00DF90220399001201E90801EDB
:10313000209061E139980C2830D1229840B90020C4
:1031400039900520229000202190401E209053E1CC
:103150002298012807D10D2039900020229021903B
:10316000401E209048E12298022805D10E20399077
:103170004FF0FF3020903FE12298032805D10F2027
:1031800039904FF0FF30209036E1229804288ED1FC
:10319000102039904FF0FF3020902DE139980D2804
:1031A00022D1229840B90C20399001202290002091
:1031B0002190401E20901FE12298012808D1002074
:1031C000AE490860FFF78CF94FF0FF30209013E113
:1031D0002298022884D10120A8490860FFF780F9CD
:1031E0004FF0FF30209007E139980E2808D10C20CD
:1031F00039900220229000202190401E2090FBE078
:1032000039980F2808D10C203990032022900020F3
:103210002190401E2090EFE03998102808D10C2012
:1032200039900420229000202190401E2090E3E05D
:103230003998012820D1229830B900203990229065
:103240002190401E2090D7E08D49229801EB40103C
:10325000202201461A908348FDF788FB1E9818B972
:10326000804804F0CBFF02E07E4805F069F80220B8
:103270003990C01E2090BFE03998032814D12298BD
:1032800030B90020399022902190401E2090B3E068
:103290007B49229801EB40101A9004F011FF0420A2
:1032A0003990401F2090A7E0399805284FD12298E7
:1032B00040B9002039900420229000202190401E27
:1032C000209099E02298012809D16EA006F020FAFA
:1032D00004F0BAFB06203990C01F20908CE02298A1
:1032E00002280AD169A006F013FA04F0B9FA0720FF
:1032F00039904FF0FF3020907EE0229803280AD1C9
:1033000065A006F005FA04F0E9FA082039904FF0BC
:10331000FF30209070E0229804280AD162A006F0C5
:10332000F7F904F019FB092039904FF0FF30209095
:1033300062E0229805285FD15DA006F0E9F904F06B
:1033400045FB0A2039904FF0FF30209054E0399827
:10335000022814D106F04AFA202245A14148FDF77F
:10336000DAF930B9002039900620229000201E9012
:1033700001E0012039904FF0FF3020903CE0399877
:10338000042804D103203990001F209034E039989C
:10339000062806D10520399000202290401E20905A
:1033A0002AE03998072806D105203990002022907C
:1033B000401E209020E03998082809D13E48006836
:1033C000D0B10520399000202290401E209013E0BB
:1033D0003998092809D13948006868B10520399021
:1033E00000202290401E209006E039980B2803D13F
:1033F00000203990401E209000201B900120304971
:103400000860399804280CD12E4800682E490968B4
:10341000884205D001201B902A4800682A4908608C
:1034200079E020992298884271D11F992198884289
:103430006DD1399802286AD03998062867D0399812
:10344000072864D0399841E0000802402F6D757359
:10345000696300002F766964656F00002F746578DA
:103460007400000098C601202F73797374656D2F66
:1034700077656C636F6D652E776176006CC3012094
:1034800018C40120534E414B4500000042524541B3
:103490004B4F555400000000464C415050592044B9
:1034A000524F494400000000524143494E4700003A
:1034B00052554E54494E590040C301204CC301207F
:1034C00078C3012004C3012080C3012008281ED036
:1034D000399809281BD039980A2818D039980B2810
:1034E00015D039980E2812D039980F280FD0399856
:1034F00010280CD0F848006801280CD1399805280C
:1035000005D039980C2802D039980D2803D1012014
:103510001B90F24908601B98002801F0228039981E
:10352000022802D11E980128F7D00020EC4908603B
:103530003998062802D1EB480068B8B939980728AD
:1035400002D1E948006888B93998082802D1E748CB
:10355000006858B93998092802D1E548006828B9A7
:1035600039980A2843D1E3480068A8B33998072856
:1035700007D1DD480068022803D1DFA005F004FF71
:1035800002E0DFA005F000FF3998062806D1DF48E9
:10359000DFA1026813A8FCF783FF24E0399807280D
:1035A00006D1DE48DAA1026813A8FCF779FF1AE019
:1035B0003998082806D1DA48D5A1026813A8FCF783
:1035C0006FFF10E03998092807D1D648D0A10268CA
:1035D00013A8FCF765FF06E009E0D348CCA1026818
:1035E00013A8FCF75DFF13A805F0CEFE52E0399852
:1035F00070B1399805280BD03998012808D039982E
:10360000032805D039980C2802D039980D2841D1CB
:1036100000201A901990399820B908201A9031A8E2
:1036200019901CE03998052804D106201A902BA87F
:10363000199014E039980C2804D105201A9026A876
:1036400019900CE039980D2804D103201A9023A872
:10365000199004E0B54800681A90B5481990002008
:10366000189012E018992198084417901A99179801
:10367000884200DB0CE01799199850F82100169049
:1036800005F082FE1898401C189018980528E9DB70
:1036900000BF00BFFDF76CFE39980B2876D10F20D4
:1036A000009040F6D863642211460190A1A0FDF776
:1036B0006DFD0421A24801F06DFE0246A1A1129009
:1036C00013A8FCF7EDFE0F2000904FF4486364222E
:1036D0001146019013A8FDF759FD1021984801F0FB
:1036E00059FE02469AA1129013A8FCF7D9FE0F20AA
:1036F00000904FF42F6364221146019013A8FDF748
:1037000045FD08218E4801F045FE024694A1129025
:1037100013A8FCF7C5FE0F2000904FF41663642237
:103720001146019013A8FDF731FD2021844801F0D6
:1037300031FE02468EA1129013A8FCF7B1FE0F20B5
:1037400000904FF4FA6364221146019013A8FDF72C
:103750001DFD8B4890F900208AA113A8FCF7A0FE5C
:103760000F2000904FF4AF6364221146019013A81C
:10377000FDF70CFD0A2000904FF4487364221146B7
:10378000019084A0FDF702FD10E3FFE739980E28B1
:1037900030D10F21009140F6AC53642201911146C3
:1037A00081A0FDF7F3FCFDF7F7FD024682A1129020
:1037B00013A8FCF775FE0F20009040F6C413642296
:1037C0001146019013A8FDF7E1FC0A20009040F299
:1037D000DC536422114601907AA0FDF7D7FC0A2041
:1037E00000904FF47A7364221146019069A0FDF7AE
:1037F000CDFCC9E739980F282FD1009040F6AC5383
:1038000064221146019075A0FDF7C0FCFDF7CAFDCA
:10381000024676A1129013A8FCF742FE0F200090FA
:1038200040F6C41364221146019013A8FDF7AEFCC4
:103830000A20009040F2DC5364221146019061A0FE
:10384000FDF7A4FC0A2000904FF47A73642211461D
:10385000019050A0FDF79AFC96E7399810283AD1CC
:103860000F20009040F6AC5364221146019062A0F4
:10387000FDF78CFCFDF79CFD024663A1129013A896
:10388000FCF70EFE0F20009040F6C4136422114690
:10389000019013A8FDF77AFC0A2000904FF4FA6318
:1038A0006422114601905CA0FDF770FC0A20009094
:1038B00040F2DC5364221146019042A0FDF766FC01
:1038C0000A2000904FF47A7364221146019031A0CF
:1038D000FDF75CFC58E7ABE06CC3012078C3012026
:1038E00068C3012014C301202CC3012040C3012060
:1038F0004CC3012054C30120594F552057494E0055
:1039000047414D45204F5645520000001CC3012041
:1039100053434F52453A20256400000024C3012040
:103920003CC3012048C3012050C30120FCC2012038
:1039300018C40120444542554720494E5055540073
:1039400000100240555028504532293A2025640085
:10395000444F574E28504534293A20256400000032
:103960004C45465428504533293A20256400000030
:10397000524947485428504535293A2025640000CB
:103980005DC0012047414D45204449523A202564FD
:10399000000000005B505245535320454E432054D5
:1039A0004F20455849545D004350552044524157DB
:1039B000205350454544000044454C41593A202588
:1039C000640000005B5455524E20454E4320544F36
:1039D0002041444A5553545D000000004350552097
:1039E0004A554D50204457454C4C00004457454CD7
:1039F0004C3A202564000000445241572044454E73
:103A0000534954590000000044454E534954593A13
:103A10002025642525000000283130303D4E4F52CE
:103A20004D2C203E3130303D534C4F572900000083
:103A3000399806287ED140F6FF731A4600210846C1
:103A4000FDF75AFBCC201A900020169038E01A9807
:103A5000129000EBD0704110FE4A169802EB400025
:103A600090F900201A9802FB001015901A981290F5
:103A700000EBD0704110F74A169802EB400090F925
:103A800001201A9802FB001014901A98129000EB73
:103A9000D07040100A381390139840001290139879
:103AA00040001190DDE91310401A10901598401A4B
:103AB0000F9010A90EC9FDF71FFB1698401C169019
:103AC000E549169809688842C1DB1A98169000EB00
:103AD000D0704110E14890F900201A9802FB0010C4
:103AE00019901A98169000EBD0704110DB4890F9AD
:103AF00001201A9802FB001018901A98169000EBFB
:103B0000D070401014381790DDE917100844169053
:103B10001998084415901898401A14901998401A4A
:103B2000139014A90EC9FDF79DFADDE91710401A8C
:103B3000169000E037E0199808441590189808444A
:103B400014901998401A139014A90EC9FDF78AFA17
:103B5000C348006830B30F20009040F6980300225D
:103B600064210190AFF26820FDF710FB1690AFF2D0
:103B70007021169804F0DCFCBA48BBA102680EA8BC
:103B8000FCF78EFC0F2000904FF4C86300226421E4
:103B900001900EA8FDF7FAFA0D900EA90D9804F009
:103BA000C7FC00BFF0E53998072869D140F6FF73DC
:103BB0001A4600210846FDF79FFAC8201A90AE4821
:103BC00000686423DA0018901A99FDF795FAAB485B
:103BD00040681890A94800683C2217901899FDF792
:103BE000FDF940F6B83019900020189088E00020C8
:103BF00017907EE0A249189801EBC0011798085C65
:103C0000E8B3179840021690189800EB4001C1EBFA
:103C1000C011199800EB410015904FF400701490FA
:103C2000FA201390189838B11898401E944901EB67
:103C3000C0011798085C48B9149916980844129066
:103C40000246159B19461698FDF70CFA1898042899
:103C500007D08B491898401C01EBC0011798085CED
:103C6000A0B913991598084412901499169808440D
:103C700011901399159808441090014601E035E021
:103C800095E0DDE911231698FDF7ECF9179838B1A6
:103C90007B49189801EBC0011798401E085C48B991
:103CA00013991598084403461290DDE91512104641
:103CB000FDF7D8F91798072807D07149189801EB34
:103CC000C0011798401C085C78B9139915980844EE
:103CD0001290149916980844119016980844109060
:103CE000DDE911231599FDF7BDF900BF1798401CB8
:103CF000179017980828FFF67DAF1898401C189069
:103D000018980528FFF673AF5E480068E8B35D4871
:103D10000068022811D10F20009040F6980300227D
:103D200064210190AFF23040FDF730FA0F90AFF20E
:103D300038410F9804F0FCFB11E00F20009040F692
:103D40009803002264210190AFF24C40FDF71EFA67
:103D50000F90AFF254410F9804F0EAFB00BF4A48BD
:103D600041A1026811A8FCF79BFB0F2000904FF4C3
:103D7000C86300226421019011A8FDF707FA109092
:103D800011A9109804F0D4FB10E0FFE73F4840A1D0
:103D9000026815A8FCF784FB0A20009064231A46E9
:103DA0001946019015A8FDF7F1F900BFC3E3399852
:103DB000082875D140F6FF731A4600210846FDF722
:103DC0009BF935480068502201461A904FF47A70EA
:103DD000FDF704F93048006896301A902E480068C4
:103DE0003C3019904FF4667201464FF470701A9B84
:103DF000FDF738F92848006896301A902648006880
:103E00003C3019904FF4876201464FF482601A9B50
:103E1000FDF728F900201A9061E020491A9801EB7B
:103E200000108068A8B11A9801EB00100068199082
:103E30001A9801EB0010406818904FF49670179094
:103E400040F2262016901699189808441590159857
:103E500027E041E058D6012008C301200CC301200F
:103E600014C301201CC3012053434F52453A20255F
:103E7000642020200000000020C3012048D701203A
:103E800020D701202CC3012024C3012028C30120F6
:103E90004C3A25640000000034C3012058D70120AB
:103EA0005EE0B0F5805F09DA1598C0F580500346F2
:103EB0001390179A15991998FDF71EF916991898E5
:103EC000401A14901498002805DD0021149B179ABD
:103ED0001998FDF711F900BF1A98401C1A901A980A
:103EE00003289ADBFE48006838B30F20009040F6A4
:103EF0009803002264210190AFF2FC50FDF746F9CF
:103F00001A90AFF204611A9804F012FBF548AFF270
:103F1000A801026812A8FCF7C3FA0F2000904FF422
:103F2000C86300226421019012A8FDF72FF91190B7
:103F300012A9119804F0FCFAFDE2EA48AFF2C4516C
:103F4000026817A8FCF7ACFA0F20009040F6D8637F
:103F50004FF4FA626421019017A8FDF717F9EAE21D
:103F6000399809287DD140F6FF731A46002108468A
:103F7000FDF7C2F8DC4800684FF4FA734FF496720C
:103F8000C8211A90FDF7B8F8D74800683238962350
:103F90003222FA211A90FDF7AFF8D348006800F5F5
:103FA000967096233222FA211A90FDF7A5F8CE4892
:103FB00000683238962332224FF4FA711A90FDF7D6
:103FC0009BF8C948006800F59670962332224FF49A
:103FD000FA711A90FDF790F800201A9055E0C34945
:103FE0001A9801EB00108068E0B31A9801EB0010FA
:103FF000406819901A9801EB001000684FF496730E
:104000001A4618901999FDF777F8B8491A9801EBF4
:104010000010406800F5967019901A9801EB001096
:10402000006800F5967018901A9801EB001040682F
:1040300017901A9801EB00100068169017A90EC986
:10404000FDF710F8A9491A9801EB00104068199083
:104050001A9801EB0010006800F5967018901A98F5
:1040600001E053E00EE001EB0010406800F59670AF
:1040700017901A9801EB00100068169017A90EC946
:10408000FCF7F0FF1A98401C1A901A980528A6DB36
:104090009748006838B30F20009040F6980300223C
:1040A00064210190AFF2A870FDF770F81A90AFF29A
:1040B000B0711A9804F03CFA8E48AFF254210268AD
:1040C00012A8FCF7EDF90F2000904FF4C86300220E
:1040D0006421019012A8FDF759F8119012A91198C6
:1040E00004F026FA27E28348AFF27071026817A83D
:1040F000FCF7D6F90F20009040F6AC534FF4FA626B
:104100006421019017A8FDF741F814E239980A28B4
:104110007ED140F6FF731A4600210846FCF7ECFFFB
:104120004FF4FA734FF4805219460020FCF79AFFBF
:10413000714800684FF49673C82201461A909000A7
:10414000FCF7DAFF6C480068B0F5FA7F4DD101F05A
:1041500039F9C821B0FBF1F201FB1200642803D247
:1041600000206649086002E0012064490860634855
:104170000068E0B16048006832381A905E48006814
:10418000199040F25232014610461A9BFCF76AFF22
:104190005948006832381A9057480068199040F220
:1041A000B632014610461A9BFCF75CFF1DE05248F0
:1041B000006832381A905048006819904FF45C72C9
:1041C00001464FF44D701A9BFCF74CFF4A480068BB
:1041D00032381A904848006819904FF466720146C8
:1041E0004FF475701A9BFCF73DFF00201A9018E001
:1041F0001A9800EB4000424901EB8000406868B12A
:104200001A9800EB400051F82000C823962200E0E5
:1042100048E04FF4FA711990FCF76EFF1A98401CB1
:104220001A901A980328E3DB3648006838B30F2049
:10423000009040F69803002264210190AFF64010F0
:10424000FCF7A4FF1A90AFF648111A9804F070F921
:104250002D48AFF2EC31026812A8FCF721F90F20CB
:1042600000904FF4C86300226421019012A8FCF76B
:104270008DFF119012A9119804F05AF95BE12248C0
:10428000AFF60811026817A8FCF70AF90F20009092
:1042900040F6AC534FF4FA626421019017A8FCF782
:1042A00075FF48E13998022853D10F20009040F65D
:1042B000AC5364221146019014A0FCF767FF0F2055
:1042C000009040F6B8336422114601901248FCF782
:1042D0005DFF1248028812A117A8FCF7E1F823E05D
:1042E00040C301203CC3012044C3012088D70120E2
:1042F0004CC3012048C30120D8D7012084C301202A
:10430000E4D7012054C3012050C30120504C41592F
:10431000494E473A0000000098C6012044C00120E1
:10432000564F4C3A202564000F2000904FF4FA635A
:1043300064221146019017A8FCF728FF0A2000907C
:104340004FF47A736422114601908CA0FCF71EFF93
:10435000F1E0399804282BD100201A9024E08B48F2
:1043600001681A980844199089491998096888427F
:1043700000DB1CE01A98C0EB001000EB800040F658
:10438000AC51A1EB001018901920009081490190C8
:10439000199851F82000179064223221189BFCF7DD
:1043A000F5FE1A98401C1A901A980328D7DBC2E031
:1043B00000201A9019901890399820B908201A9066
:1043C00031A819901CE03998052804D106201A90CC
:1043D0002BA8199014E039980C2804D105201A90C4
:1043E00026A819900CE039980D2804D103201A90C2
:1043F00023A8199004E0684800681A90674818904C
:10440000DDE92110884201DA22982190DDE92101BD
:10441000401D814202DB2298001F2190002017904E
:1044200083E017992198084416901A9916988842A3
:1044300000DB7EE0AF211798484340F6AC51A1EB7A
:10444000800015901998B8B31699199850F8210062
:10445000149039980C2811D1169801280ED1504883
:10446000006808B14FA000E04FA002464FA10390A2
:1044700004A8FCF715F804A8149023E039980D2837
:1044800020D11698012809D14548006830B94BA1C0
:1044900004A8FCF705F804A8149013E01698022865
:1044A00010D13F48006801280CD146A104A8FBF7B1
:1044B000F7FF04A8149005E0FFE71699189800EBA1
:1044C000411014902299169888421BD13F480068E9
:1044D00040B10F2000900190642211463CA0159B32
:1044E000FCF754FE0F20009001904FF4C872642135
:1044F000DDE91403FCF74AFE03901499039804F0D5
:1045000017F80FE00F21009101914FF4C872642158
:10451000DDE91403FCF73AFE03901499039804F0C4
:1045200007F800BF1798401C179017980528FFF64A
:1045300078AF00BF00BF3998042806D040F6FF735B
:104540001A4600210846FCF7D7FD229820902198B2
:104550001F901B9818B912480068012801D1FCF778
:1045600065FF0F480068012802D108F04CFA02E00C
:104570000A2008F048FAFEF764BB00005B50524581
:10458000535320544F2053544F505D0004C3012017
:1045900000C30120B8C60120FCC2012018C40120BC
:1045A0006CC3012043505500444D410044524157D3
:1045B000204D4F44453A202573000000444D4120D2
:1045C0005B585D00435055205B585D0078C3012067
:1045D0003E00000070B504460CB9012070BD94F88F
:1045E000200010B9204600F0AFF82068006840F0C5
:1045F00001002168086000F0E5FE05460DE000F0CE
:10460000E1FE401B0A2808D9606A40F4003060626D
:10461000052084F820000120E0E72068406800F0D1
:1046200001000028EBD02068006820F0020021681B
:10463000086000F0C7FE05460DE000F0C3FE401B19
:104640000A2808D9606A40F400306062052084F8C6
:1046500020000120C2E72068406800F00200002826
:10466000EBD1207E012806D12068006840F0800050
:104670002168086005E02068006820F0800021685B
:104680000860607E012806D12068006840F0400084
:104690002168086005E02068006820F0400021687B
:1046A0000860A07E012806D12068006840F0200044
:1046B0002168086005E02068006820F0200021687B
:1046C0000860E07E012806D12068006820F0100014
:1046D0002168086005E02068006840F0100021684B
:1046E0000860207F012806D12068006840F008009B
:1046F0002168086005E02068006820F00800216853
:104700000860607F012806D12068006840F004003E
:104710002168086005E02068006820F00400216836
:104720000860D4E90201084321690843616908432C
:104730006168491E08432168C86100206062012049
:1047400084F82000002049E710B586B00446142103
:1047500001A8FCF7E4F81B492068884230D100BF6B
:10476000002000901848006840F00070164908606A
:104770000846006800F00070009000BF00BF00BF56
:104780000020009010481038006840F001000E49E9
:10479000103908600846006800F00100009000BF72
:1047A00000BF4FF4C05001900220029000200390FF
:1047B000032004900920059001A9044800F0F0FCB2
:1047C00006B010BD006400404038024000000240C6
:1047D000704770477047F0B50346002603B109B92A
:1047E0000120F0BD00BF5879012801D10220F8E76F
:1047F0000120587100BF022018711868046802F087
:10480000100740F6FE70B8408443D1E9000740EA43
:10481000070502F0100005FA00F004431868046070
:104820001868006802F0100CC02707FA0CF7B843AC
:104830001F6838600120187100BF0020587100BF48
:104840003046CEE770477047704710B504460CB944
:10485000012010BD207920B900206071204600F0B1
:1048600009F8022020710020206101202071002021
:10487000EFE7000010B586B00446142101A8FCF74C
:104880004EF83B492068884270D100BF002000905C
:104890003848006840F00050364908600846006813
:1048A00000F00050009000BF00BF00BF002000904B
:1048B00030481038006840F001002E491039086077
:1048C0000846006800F00100009000BF00BF3020E3
:1048D0000190032002900020039001A9264800F0D7
:1048E0005FFC2648264908604FF060604860402120
:1048F000234881600021C1604FF48061016149005B
:104900004161890081614911C1614902016200214F
:10491000416200F0FDFA08B1FEF726F900BF184821
:10492000A060846300BF15481830164908604FF036
:10493000606048604021134881600021C1604FF4ED
:104940008061016149004161890081614911C16152
:10495000490201620021416200F0DAFA08B1FEF773
:1049600003F900BF0748E060846300BF06B010BDD4
:10497000007400404038024000000240886002405D
:10498000D8DE012038DF012038B504460020009031
:104990000CB9012038BD2068009029B902F1080047
:1049A000009D2844009004E002F11400009D28447A
:1049B0000090009803600020ECE710B502460AB9A9
:1049C000012010BD00BF5079012801D10220F8E775
:1049D0000120507100BF022010711068006801F0C2
:1049E00010040123A34018431368186061B91068CC
:1049F000006800F03C003C2816D11068406840F088
:104A00000100136858600FE01068006800F470132C
:104A100001F010043C20A040834205D1106840689A
:104A200040F00200136858600120107100BF0020A0
:104A3000507100BF00BFC4E72DE9F04704460E46A1
:104A400090469A46DDF8209014B90120BDE8F08721
:104A500000BF6079012801D10220F7E701206071D1
:104A600000BF0220207116BB3B48A168C8633B48C9
:104A7000A16808643A48A168C8642068006840F4E6
:104A8000805021680860B9F1000F03D0B9F1040F1C
:104A900008D103E0206800F1080507E0206800F174
:104AA0000C0503E0206800F1100500BF22E02D484E
:104AB000E168C8632C48E16808642C48E168C86470
:104AC0002068006840F0805021680860B9F1000F4C
:104AD00003D0B9F1040F08D103E0206800F11405F8
:104AE00007E0206800F1180503E0206800F11C05CC
:104AF00000BF00BF6EB92068006840F40050216814
:104B0000086053462A464146A06800F077FA0746F7
:104B10000CE02068006840F00050216808605346AF
:104B20002A464146E06800F069FA074600BF0020C7
:104B3000607100BF4FB92068006806F010020121C3
:104B4000914008432168086003E0206940F00400B8
:104B5000206138467AE700001D0E0008750E000837
:104B6000410E00082F0E0008830E00085B0E00089F
:104B700010B502460AB9012010BD1068006801F0A6
:104B800010040123A340984313681860012010719A
:104B90000020F1E770B504460D460CB9012070BD48
:104BA0002068006805F010024FF48051914088435E
:104BB000216808602068006805F01002012191401A
:104BC0008843216808604DB9A06800F014F8206897
:104BD000006820F400502168086008E0E06800F0F8
:104BE0000AF82068006820F0005021680860012061
:104BF00020710020D3E770B50446A56D00F0E2FBFC
:104C0000064694F83500022808D08020606500BF71
:104C1000002084F8340000BF012070BD20680068C7
:104C200020F01600216808602068406920F08000AC
:104C300021684861206C08B9A06C28B12068006820
:104C400020F00800216808602068006820F001005A
:104C50002168086010E000F0B5FB801B05280BD927
:104C600020206065032084F8350000BF002084F810
:104C7000340000BF0320D0E72068006800F0010086
:104C80000028E8D194F85C103F208840A8600120FB
:104C900084F8350000BF002084F8340000BF00BF56
:104CA000BBE7014691F83500022803D08020486513
:104CB00001207047052081F835000868006820F061
:104CC00001000A6810600020F3E70146486D704754
:104CD000F8B50446002000908C4800684FF4165147
:104CE000B0FBF1F7A56D2E6894F85C1008208840A1
:104CF000304098B12068006800F0040070B120686E
:104D0000006820F004002168086094F85C10082016
:104D10008840A860606D40F00100606594F85C1008
:104D200001208840304068B12068406900F0800070
:104D300040B194F85C1001208840A860606D40F09C
:104D40000200606594F85C1004208840304068B12F
:104D50002068006800F0020040B194F85C10042064
:104D60008840A860606D40F00400606594F85C10B5
:104D700010208840304078B32068006800F00800B8
:104D800050B394F85C1010208840A8602068006838
:104D900000F4802080B12068006800F4002028B969
:104DA000206CC8B12046216C884715E0A06C98B1F2
:104DB0002046A16C88470FE02068006800F48070EE
:104DC00028B92068006820F0080021680860206C7D
:104DD00010B12046216C884794F85C102020884050
:104DE0003040002865D02068006800F010000028DE
:104DF0005FD094F85C1020208840A86094F83500BB
:104E0000052828D12068006820F016002168086075
:104E10002068406920F0800021684861206C08B952
:104E2000A06C28B12068006820F0080021680860A4
:104E300094F85C103F208840A860012084F8350079
:104E400000BF002084F8340000BF206D10B1204660
:104E5000216D8847F8BD2068006800F4802080B18B
:104E60002068006800F4002028B9606C10B120466A
:104E7000616C88471DE0E06BD8B12046E16B884744
:104E800017E02068006800F4807068B92068006846
:104E900020F0100021680860012084F8350000BF70
:104EA000002084F8340000BFE06B10B12046E16BB5
:104EB0008847606D38B3606D00F00100F0B10520E7
:104EC00084F835002068006820F00100216808603F
:104ED00000BF0098401C0090B84200D905E020684F
:104EE000006800F001000028F3D100BF012084F821
:104EF000350000BF002084F8340000BFE06C10B122
:104F00002046E16C884700BFA4E7000094C301205D
:104F10002DE9F0410446002500F054FA074614B983
:104F20000120BDE8F081606A00B100BF022084F872
:104F3000350000BF002084F8340000BF20680068FE
:104F400020F00100216808600AE000F03BFAC01B75
:104F5000052805D920206065032084F83500E0E7A6
:104F60002068006800F001000028EED12068056884
:104F700021480540D4E901010843E168084321695B
:104F8000084361690843A1690843E1690843216A4C
:104F900008430543606A042803D1D4E90B010843A0
:104FA0000543206805602068456925F00705606AAB
:104FB0000543606A04280DD1A06A0543E06A48B140
:104FC0002046FBF79FFF28B140206065012084F850
:104FD0003500A6E7206845612046FBF779FF0646C5
:104FE00094F85C103F208840B0600020606501208C
:104FF00084F83500002094E73F8010F02DE9F04759
:1050000004460D4616461F464FF00008D4F8589047
:1050100000BF94F83400012802D10220BDE8F087D7
:10502000012084F8340000BF94F83500012825D110
:10503000022084F83500002060653B463246294650
:105040002046FBF7B4FF94F85C103F208840C9F875
:1050500008002068006840F0160021680860206C95
:1050600028B12068006840F00800216808602068C6
:10507000006840F001002168086006E000BF0020E1
:1050800084F8340000BF4FF002084046C6E7000035
:1050900070B5044600F096F906462546681C10B126
:1050A00004480078054400BF00F08CF9801BA8423A
:1050B000FAD370BD90C3012070B5044600F082F9A8
:1050C00005462A480068281A642800D270BD27487F
:1050D0000560B4F5005F12D125480078401C2449D2
:1050E000087008460078032801D100200870204885
:1050F0000078022837D100201E49086033E0042CD4
:1051000020D100201C4908701C480078401C1B4915
:105110000870084600780A2801DD00200870002089
:1051200003E00021164A1154401C0A28F9DB002034
:1051300003E05A21124A1154401C10490978884250
:10514000F7DB10E0102C03D101200B4908700AE0B6
:10515000082C03D102200849087004E0202C02D159
:1051600003200549087000BFB0E7000048C00120D7
:1051700050C0012058C001205DC001205CC001204A
:10518000ECC2012010B5044604480068204020B15C
:10519000024804602046FFF78FFF10BD143C014019
:1051A000F8B502460B460025002400200021D6E079
:1051B000012606FA01F51E6806EA0504AC4274D120
:1051C0001E7906F00306012E04D01E7906F00306B0
:1051D000022E13D190684F000326BE40B0434F000B
:1051E000DE68BE4030439060506801268E40B04378
:1051F0001E79C6F300168E40304350601E7906F0CB
:105200000306032E09D0D0684F000326BE40B043EA
:105210004F009E68BE403043D0601E7906F0030602
:10522000022E13D1CF0802F1200656F827004E07B0
:10523000F70E0F26BE40B0434F07FF0E1E69BE405B
:105240003043CF0802F1200646F8270010684F00CF
:105250000326BE40B0431E7906F003064F00BE4051
:10526000304310605E6806F44036002E76D000BFF2
:10527000002600963C4E366846F480463A4F3E6023
:105280003E46366806F48046009600BF00BF374EA3
:105290008F0856F827008E07370F0F26BE40B04301
:1052A000334EB24202D1002624E057E0314EB242E2
:1052B00001D101261EE0304EB24201D1022619E092
:1052C0002E4EB24201D1032614E02D4EB24201D13E
:1052D00004260FE02B4EB24201D105260AE02A4EE9
:1052E000B24201D1062605E0284EB24201D107267E
:1052F00000E008268F073F0FBE4030431B4E8F084B
:1053000046F82700224E3068A0435E6806F48016F7
:1053100006B120431E4E3060361D3068A0435E68E3
:1053200006F4001606B12043194E361D3060184EA3
:10533000361F3068A0435E6806F4003606B120438D
:10534000134E361F3060361F3068A0435E6806F487
:10535000803606B120430E4E083E3060491C1029AD
:10536000FFF426AFF8BD0000443802400838014081
:10537000000002400004024000080240000C02400D
:10538000001002400014024000180240001C0240BD
:10539000083C0140024613690B400BB1012000E0BC
:1053A0000020704710B5426921EA020302EA0104B5
:1053B00043EA0443836110BD0AB1816101E00B043B
:1053C00083617047014800687047000088C301206E
:1053D00070B504460CB9012070BD94F83D0028B9A1
:1053E000002084F83C00204600F0DAF8242084F8FD
:1053F0003D002068006820F00100216808602068F6
:10540000006840F40040216808602068006820F4CB
:1054100000402168086000F005FB05465C496068B3
:10542000884206D85B48854201D2012007E000206F
:1054300005E05948854201D2012000E00020012802
:1054400000D1C9E75548B5FBF0F62068406820F068
:105450003F003043216848604D496068884201D868
:10546000701C07E04FF4967070434FF47A71B0FBF4
:10547000F1F0401C2168096A21F03F0108432168CE
:10548000086243496068884214D8681E6168490010
:10549000B0FBF1F0401CC0F30B00042801D2042043
:1054A0003DE0681E61684900B0FBF1F0401CC0F3AC
:1054B0000B0034E0A06838B9681E616801EB410157
:1054C000B0FBF1F0401C0AE0681E616801EBC1020C
:1054D00002EB0111B0FBF1F0401C40F48040C0F33E
:1054E0000B0008B901201AE0A06848B9681E61687D
:1054F00001EB4101B0FBF1F0401CC0F30B000CE0EC
:10550000681E616801EBC10202EB0111B0FBF1F012
:10551000401CC0F30B0040F4804040F40040216880
:10552000C9694CF6FF72914308432168C861D4E908
:10553000070108432168096821F0C0010843216878
:105540000860D4E9031008432168896848F2FF32F3
:105550009143084321688860D4E905010843216824
:10556000C96821F0FF0108432168C860206800680D
:1055700040F001002168086000202064202084F8A9
:105580003D000020206384F83E0000BF24E70000B7
:10559000A086010080841E0000093D0040420F00EB
:1055A00010B586B00446142101A8FBF7B8F91B49D1
:1055B000206888422FD100BF002000901848006862
:1055C00040F00200164908600846006800F002003A
:1055D000009000BF00BFC020019012200290002068
:1055E0000390032004900420059001A90D48FFF7C3
:1055F000D7FD00BF0020009009481030006840F43B
:1056000000100749103108600846006800F40010D7
:10561000009000BF00BF06B010BD00000054004065
:10562000303802400004024003480068034909780A
:10563000084401490860704788C3012090C30120D5
:1056400010B50D48006840F400700B49086008462A
:10565000006840F4806008600846006840F480708C
:105660000860032000F0E0F80F2000F007F800F0D9
:105670005FF8002010BD0000003C02402DE9F04121
:1056800088B004460027B84600BF00200190234898
:10569000006840F02000214908600846006800F0DA
:1056A0002000019000BF00BF02A903A800F092F9FA
:1056B000069F1FB900F0B6F9054602E000F0B2F906
:1056C00045001748B5FBF0F0A0F101081548164950
:1056D000086040F2E7311448C160C0F8048000213E
:1056E00001618160816101F037FA064696B90E4882
:1056F00001F00CFB06466EB9372000F043F8102C81
:1057000007D200222146372000F050F807480460F5
:1057100000E00126304608B0BDE8F0814038024084
:1057200040420F000014004038E301208CC30120E8
:1057300008B500BF002000901148006840F4804088
:105740000F4908600846006800F48040009000BFE0
:1057500000BF00BF00200090081F006840F080508C
:10576000091F08600846006800F08050009000BFE4
:1057700000BF00220F21901E00F018F808BD0000A5
:10578000443802400146084600280DDB00BF00BF38
:1057900000F01F0301229A4043099B0003F1E0231C
:1057A000C3F8002100BF00BF00BF70472DE9F05FC4
:1057B00080460D461646002704F0FCFF0746394692
:1057C0002A46334601F00700C0F1070ABAF1040F78
:1057D00002D94FF0040A01E0C0F1070AD14600F1F6
:1057E000040ABAF1070F02D24FF0000A01E0A0F15B
:1057F000030AD4464FF0010A0AFA09FAAAF1010A8B
:105800000AEA020A0AFA0CFA4FF0010B0BFA0CFB37
:10581000ABF1010B0BEA030B4AEA0B0421464046AD
:1058200004F0D0FFBDE8F09F00BF00F00702064B78
:1058300019684FF6FF031940044B0B4343EA02215A
:10584000014B196000BF70470CED00E00000FA0545
:1058500070B504460D460CB9012070BD584800686B
:1058600000F00700A84209D255490D7008460068AB
:1058700000F00700A84201D00120EEE7207800F0F8
:10588000020002281DD1207800F00400042805D170
:105890004C48006840F4E0504A490860207800F025
:1058A0000800082805D14748006840F46040454991
:1058B00008604448006820F0F000A16808434149AE
:1058C0000860207800F00100A8B36068012807D1C3
:1058D0003C4808380068C0F34040B8B90120BCE734
:1058E0006068022802D06068032807D1354808386C
:1058F0000068C0F3406048B90120AEE7314808387D
:105900000068C0F3400008B90120A6E72D480068F0
:1059100020F00300616808432A490860FFF752FD40
:10592000064609E0FFF74EFD801B41F288318842B0
:1059300002D9032091E707E02248006800F00C003C
:105940006168B0EB810FEDD11D48006800F00700E1
:10595000A84209D91A490D700846006800F00700EE
:10596000A84201D0012078E7207800F00400042844
:1059700007D11448006820F4E050E1680843114959
:105980000860207800F00800082808D10D48006859
:1059900020F46040216940EAC1000A49086000F033
:1059A00061F808490968C1F30311074A515CC8400E
:1059B0000649086006480068FFF760FE00204CE7D3
:1059C000003C0240083802406807010894C30120E7
:1059D0008CC301200F2202600D4A126802F00302FC
:1059E00042600B4A126802F0F0028260084A1268B4
:1059F00002F4E052C260064A126802F46042D20821
:105A00000261044A126802F007020A60704700004F
:105A100008380240003C024001480068704700001E
:105A200094C3012000B5FFF7F7FF04490968C1F3EB
:105A30008221034A515CC84000BD00000838024082
:105A40007807010800B5FFF7E7FF04490968C1F3CB
:105A50004231034A515CC84000BD00000838024092
:105A6000780701082DE9F047002400250026A1460B
:105A70002548006800F00C0020B1042805D0082853
:105A80003AD105E0DFF8849039E0DFF8849036E021
:105A90001D48001F006800F03F041B48001F0068FD
:105AA00000F4800078B11A481749091F0968C1F34A
:105AB0008811A0FB01700146224600233846FAF700
:105AC00077FC05460EE011480F49091F0968C1F32C
:105AD0008811A0FB01700146224600233846FAF7E0
:105AE00067FC05460848001F0068C0F30140401CE1
:105AF0004600B5FBF6F902E0DFF8109000BF00BFEA
:105B00004846BDE8F0870000083802400024F40051
:105B100000127A00F8B504460CB90120F8BD2078CF
:105B200000F00100002874D0F948006800F00C0073
:105B300004280DD0F648006800F00C00082813D1A6
:105B4000F348001F006800F48000B0F5800F0BD10F
:105B5000EF4808380068C0F34040002859D060681A
:105B6000002856D10120D9E700BF6068B0F5803F1A
:105B700008D1E7480838006840F48030E449083923
:105B800008601EE06068B0F5A02F0DD1E04808382D
:105B9000006840F48020DE49083908600846006843
:105BA00040F4803008600CE0D9480838006820F4E0
:105BB0008030D749083908600846006820F4802002
:105BC000086000BF606890B1FFF7FCFB054606E087
:105BD000FFF7F8FB401B642801D903209EE7CC485F
:105BE00008380068C0F340400028F1D011E0FFF70A
:105BF000E9FB054606E0FFF7E5FB401B642801D9F9
:105C000003208BE7C24808380068C0F340400028F2
:105C1000F1D1207800F0020002285FD1BC48006872
:105C200000F00C0058B1BA48006800F00C000828D9
:105C30001CD1B748001F006800F48000B0B9B44818
:105C400008380068C0F3400020B1E068012801D0A6
:105C5000012063E7AE480838006820F0F8002169A9
:105C600040EAC100AA490839086037E0E06800B39B
:105C70000120A8490860FFF7A5FB054606E0FFF7ED
:105C8000A1FB401B022801D9032047E7A0480838A0
:105C90000068C0F340000028F1D09D480838006833
:105CA00020F0F800216940EAC100994908390860EC
:105CB00014E0002097490860FFF784FB054606E0E2
:105CC000FFF780FB401B022801D9032026E79048FC
:105CD00008380068C0F340000028F1D1207800F0B7
:105CE000080008282CD16069A8B101208A49086001
:105CF000FFF768FB054606E0FFF764FB401B022840
:105D000001D903200AE782486C300068C0F34000E4
:105D10000028F1D014E000207F490860FFF752FB13
:105D2000054606E0FFF74EFB401B022801D9032081
:105D3000F4E677486C300068C0F340000028F1D1E9
:105D4000207800F00400042870D100277048383013
:105D5000006800F0805090B900BF002000906C48AF
:105D60003830006840F08050694938310860084692
:105D7000006800F08050009000BF00BF0127674816
:105D8000006800F48070B0B96448006840F4807026
:105D900062490860FFF716FB054606E0FFF712FBB5
:105DA000401B022801D90320B8E65C48006800F4D3
:105DB00080700028F2D000BFA068012808D15448A4
:105DC0006830006840F001005149683108601DE00A
:105DD000A06805280DD14E486830006840F00400E6
:105DE0004B49683108600846006840F001000860CF
:105DF0000CE047486830006820F0010044496831F1
:105E000008600846006820F00400086000BFA06831
:105E1000A8B1FFF7D7FA054609E0FFF7D3FA401B10
:105E200041F28831884202D9032077E626E03848DB
:105E300068300068C0F340000028EED013E0FFF7A0
:105E4000C1FA054608E0FFF7BDFA401B41F2883170
:105E5000884201D9032061E62D4868300068C0F30C
:105E600040000028EFD1012F07D1294838300068C1
:105E700020F0805026493831086000BFA069002812
:105E800045D02348006800F00C0008285DD0A069C8
:105E9000022845D100201F490866FFF793FA0546FE
:105EA00006E0FFF78FFA401B022801D9032035E6F0
:105EB000174808380068C0F340600028F1D1D4E9E1
:105EC00007010843616A40EA81110122A06AC2EB1E
:105ED000500041EA00412C20005D41EA00600C497D
:105EE000091F086001200B490866FFF76BFA054699
:105EF00006E0FFF767FA401B022801D903200DE6F0
:105F0000034808380068C0F340600028F1D049E039
:105F10000838024000004742800E474200700040AF
:105F2000002021490866FFF74DFA054606E0FFF715
:105F300049FA401B022801D90320EFE51B480068FD
:105F4000C0F340600028F2D12CE0A069012800D104
:105F5000E4E51648001D0668A069012820D006F473
:105F60008001E06981421BD106F03F01206A814235
:105F700016D147F6C0703040616AB0EB811F0FD177
:105F800006F440310122A06AC2EB5000B1EB004F91
:105F900006D106F070612C20005DB1EB006F01D0DE
:105FA0000120BBE50020B9E500004742003802406F
:105FB00010B50446FAF7C6FE10BD704710B502468C
:105FC000506E800F0870506EC0F383604870506E42
:105FD000C0F301608870506E000CC870B2F86400A5
:105FE000000A087192F864004871906E000DC88034
:105FF000906EC0F3034008726820805AC0F3C0302E
:1060000048726820805AC0F3803088726820805AB5
:10601000C0F34030C8726820805AC0F30030087363
:1060200000204873506C002836D16820805A8005C3
:10603000030DD06E43EA90700861D06EC0F3C26069
:106040000875D06EC0F302604875D06EC0F3425040
:106050008875D06EC0F38240C875D06EC0F3C23070
:1060600008760869401C50650B7E506D03F00703ED
:106070009B1C01249C4060435065087A00F00F038C
:10608000012098409065D2E915035B0A5843D0651A
:106090004FF40073136621E0506C012813D168207F
:1060A000805C8006830AD06E43EA1040086108696C
:1060B000401C83025365536DD3654FF400739365A1
:1060C000936D13660AE02E4813689863906B40F056
:1060D00080509063012082F8340010BD6C20805AFB
:1060E000C0F3803001F8190F6C20805AC0F3C6103D
:1060F00048706C20805C00F07F008870106FC00FCB
:10610000C870106FC0F341700871106FC0F38260E7
:106110004871106FC0F383508871106FC0F3405006
:10612000C87100200872106FC0F3004048727020E0
:10613000805AC0F3C03088727020805AC0F380301B
:10614000C8727020805AC0F3403008737020805AA3
:10615000C0F3003048737020805AC0F381208873E8
:106160007020805AC0F30120C8737020805CC0F397
:10617000460008740120487419390020ADE700007A
:10618000FF0540000246506C0860906C4860D06C7F
:106190008860106DC860506D0861906D4861D06D69
:1061A0008861106EC86100207047F8B50446002071
:1061B00000906946204602F0B0FF054615B1A06B7D
:1061C0002843A0630098C0F343263046F8BD000082
:1061D00070B50446256B2068406BC0F3C03030B109
:1061E00005F0080018B1204602F072FFF8E02068C0
:1061F000406BC0F30020002862D04FF4807021680B
:1062000088632068C06B4CF23A3188432168C863C8
:106210002068C06A20F001002168C86205F008000B
:1062200038B305F0020010B905F0200050B1206825
:1062300002F054FB06462EB1A06B3043A06320460B
:10624000FFF7BBFE40F23A5021688863012084F8D2
:1062500034000020206305F0010010B905F00200B1
:1062600018B1204600F0A2FABAE0204600F0A3FAE6
:10627000B6E005F080000028B8D005F0200050B14D
:10628000206802F02BFB06462EB1A06B3043A063C2
:106290002046FFF792FE05F001000028A6D105F088
:1062A00002000028A2D12068C06A20F008002168FE
:1062B000C862012084F83400204600F07CFA8FE0A8
:1062C0002068406BC0F3803030B105F0080018B191
:1062D000204602F03AFF83E02068406B40F23A210A
:1062E000084008B1012000E00020002878D0206894
:1062F000406BC0F3400018B1A06B40F00200A063F7
:106300002068406BC0F3C00018B1A06B40F00800DB
:10631000A0632068406BC0F3401018B1A06B40F040
:106320002000A0632068406BC0F3001018B1A06B80
:1063300040F01000A0632068406BC0F3402018B10B
:10634000A06B40F00800A06340F23A7021688863B7
:106350002068C06B40F23A3188432168C8632068E6
:1063600002F0BCFAA16B0843A06305F0080040B13D
:10637000012084F83400002020632046FFF71DFE32
:106380002EE005F0800000B305F0100010B905F014
:10639000200050B11348E16B0865E06BFEF781FC0B
:1063A00098B1E06B02F089FD1AE005F0010010B928
:1063B00005F0020050B10C48216C0865206CFEF716
:1063C00070FC10B1206C02F04BFD09E00020A063CE
:1063D000012084F83400002020632046FFF7E8FD08
:1063E00070BD0000BB8E0008618E000810B5044629
:1063F0000CB9012010BD94F8340020B9002020779A
:10640000204600F065F8032084F83400204600F0B0
:106410000BF808B10120EDE70020A0632063012004
:1064200084F834000020E5E730B589B00446002048
:10643000039004900590069007907620089006A897
:1064400007C88DE80700206803A90EC902F0C2F84A
:1064500000201D490860206802F0D6F801201A4982
:10646000A039C1F8A0000220FEF712FE204602F07B
:10647000C9FD054645B1012084F83400A06B2843CE
:10648000A063012009B030BD204602F03AFD054668
:106490003DB1012084F83400A06B2843A0630120A3
:1064A000F0E74FF40071206802F00CF905464DB199
:1064B000064821688863A06B2843A063012084F804
:1064C0003400DFE70020DDE7A0802542FF05400023
:1064D00010B586B00446142101A8FAF720FA5849ED
:1064E000206888427ED100BF002000905548006897
:1064F00040F40060534908600846006800F40060FA
:10650000009000BF00BF00BF002000904D4814382D
:10651000006840F004004B491439086008460068E0
:1065200000F00400009000BF00BF00BF00200090FA
:106530000846006840F0080008600846006800F05F
:106540000800009000BF00BF4FF488500190022067
:10655000029000200390032004900C20059001A9D4
:106560003948FEF71DFE0420019002200290002011
:106570000390032004900C20059001A93348FEF7F6
:106580000FFE3348334908604FF000604860002137
:1065900030488160C1604FF48061016189004161D0
:1065A000890081612021C1610021016204214162D1
:1065B000032181624FF40001C16289100163FEF77B
:1065C000A7FC08B1FCF7D0FA00BF2248206484631E
:1065D00000BF1F484830204908604FF00060486005
:1065E000402100E029E01C4881600021C1604FF497
:1065F0008061016189004161890081612021C1615F
:106600000021016204214162032181624FF40001F3
:10661000C16289100163FEF77BFC08B1FCF7A4FAA4
:1066200000BF0D48E063846300BF002205213120D4
:10663000FFF7BCF83120FFF7A5F806B010BD000049
:10664000002C01404438024000080240000C024087
:106650005864024070E00120D0E001202DE9F043B1
:1066600087B004460F4691461D46C8463FB9A06B09
:1066700040F00060A063012007B0BDE8F08394F80B
:10668000340001287ED10020A06308EB0501E06DF5
:10669000814205D9A06B40F00070A0630120EBE7B8
:1066A000032084F8340000202168C8622068C06B91
:1066B00040F22A3108432168C8633848216CC86316
:1066C0003748216CC8640020216C08650021206CCB
:1066D0008160206C0068006820F0C000216C89682F
:1066E0000843216C096808606A029308226802F175
:1066F00080013A46206CFEF781FC80B12068C06BB7
:1067000020F495702168C863264821688863A06BCF
:1067100040F08040A063012084F83400ACE7012001
:1067200021490860606C012801D04FEA48284FF0E9
:10673000FF300190680202909020039002200490A4
:10674000002005900120069001A9206801F014FFA7
:10675000012D07D9822020634146206801F0FEFF09
:10676000064606E0812020634146206802F012F8C8
:10677000064676B10B4821688863A06B3043A0635E
:10678000012000E007E084F83400002020630120AD
:1067900072E7002070E702206EE70000198E000803
:1067A000A58D0008FF0540008C85254210B50446E4
:1067B000FAF70AFB10BD10B50446FAF723FB10BD2B
:1067C0002DE9F04387B00446884691461D464F4662
:1067D000B8F1000F07D1A06B40F00060A06301206A
:1067E00007B0BDE8F08394F83400012874D100208C
:1067F000A0637919E06D814205D9A06B40F000706B
:10680000A0630120ECE7032084F834000020216815
:10681000C8622068C06B40F21A2108432168C8632F
:106820003848E16BC8633848E16BC8640020E16B0D
:106830000865606C012800D07F02012D07D9A020D7
:1068400020633946206802F067F8064606E090208B
:1068500020633946206802F07BF8064666B12B4873
:1068600021688863A06B3043A063012084F8340062
:10687000002020630120B3E7012025490860402162
:10688000E06B8160E06B0068006820F0C000E16BA5
:1068900089680843E16B0968086069028B08216810
:1068A00001F180024146E06BFEF7A8FBA8B1206829
:1068B000C06B40F21A2188432168C86313482168DD
:1068C0008863A06B40F08040A063012084F834000E
:1068D00000202063012083E711E04FF0FF3001909A
:1068E00068020290902003900020049005900120FF
:1068F000069001A9206801F03FFE002070E7022009
:106900006EE70000A98E0008A58D0008FF05400075
:106910008C85254210B504460CB9012010BD606A73
:1069200038B96068B0F5827F00D105E00021E161EF
:1069300002E00021216161610021A16294F851000F
:1069400028B9002084F85000204600F047F80220C3
:1069500084F851002068006820F040002168086039
:10696000A08800F48270218901F404410843A189C0
:1069700001F400610843217C01F002010843217DFC
:1069800001F001010843218B01F400710843217FCC
:1069900001F0380108432021095D01F0800108431E
:1069A000218D01F400510843216808600421A06989
:1069B00001EA104094F8241001F010010843216806
:1069C00048602068C06920F400602168C861002028
:1069D0006065012084F8510000209FE710B586B063
:1069E0000446142101A8F9F79AFF29492068884232
:1069F0004CD100BF002000902648006840F4805031
:106A0000244908600846006800F48050009000BFE8
:106A100000BF00BF002000901E481438006840F0FE
:106A200001001C49143908600846006800F00100A4
:106A3000009000BF00BF00BF002000900846006823
:106A400040F0020008600846006800F00200009074
:106A500000BF00BFC02001900220029000200390E0
:106A6000032004900520059001A90B48FEF798FB30
:106A7000082001900220029000200390032004903F
:106A80000520059001A90548FEF78AFB06B010BD58
:106A9000003001404438024000000240000402403F
:106AA0007047704730B502460B4600BF92F83C0075
:106AB000012801D1022030BD012082F83C0000BF36
:106AC000022082F83D00106844681068816824F054
:106AD00070041868044310684460184D1068A84298
:106AE0001BD01068B0F1804F17D0154D1068A84228
:106AF00013D0144D1068A8420FD0134D1068A8424F
:106B00000BD0124D1068A84207D0114D1068A84252
:106B100003D0104D1068A84205D121F080015868BB
:106B2000014310688160012082F83D0000BF002011
:106B300082F83C0000BF00BFBDE70000000001403C
:106B40000004004000080040000C00400004014028
:106B5000004001400018004010B504460CB9012067
:106B600010BD94F83D0028B9002084F83C00204670
:106B700000F026F8022084F83D00211D206802F074
:106B80000DFF012084F8460000BF84F83E0001217B
:106B90003F200155402001554120015500BF00BF55
:106BA000012084F84200432001554420015545202E
:106BB000015500BF012084F83D000020D0E700000F
:106BC00038B5044626492068884218D100BF002005
:106BD00000902448006840F00200224908600846FE
:106BE000006800F00200009000BF00BF00220521F5
:106BF0001D20FEF7DBFD1D20FEF7C4FD2FE01A4926
:106C0000206888420FD100BF00200090154800681E
:106C100040F01000134908600846006800F01000BA
:106C2000009000BF1BE011492068884217D100BFC7
:106C3000002000900B48006840F48070094908600B
:106C40000846006800F48070009000BF00BF00227A
:106C500005212D20FEF7AAFD2D20FEF793FD38BD5E
:106C60000004004040380240001000400020004076
:106C7000014691F83D00012801D001207047022013
:106C800081F83D001A4B086898421BD00868B0F1A3
:106C9000804F17D0174B0868984213D0164B0868DE
:106CA00098420FD0154B086898420BD0144B0868D7
:106CB000984207D0134B0868984203D0124B0868DB
:106CC00098420CD10868806800F00702062A0CD0B0
:106CD0000868006840F001000B68186005E008686B
:106CE000006840F001000B6818600020C6E7000053
:106CF000000001400004004000080040000C00407B
:106D0000000401400040014000180040014691F895
:106D10003D00012801D001207047022081F83D008C
:106D20000868C06840F001000B68D8601A4B08681A
:106D300098421BD00868B0F1804F17D0174B0868F5
:106D4000984213D0164B086898420FD0154B08682C
:106D500098420BD0144B0868984207D0134B086830
:106D6000984203D0124B086898420CD1086880689A
:106D700000F00702062A0CD00868006840F0010005
:106D80000B68186005E00868006840F001000B68B7
:106D900018600020C0E7000000000140000400402F
:106DA00000080040000C0040000401400040014089
:106DB00000180040014600BF0868006A41F2111245
:106DC000104050B90868006A9210104028B908684D
:106DD000006820F001000A68106000BF012081F8FF
:106DE0003D00002070472DE9F04104460D46002784
:106DF00000BF94F83C00012802D10220BDE8F081D8
:106E0000012084F83C0000BF022084F83D00206887
:106E1000866826F0770626F47F4620688660286814
:106E2000502833D00CDC202850D004DC00284BD074
:106E3000102851D149E0302849D040284CD139E0C0
:106E400060282DD0702807D0B0F5805F03D0B0F552
:106E5000005F41D10DE041E0D5E902136A68206886
:106E600002F01DFE2068866846F07706206886607E
:106E700034E0D5E902136A68206802F010FE206849
:106E8000806840F480402168886027E0EA6869688B
:106E9000206802F0F5FE5021206802F00BFE1DE094
:106EA000EA686968206802F0FEFE6021206802F04E
:106EB00001FE13E0EA686968206802F0E1FE402103
:106EC000206802F0F7FD09E000BF00BF00BF29689D
:106ED000206802F0EFFD01E0012700BF00BF0120A4
:106EE00084F83D0000BF002084F83C0000BF384615
:106EF00084E72DE9F04104460D4614B90120BDE8B0
:106F0000F08194F83D0028B9002084F83C00204628
:106F100000F054F8022084F83D002068806844F2B4
:106F20000701884321688860211D206802F036FD32
:106F30002068D0F80880206886692068076A286879
:106F400040EA080840F203308643A969A86840EA8D
:106F50000120064340F60C4086434FF2F000864382
:106F6000E969E86840EA0120064328690001296AC6
:106F700040EA0130064327F0220727F088076969B5
:106F8000686840EA011007432068C0F8088020685C
:106F9000866120680762012084F8460084F83E007C
:106FA00001213F200155012084F842004320015572
:106FB000012084F83D000020A1E7000010B586B054
:106FC0000446142101A8F9F7AAFC1F492068884249
:106FD00037D100BF002000901C48006840F002003C
:106FE0001A4908600846006800F00200009000BFDF
:106FF00000BF00BF0020009014481438006840F023
:1070000004001249143908600846006800F00400C2
:10701000009000BF00BFC02001900220029001201C
:107020000390002004900320059001A90848FEF772
:10703000B7F8002205212D20FEF7B8FB2D20FEF722
:10704000A1FB06B010BD000000040140443802401E
:10705000000802402DE9F04304460D4694F83E60D6
:107060003F20075D94F84280432010F804906DB9EA
:10707000012E02D1B8F1010F02D00120BDE8F0834A
:10708000022084F83E0084F8420025E0042D0CD153
:10709000012F02D1B9F1010F01D00120EEE7022149
:1070A0003F2001554320015516E0012E07D1012F45
:1070B00005D1B8F1010F02D1B9F1010F01D00120C2
:1070C000DCE7022084F83E0002213F200155022027
:1070D00084F842004320015515B1042D0CD105E080
:1070E00001220021206802F0C9FC10E001220421E5
:1070F000206802F0C3FC0AE001220021206802F0AF
:10710000BDFC01220421206802F0B8FC00BF00BFD2
:107110002068006840F00100216808600020ADE7A9
:10712000704770B504462068C5682068066906F097
:107130000200022819D105F00200022815D1401FD3
:1071400021680861012020772068806900F0030031
:1071500018B12046FFF7E4FF05E0204600F0C6F82E
:10716000204600F091F90020207706F00400042862
:1071700019D105F00400042815D1C0432168086125
:10718000022020772068806900F4407018B1204602
:10719000FFF7C6FF05E0204600F0A8F8204600F003
:1071A00073F90020207706F00800082819D105F0AF
:1071B0000800082815D1C043216808610420207701
:1071C0002068C06900F0030018B12046FFF7A8FF4F
:1071D00005E0204600F08AF8204600F055F900202E
:1071E000207706F01000102819D105F010001028A3
:1071F00015D1C04321680861082020772068C06944
:1072000000F4407018B12046FFF78AFF05E02046E1
:1072100000F06CF8204600F037F90020207706F0E7
:10722000010048B105F0010030B16FF001002168A4
:107230000861204600F0B0F906F08000802809D1EE
:1072400005F08000802805D1C043216808612046F0
:10725000FFF726FC06F04000402809D105F0400069
:10726000402805D1C04321680861204600F076FA25
:1072700006F02000202809D105F02000202805D1A3
:10728000C043216808612046FFF70BFC70BD000079
:1072900010B586B00446142101A8F9F740FB206818
:1072A000B0F1804F1CD100BF002000900D48006855
:1072B00040F001000B4908600846006800F001003A
:1072C000009000BF00BF0520019002200290002026
:1072D000039004900120059001A90348FDF760FF89
:1072E00006B010BD303802400000024070472DE962
:1072F000F04104460D461646002700BF94F83C00B6
:10730000012802D10220BDE8F081012084F83C0070
:1073100000BF36B1042E1BD0082E31D00C2E5ED10A
:1073200045E02946206802F0CFFB2068806940F0E4
:107330000800216888612068806920F004002168C5
:10734000886120688069296908432168886148E06C
:107350002946206802F0F0FB2068806940F4006054
:10736000216888612068806920F4806021688861D4
:1073700020688069296940EA01202168886130E03D
:107380002946206802F016FC2068C06940F0080019
:107390002168C8612068C06920F004002168C861C4
:1073A0002068C069296908432168C86119E0294635
:1073B000206802F03BFC2068C06940F4006021684E
:1073C000C8612068C06920F480602168C8612068B5
:1073D000C069296940EA01202168C86101E00127EC
:1073E00000BF00BF00BF002084F83C0000BF38464B
:1073F00089E710B504460CB9012010BD94F83D0092
:1074000028B9002084F83C00204600F025F802202E
:1074100084F83D00211D206802F0C0FA012084F8A4
:10742000460000BF84F83E0001213F200155402066
:1074300001554120015500BF00BF012084F84200E2
:1074400043200155442001554520015500BF01202E
:1074500084F83D000020D0E708B50168B1F1804F05
:107460000FD100BF002100910649096841F00101D8
:10747000044A11601146096801F00101009100BF42
:1074800000BF08BD403802407047000070B5044698
:107490000D4615B994F83E000BE0042D02D13F20B3
:1074A000005D06E0082D02D14020005D01E0412092
:1074B000005D012801D0012070BD1DB9022084F8B3
:1074C0003E000EE0042D03D102213F20015508E0CB
:1074D000082D03D102214020015502E00221412064
:1074E000015501222946206802F0C8FA2349206884
:1074F000884203D022492068884201D1012000E05F
:10750000002028B12068406C40F4004021684864A5
:107510001A49206888421BD02068B0F1804F17D0EC
:1075200018492068884213D01749206888420FD034
:107530001649206888420BD011492068884207D03C
:1075400013492068884203D01249206888420CD130
:107550002068806800F00706062E0CD020680068BE
:1075600040F001002168086005E02068006840F0F4
:1075700001002168086000209EE700000000014033
:10758000000401400004004000080040000C0040DE
:1075900000400140001800402DE9F04704466549CD
:1075A0002068884201D1FEF73FF86349206888428D
:1075B0006CD16248007800287ED0614800780028AD
:1075C00065D0604800680830B0F5804F02D90020CF
:1075D0005C4908605C4800685A490968415C5A483F
:1075E000026858480068401C105C41EA002007B25D
:1075F0005548016853480068001D095C52480268FC
:1076000050480068401D105C41EA00200FFA80F8E5
:107610004D4801684B480068801D095C4A48026873
:1076200048480068C01D105C41EA002006B207F51A
:107630000040C0F30F15454800886843642190FB63
:10764000F1F043490968C8634048008868436421F1
:1076500090FBF1F03E490968486308F50040C0F32B
:107660000F1906F50040C0F30F1A4B4600221146D1
:107670003848FDF789F95346002210213548FDF7B7
:1076800083F93048006808302E4908604FE02D4AE1
:107690001268B2F5804F02D300222A4B1A60294AA1
:1076A0001268921CB2F5804F02D90022254B1A6055
:1076B000254A1268234B00E026E01B68D35C224A6F
:1076C0001568204A1268521CAA5C43EA022211B2D1
:1076D00001F50042C2F30F101C4A12884243642392
:1076E00092FBF3F21A4B1B68DA63184A1288424382
:1076F000642392FBF3F2164B1B685A63114A12681B
:10770000921C104B1A6012E013480088401C00B213
:1077100011490880084600880A2801D10020088005
:1077200000200B490968C863094909684863BDE836
:10773000F0870000001400400004004074C00120E5
:1077400075C0012068C0012060C0012044C0012034
:1077500088E10120C4DE0120F6C20120704710B587
:1077600004460CB9012010BDA06900B100E000BFC3
:1077700094F8410028B9002084F84000204600F029
:1077800029F8242084F841002068C06820F40050C3
:107790002168C860204602F09BFA2068006920F446
:1077A0009040216808612068406920F02A00216823
:1077B00048612068C06840F400502168C86000201B
:1077C0006064202084F8410084F842000020606357
:1077D00000BFC8E710B586B00446142101A8F9F728
:1077E0009EF81B492068884230D100BF00200090DD
:1077F0001848006840F01000164908600846006804
:1078000000F01000009000BF00BF00BF00200090FB
:1078100010481438006840F001000E49143908601F
:107820000846006800F00100009000BF00BF4FF460
:10783000C060019002200290002003900320049079
:107840000720059001A90448FDF7AAFC06B010BD69
:1078500000100140443802400000024000BFFEE733
:107860004FF4CE60164908604FF400601549086077
:1078700040F2DC5048601E208860C8600020124939
:10788000086000BF0FE000210AE001220F4B03EB6C
:10789000C0035A540C4A1268521C0B4B1A60491C04
:1078A0000829F2DB401C0528EDDB002008490860B0
:1078B000032008490860002007490860704700005D
:1078C00020C3012048D7012030C3012020D7012048
:1078D00024C3012028C301202CC3012010B54FF47C
:1078E000006019490860002048601849086018497C
:1078F0000860002424E00120164901EB041188608F
:1079000004EBC40000EB041041F2F41101EB801011
:10791000104901EB04110860F8F710FD4FF4036102
:1079200090FBF1F201FB120000F57A70094901EBBE
:10793000041148600020074901EB0411C860641C71
:10794000032CD8DB10BD000034C301203CC3012050
:1079500040C3012058D7012010B540F26A70174982
:10796000086000201649086016490860002421E0DC
:107970000120154901EB04118860F8F7DFFC40F69F
:10798000D46190FBF1F201FB12000F4901EB0411ED
:10799000086040F2771060434FF4805101EB8000A3
:1079A000094901EB041148600020074901EB04116B
:1079B000C860641C052CDBDB10BD000044C3012043
:1079C00048C301204CC3012088D7012010B54FF4D3
:1079D000FA701949086000204860886017490860FB
:1079E00017490860002423E0012004EB4401154AF4
:1079F00002EB81014860F8F7A1FC4FF4487190FB5D
:107A0000F1F201FB120004EB4401C1EBC41141F29D
:107A1000E83202EB0111084404EB4401094A42F840
:107A20002100002004EB440102EB81018860641C0A
:107A3000032CD9DB10BD0000D8D7012050C3012092
:107A400054C30120E4D7012010B503201949086070
:107A50000A20194908704870887009211648C170B9
:107A60000A20154908710821134841710020134963
:107A7000086013490870F8F761FC142190FBF1F2DB
:107A800001FB120040B20F490870F8F757FC1421AF
:107A900090FBF1F201FB120040B20A49487000204D
:107AA0000949086009490860FDF78CFC084908602D
:107AB00010BD000008C3012058D6012010C30120CA
:107AC0005DC001200CC3012014C301201CC3012090
:107AD00018C3012010B50B480B49086010204860FE
:107AE000002109488160C1600161416101764176F0
:107AF0008176C17601774177FCF76CFD08B1FBF721
:107B000033F810BD006400409CDE01201CB500204D
:107B1000009001900E480F4908600846FCF795FE5A
:107B200008B1FBF721F80420009002200190002208
:107B300069460848FCF74FFE08B1FBF715F810221C
:107B400069460448FCF747FE08B1FBF70DF81CBD79
:107B500000740040C4DE012008B500BF0020009082
:107B60001E48006840F480001C4908600846006810
:107B700000F48000009000BF00BF00BF0020009014
:107B80000846006840F4001008600846006800F4E9
:107B90000010009000BF00BF002205211020FDF75B
:107BA00005FE1020FDF7EEFD002205211120FDF756
:107BB000FDFD1120FDF7E6FD002205213B20FDF72C
:107BC000F5FD3B20FDF7DEFD002205214520FDF7F8
:107BD000EDFD4520FDF7D6FD08BD00003038024020
:107BE00010B503490348FAF7CBFF0349087010BDED
:107BF000A1C3012080070108A0C3012000B595B0F2
:107C00001C2212490EA8F8F758FE00210EA805F014
:107C10003FF80F4908601C220C491C3107A8F8F7EF
:107C20004CFE002107A805F033F80A4908601C2221
:107C3000064938316846F8F740FE0021684605F0ED
:107C400027F80549086015B000BD0000B40601081A
:107C50005CC3012060C3012064C3012000B587B06C
:107C6000142102A8F8F75BFE00BF002001905748DE
:107C7000006840F01000554908600846006800F0B0
:107C80001000019000BF00BF00BF00200190084617
:107C9000006840F0040008600846006800F0040036
:107CA000019000BF00BF00BF00200190084600689F
:107CB00040F0010008600846006800F001000190F3
:107CC00000BF00BF00BF002001900846006840F0E0
:107CD000020008600846006800F00200019000BF42
:107CE00000BF00BF002001900846006840F0080077
:107CF00008600846006800F00800019000BF00BF5F
:107D00000022C9143248FDF757FB3C2002904FF483
:107D1000881003900120049002A92E48FDF740FA34
:107D20004020029000200390049002A92948FDF70A
:107D300037FA4FF4005002904FF48810039001205E
:107D4000049002A92448FDF72BFA4FF480400290DA
:107D500000200390049002A91F48FDF721FA4FF478
:107D6000006002900120039004900020059002A979
:107D70001748FDF715FA002205210820FDF716FD2A
:107D80000820FDF7FFFC002205210920FDF70EFD6C
:107D90000920FDF7F7FC002205210A20FDF706FD6A
:107DA0000A20FDF7EFFC002205211720FDF7FEFC5D
:107DB0001720FDF7E7FC002205212820FDF7F6FC3F
:107DC0002820FDF7DFFC07B000BD0000303802407E
:107DD00000040240001002400008024010B50B48A9
:107DE0000B4908600B484860002109488160C16068
:107DF0004FF480410161002141618161C1610162F3
:107E0000FDF7E6FA08B1FAF7AFFE10BD00540040E6
:107E100098DF0120A086010010B5094809490860D3
:107E200000204860002107488160C1600161416114
:107E300004218161FEF7DAFA08B1FAF795FE10BD68
:107E4000002C0140ECDF012010B50E480E490860FF
:107E50004FF48270486000210B488160C16001616D
:107E600041614FF4007181610021C1610162416291
:107E700081620A21C162FEF74DFD08B1FAF774FE76
:107E800010BD00000030014030E1012010B509486C
:107E900009490860002048600021074881600121ED
:107EA000C160002101618161FEF756FE08B1FAF759
:107EB0005BFE10BD00200040A8E2012000B589B0A3
:107EC0000020079008901C216846F8F728FD4FF025
:107ED00080401B49086000204860002118488160EC
:107EE00040F6FF71C160002101618161FFF781FAF5
:107EF00008B1FAF739FE00200790089007A910484A
:107F0000FEF7D0FD08B1FAF72FFE602000900020A8
:107F1000019002900490002269460948FFF7E7F9B2
:107F200008B1FAF721FE082269460548FFF7DFF994
:107F300008B1FAF719FE0248FFF7AAF909B000BD27
:107F400088E1012000B587B00020039004900590DF
:107F50000690019002901448144908602920486056
:107F600000211248816040F2E731C16000210161C7
:107F70008161FEF7F1FD08B1FAF7F6FD4FF480508C
:107F8000039003A90948FEF72EFF08B1FAF7ECFDAC
:107F900000200190029001A90448FEF783FD08B17A
:107FA000FAF7E2FD07B000BD00040040D0E1012077
:107FB0001CB50020009001900E480F490860142065
:107FC000486000210C4881600121C160002181616D
:107FD000FEF7C2FD08B1FAF7C7FD2020009000208F
:107FE000019069460448FEF75DFD08B1FAF7BCFD53
:107FF0001CBD00000010004018E2012000B58BB04D
:10800000242102A8F8F78BFC0020009001901A4868
:108010001A490860002048600021184881604FF626
:10802000FF71C16000210161416181610320029003
:108030000020039001200490002005900F2006905E
:108040000020079001200890002009900F200A903E
:1080500002A90A48FEF74DFF08B1FAF785FD002096
:108060000090019069460548FEF71CFD08B1FAF73B
:108070007BFD0BB000BD00000004014060E2012068
:1080800010B50B480B4908604FF4E13048600021FF
:1080900008488160C16001610C214161002181615A
:1080A000C161FFF75CFB08B1FAF75EFD10BD00008F
:1080B00000100140F0E2012000BFFEE700BFFEE734
:1080C0002DE9F04391B007463A4644A101A8F8F7DC
:1080D000E7F9012201A9444803F036FC8146B9F1D1
:1080E000000F78D16B4642F6E062404801683E4896
:1080F00003F09BFD00203D490968009A88543A48E6
:1081000003F0AEFB4FF00008009E00252CE037483E
:108110000068405D0A2802D14FF0000823E0334890
:108120000068405D0D281ED008F10108B8F1070F66
:1081300019DB43F6FE70864214D2731B5A1C2B4B7C
:108140001B685919294BD3F800C06B1C0CEB0300BA
:10815000F8F771FB0A20254909684855761C4FF04D
:10816000000800E002E06D1CB542D0D300BF002043
:108170001F4908601F4908601C4804681C480168C2
:108180000068401C1A4A10601B4840F821401AE061
:1081900020780A2816D100202070144800688442F4
:1081A00006D914F8010C0D2802D1002004F8010CA6
:1081B000601C0F490A680968491C0D4B19600E497B
:1081C00041F82200641C207820B109480068B0F50D
:1081D0007A7FDDDB00BF11B0BDE8F0832F746578D6
:1081E000742F257300000000D851012060C00120C9
:1081F00000C3012004C30120B8C60120F0B59DB022
:10820000044601F0F3FA00203D49087020782F2839
:1082100006D123463BA240210DA8F8F755F905E009
:10822000234639A240210DA8F8F74EF901220DA9E5
:10823000384803F089FB0546002D5ED10CAB2C229B
:1082400001A9344803F0F1FC042233A101A8F8F796
:1082500062FA00284DD1042231A103A8F8F75BFA95
:10826000002846D19DF82C009DF82D1040EA0120F1
:108270009DF82E1040EA01409DF82F1040EA01665B
:1082800029480660B6F5804F02D94FF4804000E0DF
:10829000304607460CAB3A46244801681D4803F0B7
:1082A000C4FC0020224908600C98B0F5804F01D230
:1082B0000C9800E000201F4908601B4800680C99DA
:1082C000401A1949086001201B49087000201B4909
:1082D0000968886200BF4FF4EE6018490968C862F7
:1082E00001461648C16000BF002014490968486271
:1082F00002E0084803F0B4FA00BF1DB0F0BD000072
:10830000F8C20120257300002F6D757369632F2556
:1083100073000000D8510120524946460000000079
:10832000574156450000000070C0012060C0012088
:1083300068C001206CC0012074C00120D0E1012080
:10834000F0B59FB0044601F051FA00205E49087074
:1083500020782F2806D123465CA240210FA8F8F7E9
:10836000B3F805E023465AA240210FA8F8F7ACF86D
:1083700001220FA9594803F0E7FA0546002D7DD1E7
:108380000EAB2C2203A9554803F04FFC042254A144
:1083900003A8F8F7C0F9002871D1042252A105A85A
:1083A000F8F7B9F90028F7D19DF834009DF8351099
:1083B00040EA01209DF8361040EA01409DF8371050
:1083C00040EA01664A480660B6F5804F02D94FF48C
:1083D000804000E0304607460EAB3A46454801680B
:1083E0003E4803F022FC0020434908600E98B0F597
:1083F000804F01D20E9800E00020404908603C48C0
:1084000000680E99401A3A49086001203C490870FA
:108410003C49087000213C48FCF7BCFB10213A485D
:10842000FCF7B8FB00213848FCF7A2FB10213648C6
:10843000FCF79EFB00200190029001900220029028
:10844000002201A93048FCF7C6F910B12FA0FAF7B5
:10845000C9F8102201A92C48FCF7BDF910B12FA0D2
:10846000FAF7C0F800212848FCF7A7FA102126489F
:10847000FCF7A3FA4FF40063002201E022E01DE0C4
:1084800011462148FCF780FA4FF4006300221021C6
:108490001D48FCF779FA002024490968886200BF6A
:1084A0004FF4EE6021490968C86201461F48C16067
:1084B00000BF00201D490968486202E0074803F038
:1084C000CFF900BF1FB0F0BDF8C201202573000036
:1084D0002F766964656F2F2573000000D851012045
:1084E0005249464600000000574156450000000032
:1084F00070C0012060C0012068C001206CC0012054
:1085000074C0012075C00120C4DE01204441433104
:1085100020434647204552520A000000444143325E
:1085200020434647204552520A000000D0E1012076
:1085300070B505460E46002414E004EB04110C4A05
:1085400002EB81003F223146F8F7E5F848B904EB29
:108550000410074A02EB8000016C2846F9F7DCFFA3
:1085600070BD641C034800688442E6DB00BFF7E787
:1085700008D8012068C3012010B50246002308680E
:10858000506248689062D1E9020420430C6920439C
:108590004C6920430343D06A20F0F7001843D062AF
:1085A000002010BD01460869C0B270470146086846
:1085B00000F003007047024602F1140043181868E7
:1085C0007047000010B50248FDF702FE10BD000024
:1085D000ECDF01200FB410B504460021DDE90302F1
:1085E0001043059A1043069A1043079A1043089ABD
:1085F00010430143606847F6FF62904308436060A0
:10860000002010BC5DF814FB014603200860002028
:1086100070470146D1F88000704710B5024600232C
:1086200008689060D1E901042043CC6820430C69BC
:1086300020430343D0686FF30B001843D060002041
:1086400010BD02460868C2F880000020704770B56F
:1086500085B005460C4600943720019040200290DA
:10866000002003904FF48060049069462846FFF78D
:10867000D4FF41F288323721284600F0A5F906469A
:10868000304605B070BD000070B585B005460C469B
:108690000B482043009029200190402002900020A8
:1086A00003904FF48060049069462846FFF7B5FFB9
:1086B000284600F091FA0646304605B070BD00002D
:1086C0000000108070B585B005460C46009410205F
:1086D000019040200290002003904FF480600490AD
:1086E00069462846FFF799FF41F288321021284653
:1086F00000F06AF90646304605B070BD30B585B069
:108700000446002000900190029003904FF4806096
:10871000049069462046FFF780FF204600F034F9B8
:108720000546284605B030BD30B585B004464FF447
:10873000D570009008200190402002900020039006
:108740004FF48060049069462046FFF766FF20469C
:1087500000F0CAFA0546284605B030BD70B585B0B0
:1087600005460C4600941220019040200290002003
:1087700003904FF48060049069462846FFF74DFF50
:1087800041F288321221284600F01EF90646304692
:1087900005B070BD70B585B005460C46009411203B
:1087A000019040200290002003904FF480600490DC
:1087B00069462846FFF731FF41F2883211212846E9
:1087C00000F002F90646304605B070BDF0B585B040
:1087D000064614461D460094072001904020029052
:1087E000002003904FF48060049069463046FFF704
:1087F00014FF41F288320721304600F0E5F80746C1
:10880000384605B0F0BD30B585B004460020009074
:1088100002200190C0200290002003904FF480605D
:10882000049069462046FFF7F8FE204600F0A2F9C2
:108830000546284605B030BD70B585B005460C46E6
:10884000009409200190C0200290002003904FF472
:108850008060049069462846FFF7DFFE284600F056
:1088600089F90646304605B070BD70B585B005463D
:108870000C4600940D2001904020029000200390AF
:108880004FF48060049069462846FFF7C6FE41F227
:1088900088320D21284600F097F80646304605B08C
:1088A00070BD70B585B005460C46002000900320D1
:1088B000019040200290002003904FF480600490CB
:1088C00069462846FFF7A9FE22460321284600F004
:1088D000AFF90646304605B070BD000030B585B032
:1088E0000446002000900C200190402002900020BF
:1088F00003904FF48060049069462046FFF78DFE98
:10890000044A0C21204600F05FF80546284605B0D1
:1089100030BD000000E1F50570B585B005460C4698
:1089200000941920019040200290002003904FF401
:108930008060049069462846FFF76FFE41F2883256
:108940001921284600F040F80646304605B070BDB3
:1089500070B585B005460C46009418200190402063
:108960000290002003904FF48060049069462846EE
:10897000FFF753FE41F288321821284600F024F810
:108980000646304605B070BD01460E480068C00876
:108990004FF47A73B0FBF3F041F2883300FB03F23B
:1089A00000BF101EA2F1010202D14FF0004070473B
:1089B000486B00F080000028F3D0C52088630020B9
:1089C000F5E7000094C301202DE9F04305460F466A
:1089D000904666480068C0084FF47A71B0FBF1F029
:1089E00000FB08F900BFB9F10000A9F1010903D1AA
:1089F0004FF00040BDE8F0836E6B06F045000028A4
:108A0000F1D006F400600028EDD1686B00F004009E
:108A100010B10420A863EDE7686B00F0010010B10D
:108A20000120A863E6E7C520A8632846FFF7BAFD42
:108A3000B84201D00120DDE700212846FFF7BBFD49
:108A400004464B48204008B90020D3E704F000401A
:108A5000B0F1004F02D14FF00070CBE704F080403E
:108A6000B0F1804F01D14020C4E704F00050B0F1D4
:108A7000005F01D18020BDE704F08050B0F1805F3D
:108A800002D14FF48070B5E704F00060B0F1006FE0
:108A900002D14FF40070ADE704F08060B0F1806F58
:108AA00002D14FF48060A5E704F08070B0F1807FC0
:108AB00002D14FF400609DE704F40000B0F5000F10
:108AC00002D14FF4805095E704F48000B0F5800F98
:108AD00002D14FF400508DE704F40010B0F5001FF0
:108AE00002D14FF4804085E704F48010B0F5801F78
:108AF00002D14FF400407DE704F48020B0F5802FD0
:108B000002D14FF4003075E704F40030B0F5003FB7
:108B100002D14FF480206DE704F48030B0F5803F3F
:108B200002D14FF4002065E704F40040B0F5004F97
:108B300002D14FF480105DE704F48040B0F5804F1F
:108B400002D14FF4001055E704F40050B0F5005F77
:108B500002D14FF480004DE704F00800082801D14D
:108B6000000547E74FF4803044E7000094C301203C
:108B700008E0FFFD10B5014616480068C0084FF434
:108B80007A74B0FBF4F041F2883400FB04F300BFC8
:108B9000181EA3F1010302D14FF0004010BD4A6B33
:108BA00002F045000028F3D002F400600028EFD165
:108BB000486B00F0040010B104208863EEE7486BB6
:108BC00000F0010010B101208863E7E7C520886349
:108BD0000020E3E794C3012010B501461348006864
:108BE000C0084FF47A74B0FBF4F041F2883400FB13
:108BF00004F300BF181EA3F1010302D14FF000409F
:108C000010BD4A6B02F045000028F3D002F400606A
:108C10000028EFD1486B00F0040010B104208863F5
:108C2000EEE7C52088630020EAE7000094C3012036
:108C30002DE9F04304460F4690462A480068C008D4
:108C40004FF47A71B0FBF1F041F2883100FB01F989
:108C500000BFB9F10000A9F1010903D14FF00040B4
:108C6000BDE8F083666B06F045000028F1D006F4FD
:108C700000600028EDD1606B00F0040010B104200A
:108C8000A063EDE7606B00F0010010B10120A0636C
:108C9000E6E72046FFF786FCB84201D00120DFE777
:108CA000C520A06300212046FFF785FC054605F49A
:108CB000604020B9280CA8F800000020D0E705F497
:108CC0008040B0F5804F02D14FF40050C8E705F462
:108CD0000040B0F5004F02D14FF48050C0E74FF490
:108CE0008030BDE794C3012010B5014618480068E4
:108CF000C0084FF47A74B0FBF4F041F2883400FB02
:108D000004F300BF181EA3F1010302D14FF000408D
:108D100010BD4A6B02F045000028F3D002F4006059
:108D20000028EFD1486B00F0040010B104208863E4
:108D3000EEE7486B00F0010010B101208863E7E71F
:108D4000486B00F0400008B1402088630020DFE756
:108D500094C3012010B50446012007490870F7F7B5
:108D6000FDFF28B90448007820F00100024908708E
:108D70000148007810BD000098C3012070B504467A
:108D800003F05BFE054604E0F7F7E8FF08B90020B2
:108D900070BD03F052FE401BA042F5D34FF0FF30F0
:108DA000F6E700002DE9F0410646B46B3046FBF7CC
:108DB0008CFF02282CD0206C476DE06BD0F85480DB
:108DC000012F02D0B8F1010F1FD11248216888632A
:108DD0002068C06B20F49D702168C863A06B40F0D0
:108DE0008040A0632046FDF7E0F90546062D01D03E
:108DF000052D05D12068FFF771FDA16B0843A06325
:108E0000012084F83400002020632046FDF7D5F8C7
:108E1000BDE8F081FF05400070B50646B46B206BDD
:108E200082280AD12068FFF759FD05462DB1A06BB5
:108E30002843A0632046FDF7C0F82068C06A20F0F0
:108E400008002168C86240F23A5021688863012016
:108E500084F83400002020632046FDF7A7FC70BD95
:108E600070B50546AC6B40F23A50216888632046E5
:108E7000FDF79BF90646012084F8340000202063AA
:108E8000062E01D0052E05D12068FFF727FDA16B26
:108E90000843A063A06B18B92046FDF789F802E0EB
:108EA0002046FDF78AF870BD0146886B0268D26BD8
:108EB00042F480720368DA63704770B50546AC6BA4
:108EC00040F23A50216888632046FDF76EF9064665
:108ED000012084F8340000202063062E01D0052EE6
:108EE00005D12068FFF7FAFCA16B0843A063A06BD3
:108EF00018B92046FDF75CF802E02046FDF75DF862
:108F000070BD30B58FB00446012003902068FFF794
:108F10004DFB18B94FF080600FB030BD606C032876
:108F20001BD02068FFF76FFC05460DB12846F3E71C
:108F300000212068FFF73FFB606704212068FFF7EE
:108F40003AFBA06708212068FFF735FBE0670C219A
:108F50002068FFF730FB80210851606C032807D0A0
:108F600003A92068FFF79DFC05460DB12846D3E70D
:108F7000606C032820D0BDF80C1021655022125BD4
:108F800011042068FFF758FC05460DB12846C3E7D9
:108F900000212068FFF70FFB606604212068FFF7BF
:108FA0000AFBA06608212068FFF705FBE0660C219C
:108FB0002068FFF700FB206704212068FFF7FBFA19
:108FC000010DE16404A92046FCF7F8FF10B14FF051
:108FD0008050A1E75020005B01040A46002320686E
:108FE000FFF7F4FB05460DB1284695E7D4E90412D6
:108FF000A069CDE90012029094E80F00FFF7EAFAA9
:10900000002089E7F8B504460020009000260027DC
:109010002068FFF773FB05460DB12846F8BD2068B0
:10902000FFF782FB054645B10021A1642068FFF7E8
:1090300065FB05461DB12846F0E70121A164A06C3F
:10904000012808D100212068FFF701FB054615B172
:109050004FF08050E2E71DE000212068FFF7F7FAAB
:1090600005460DB12846D9E718492068FFF70CFBE3
:10907000054615B14FF08050D0E700212068FFF77A
:109080009AFA0646012080EAD67080F0010700981F
:10909000401C00904FF6FF710098884201D2002FCB
:1090A000DAD04FF6FF710098884202D34FF08070FB
:1090B000B4E706F08040B0F1804F02D10120606437
:1090C00001E0002060640020A8E70000000010C15B
:1090D0002DE9F0410546AC6AEF6AE7B14FF00008B0
:1090E00014E02868FFF795FA06462670641C7F1E78
:1090F000300A2070641C7F1E300C2070641C7F1EA0
:10910000300E2070641C7F1E08F10108B8F1080FB2
:10911000E7D3AC62EF62BDE8F08170B504460D465E
:1091200015B94FF0006070BD5022125B1104206829
:10913000FFF79BFB06460EB13046F4E7002120689E
:10914000FFF739FA28600020EDE7F8B505462C6AEC
:109150006E6A1EB300271DE020780090641C761E06
:109160002078009941EA00200090641C761E207847
:10917000009941EA00400090641C761E2078009916
:1091800041EA00600090641C761E69462868FFF77B
:1091900058FA7F1C082FDFD32C626E62F8BD0000E6
:1091A0001FB5044601201649087003F038FC10B3BF
:1091B000F7F7E0FD20B92046FFF7CCFD1049087015
:1091C0000F480078012816D00E48006850B90E4BA1
:1091D0000FCB8DE80F000021684603F038FC0949E9
:1091E000086000BF0748006828B90548007840F0CB
:1091F0000100034908700248007804B010BD000067
:1092000098C301209CC3012094070108F0B589B0E0
:1092100007460D46144601261648007800F0010066
:1092200010B1032009B0F0BD35B1012D06D0022DDB
:109230000BD0032D18D10FE0002617E001A8F7F797
:1092400083FD07982060002610E001A8F7F77CFD59
:1092500008982080002609E001A8F7F775FD089816
:10926000400A2060002601E0042600BF00BF30460F
:10927000D8E7000098C301202DE9F04786B0824668
:109280000E46174698464FF0010947F23050FFF757
:1092900075FD002803DA484606B0BDE8F08742466F
:1092A00039463046F7F77CFD044614BB47F230528E
:1092B00011480168684603F0DFFB9DE8070003AB37
:1092C00007C30398102814D10498012811D103F082
:1092D000B4FB054605E0F7F741FD10B94FF0000972
:1092E00006E003F0AAFB401B47F230518842F2D35C
:1092F00000BF4846D0E700009CC3012010B50446DB
:109300002046FFF727FD10BD2DE9F04387B08146C9
:109310000D4616461F464FF0010847F23050FFF742
:109320002DFD002803DA404607B0BDE8F0833A4639
:1093300031462846F7F752FD10BB47F2305211482C
:10934000016801A803F098FB01A807C804AB07C394
:109350000498102814D10598022811D103F06DFB50
:10936000044605E0F7F7FAFC10B94FF0000806E0F4
:1093700003F063FB001B47F230518842F2D300BF79
:109380004046D1E79CC3012070B5054616480068E9
:10939000102800DB70BD2846F8F710F804460CB31F
:1093A0001149096801EB0111104A02EB81003F22CB
:1093B0002946F7F7DBFA00200B49096801EB011198
:1093C0000A4A02EB810181F83F000748006800EB80
:1093D0000010114601EB8000046403480068401C43
:1093E0000149086000BFD5E768C3012008D8012003
:1093F00030B5D3B004464FF420712A48F7F78FFAFE
:1094000000202949086029A12648F7F741F9264894
:109410000068401C24490860214646A802F0B5FBBC
:109420000546002D3BD100BF694646A802F0FDFC71
:10943000054615B99DF8160000B92CE09DF8080006
:1094400000F0100000B1EFE71AA10DF11600F7F7D8
:109450000DF928B919A10DF11600F7F707F9C8B1F0
:1094600011480068142815DA0E490F4A126801EBFA
:1094700042101F220DF11601F7F778FA0020094972
:10948000094A126801EB4211C87707480068401C7E
:1094900005490860C8E700BF46A802F0FBF953B0D1
:1094A00030BD000018C40120FCC201204261636B82
:1094B000000000002E776176000000002E57415614
:1094C0000000000030B5D3B004464FF420712A48A4
:1094D000F7F725FA00202949086029A12648F7F75F
:1094E000D7F826480068401C24490860214646A851
:1094F00002F04BFB0546002D3BD100BF694646A854
:1095000002F093FC054615B99DF8160000B92CE051
:109510009DF8080000F0100000B1EFE71AA10DF16E
:109520001600F7F7A3F828B919A10DF11600F7F7FF
:109530009DF8C8B111480068142815DA0E490F4A81
:10954000126801EB42101F220DF11601F7F70EFA17
:1095500000200949094A126801EB4211C8770748FF
:109560000068401C05490860C8E700BF46A802F033
:1095700091F953B030BD000018C40120FCC2012095
:109580004261636B000000002E74787400000000DC
:109590002E5458540000000010B588B064210C20EF
:1095A000F8F7D8FF25A0F9F71DF8C82003F02BFA2B
:1095B00027A0F9F717F8642003F025FA2BA0F9F794
:1095C00011F8642003F01FFA2DA0F9F70BF86420BE
:1095D00003F019FA2FA0F9F705F81E2403E0642020
:1095E00003F011FA641E3148006808B9002CF6DC5B
:1095F0002E480068012803D12DA0F8F7F3FF09E0F9
:109600002A48026831A16846F6F74AFF6846F8F72B
:10961000E9FF00BFC82003F0F6F932A0F8F7E2FF37
:109620004FF4967003F0EFF934A0F8F7DBFF4FF436
:10963000FA7003F0E8F908B010BD00003E2053595D
:109640005354454D20424F4F542E2E2E0A000000F9
:109650003E204350553A2053544D33324634303730
:109660002040203136384D487A0A00003E205241D1
:109670004D3A203139324B42204F4B0A0000000056
:109680003E204441433A20494E495449414C495AAD
:1096900045440A003E20434845434B494E4720532A
:1096A0004420434152442E2E2E0A000058C301206C
:1096B0003E20534420434152443A204D4F554E548E
:1096C0004544205B4F4B5D0A000000003E205344A0
:1096D00020434152443A204641494C4544205B25B1
:1096E000645D0A003E204C4F4144494E47204B45A3
:1096F000524E454C2E2E2E0A000000003E2053599B
:109700005354454D2052454144592E0A0000000053
:1097100010B590B0044664210F20F8F71BFF2246D5
:109720000FA16846F6F7BCFE6846F8F75BFFC82055
:1097300003F069F90FA0F8F755FF642003F063F90F
:1097400012A0F8F74FFF642003F05DF914A0F8F7BA
:1097500049FF4FF4967003F056F910B010BD0000A9
:109760003E204C4F4144494E472025732E2E2E0A51
:10977000000000003E20414C4C4F434154494E47AD
:10978000204D454D4F52592E2E2E0A003E20494E57
:1097900049542047524150484943532E2E2E0A0027
:1097A0003E205354415254494E472E2E2E0A00005B
:1097B0004FF47A7003F027F9012209A1094802F059
:1097C00081F804461CB901200749086002E06042A4
:1097D0000549086000BF4FF47A7003F014F9FAE706
:1097E000303A0000A04F012058C301201CB50020D2
:1097F0001749087017480078C8B100211648FBF7D0
:10980000B7F910211448FBF7B3F90020009001903C
:109810000420009002200190002269460E48FAF7C9
:10982000DAFF102269460C48FAF7D5FF00BF002086
:10983000084908700A2003F0E6F8084802F010F81A
:10984000002007490968C8630549096848631CBDC9
:1098500074C0012075C00120C4DE0120D851012050
:1098600088E1012010B500BF502080F31188BFF3BC
:109870004F8FBFF36F8F00BF05F048FA18B14FF05C
:1098800080500449086000BF002080F3118800BFA9
:1098900010BD000004ED00E000B593B0302107A832
:1098A000F7F73DF8142102A8F7F739F800BF0020B8
:1098B00001902548006840F0805023490860084620
:1098C000006800F08050019000BF00BF00BF002082
:1098D00001901E48006840F480401C49086008461A
:1098E000006800F48040019000BF00BF0220079094
:1098F00001200A9010200B9002200D9000210E9163
:1099000008210F91A8211091022111910721129194
:1099100007A8FCF7FFF808B1F9F726F90F20029025
:1099200002200390002004904FF4A05005904FF4C3
:1099300080500690052102A8FBF78AFF08B1F9F7CD
:1099400013F913B000BD0000403802400070004021
:109950000348006840F47000014908607047000047
:1099600088ED00E010B50248FDF7DBFB10BD0000FC
:10997000D0E1012010B50248FDF7D3FB10BD000077
:1099800038E3012010B50348FDF7CBFB0248FDF793
:10999000C8FB10BD60E20120A8E2012010B50268FA
:1099A0002B4B98420ED0B0F1804F0BD0294B9842F0
:1099B00008D0294B984205D0284B984202D0284B1A
:1099C000984203D122F070024B681A43204B984210
:1099D00020D0B0F1804F1DD01E4B98421AD01E4BA4
:1099E000984217D01D4B984214D01D4B984211D06D
:1099F0001C4B98420ED01C4B98420BD01B4B9842EC
:109A000008D01B4B984205D01A4B984202D01A4BF3
:109A1000984203D122F44072CB681A4322F08003AB
:109A20004C6943EA04028B68C3620B688362084B8B
:109A3000984202D00A4B984201D10B690363036834
:109A400043F00403036001234361026010BD000082
:109A5000000001400004004000080040000C0040ED
:109A60000004014000400140004401400048014022
:109A700000180040001C00400020004030B501F0FC
:109A80001F05012404FA05F3046A9C430462046A76
:109A900001F01F0502FA05F52C43046230BD30B514
:109AA0000C46816821F47F4142EA0325254329437E
:109AB000816030BD0A46816821F0700142F00703E1
:109AC000194381607047000030B5026A056A25F0CD
:109AD000010505624368846924F0700424F00304DE
:109AE0000D682C4322F002028D682A43104DA842D3
:109AF00000D103E00F4DA84206D100BF22F00802BA
:109B0000CD682A4322F00402094DA84202D0094D33
:109B1000A84207D123F4807323F400734D692B43CB
:109B20008D692B43436084614D684563026230BD9B
:109B3000000001400004014030B5026A056A25F0CA
:109B4000100505624368846924F4E04424F44074F9
:109B50000D6844EA052422F020028D6842EA0512CD
:109B6000124DA84200D103E0114DA84207D100BF19
:109B700022F08002CD6842EA051222F040020B4D2D
:109B8000A84202D00A4DA84209D123F4806323F4ED
:109B900000634D6943EA85038D6943EA85034360A9
:109BA00084614D688563026230BD000000000140A1
:109BB0000004014030B5026A056A25F4807505622B
:109BC0004368C46924F0700424F003040D682C4336
:109BD00022F400728D6842EA0522124DA84200D19B
:109BE00003E0114DA84207D100BF22F40062CD6806
:109BF00042EA052222F480620A4DA84202D00A4DB0
:109C0000A84209D123F4805323F400534D6943EA59
:109C100005138D6943EA05134360C4614D68C5634C
:109C2000026230BD000001400004014030B5036A0B
:109C3000056A25F4805505624468C26922F4E04251
:109C400022F440720D6842EA052223F400538D6825
:109C500043EA0533084DA84202D0084DA84204D17A
:109C600024F480444D6944EA85144460C2614D681F
:109C70000564036230BD00000000014000040140A3
:109C800030B50B461446026A056A25F001050562E7
:109C9000816921F0F00141EA041122F00A021A431D
:109CA0008161026230BD30B50B461446026A056A16
:109CB00025F010050562816921F4704141EA043103
:109CC00022F0A00242EA03128161026230BD00006C
:109CD0002DE9F84F04462068006920F44050E168FF
:109CE0000843216808612169A06808436169084345
:109CF000E169084300902068C06849F20C6188431C
:109D0000009908432168C8602068406920F44070C9
:109D1000A16908432168486176492068884203D0D8
:109D200075492068884203D1FBF78CFE814602E02A
:109D3000FBF778FE8146E069B0F5004F6CD1022058
:109D40006168A0FB015003461920A9FB0070014681
:109D50002A463846F6F72CFB6421B0FBF1F04FEAB7
:109D6000001A02206168A0FB01510B461920A9FBD3
:109D700000712A463846F6F71BFB834602206168CD
:109D8000A0FB015003461920A9FB00712A46384662
:109D9000F6F70EFB6421B0FBF1F000EBC00101EB24
:109DA0000010ABEB8000322101EBC0006421B0FB5E
:109DB000F1F000F0F8000AEB400A02206168A0FB15
:109DC000015003461920A9FB007001462A46384677
:109DD000F6F7EEFA834602206168A0FB01500346C5
:109DE0001920A9FB00712A463846F6F7E1FA6421EA
:109DF000B0FBF1F000EBC00101EB0010ABEB800019
:109E0000322101EBC0006421B0FBF1F000F007004B
:109E10005044216888606AE004206168A0FB01501A
:109E200003461920A9FB007001462A463846F6F77A
:109E3000BFFA824604206168A0FB01500346192046
:109E4000A9FB007001462A463846F6F7B1FA6421AC
:109E5000B0FBF1F000EBC00101EB0010AAEB8000B9
:109E6000322101EB00106421B0FBF1F000F0F00AA8
:109E700004206168A0FB017003461920A9FB005172
:109E80003A462846F6F794FA6421B0FBF1F00AEB63
:109E9000001A04206168A0FB01510B461920A9FBA0
:109EA00000712A463846F6F783FA83460420616833
:109EB000A0FB015003461920A9FB007001462A4669
:109EC0003846F6F775FA6421B0FBF1F000EBC001FB
:109ED00001EB0010ABEB8000322101EB001064219C
:109EE000B0FBF1F000F00F00504421688860BDE83D
:109EF000F88F00000010014000140140F0B5044646
:109F00007449096801B1F0BD7349096804EBC402E2
:109F100002EB041201EB82016F4A116011460968DD
:109F2000002901DA002111606B490968B1F54E6F13
:109F300003DD4FF44E61684A116068490968674A59
:109F400092681144654A116011464968D26811440B
:109F5000624A516011460968002905DC0021116040
:109F600011468968494291605C490968B1F5805F92
:109F700007DB4FF48051594A116011468968494204
:109F8000916056494968B1F5805F07DB4FF4805115
:109F9000524A51601146C9684942D160C82505F14D
:109FA00064034E49C968002934DA4C494A6803F110
:109FB0003C018A422EDC4949496832292ADB47495B
:109FC0000A68454909683C398A4223DB43490A68E3
:109FD0004149096801F557718A421BDC3F4AD16843
:109FE000002901DB0A4600E04A423C4EF26003F1E0
:109FF0003D013246516011460A683749096801F54A
:10A00000C871511A0A2291FBF2F13246926811444A
:10A010003246916031494968002918DC30490968A5
:10A02000491E2F4A116011460968002903DC0121ED
:10A03000284A11600BE02849096801F5C871274AD0
:10A0400011604FF47A7151601E219160D16040F629
:10A05000B8302249496881423ADB20494A6800F217
:10A06000E2418A4234DA1D4E7668361AFA2796FBA8
:10A07000F7F11A4F3E68F71706EBD7577A12002907
:10A0800025DB052923DA002A21DB082A1FDA154EF1
:10A0900006EBC106B65CD6B10026124F07EBC1072E
:10A0A000BE540E4EF66876420C4FFE600E4E366879
:10A0B0000A360D4F3E600D4E3668761E0B4F3E60E1
:10A0C0003E463668002E02DC0226024F3E6000BF8C
:10A0D00000BF18E72CC3012020C3012048D701206E
:10A0E00028C3012020D7012024C3012030C3012030
:10A0F0002DE9F04707465C48006808B1BDE8F087E5
:10A1000017B146205949486058480068574949687E
:10A1100008445649086008464068001F48600846E1
:10A12000406810F1320F02DA6FF0310048604F489A
:10A130004068322802DD32204C4948604B480068B4
:10A14000502805DA50204949086001204649086036
:10A1500046480068B0F57B6F05DD4FF47B604349EE
:10A16000086000204860002479E0414800EB0410BA
:10A1700000681E383E4901EB041108603C4800EBC2
:10A180000410006810F5967F2BDA4FF0000A0020CB
:10A190000BE0374901EB00110968514504DD3449F2
:10A1A00001EB0011D1F800A0401C0328F1DB0AF5F7
:10A1B000C8602F4901EB04110860F6F7BFF84FF4AF
:10A1C000036190FBF1F201FB120000F57A7028495F
:10A1D00001EB041148600020254901EB0411C8601F
:10A1E00000BF234800EB041005684FF49676204822
:10A1F00000EB0410406800F226281D4800EB041014
:10A200004068A0F22629B5F5876F10DAA819B0F5D5
:10A21000667F0CDD154800685030404504DC13486B
:10A2200000685038484502DA01200F49086010489C
:10A2300000EB0410C06888B90D4800EB04100068FA
:10A240003044B0F5667F09DA0A480068401C0949C5
:10A2500008600120064901EB0411C860641C032C4E
:10A2600083DB00BF4AE7000040C3012034C3012064
:10A2700058D701203CC301202DE9F0412DED068B7C
:10A2800006465C48006818B1BDEC068BBDE8F0815D
:10A2900059480068C6EB061101EB810100EB410053
:10A2A0005549086008460068002801DA0020086067
:10A2B0005148006840F6D461884202DD08464E49A4
:10A2C00008604E48006805F02AF841EC1A0B9FED33
:10A2D0004C0B53EC102B05F039F841EC190B9FEDAA
:10A2E0004A0B53EC102B04F043FF41EC180B04F025
:10A2F000E7FF0546962D00DD9625002475E04448CD
:10A3000000EB04104068401B414901EB0411486018
:10A310003F4800EB0410406810F5967F27DA0027CD
:10A3200000200AE03A4901EB00114968B94203DD17
:10A33000374901EB00114F68401C0528F2DB07F29A
:10A34000DC50334901EB04114860F5F7F7FF40F6A4
:10A35000D46190FBF1F201FB12002D4901EB0411D5
:10A36000086000202A4901EB0411C86000BF2248A0
:10A370000168274800EB0410006800F596708142E0
:10A380001BDA1D48006800F59670214901EB0411A5
:10A390000968884211DD1E4800EB0410406800F592
:10A3A0009670C82809DD1A4800EB04104068B0F523
:10A3B0002F7F02DA01200F490860154800EB0410D6
:10A3C000C06888B9124800EB0410406800F5967028
:10A3D000C82809DA09480068401C084908600120BB
:10A3E0000B4901EB0411C860641C052C87DB00BF1E
:10A3F0004AE700004CC3012044C3012048C30120A8
:10A40000000000000000E03F0000000000004440A9
:10A4100088D701202DE9F0412DED068B06465C48DA
:10A42000006818B1BDEC068BBDE8F0813EB159481B
:10A43000806820B93C205749486001208860554811
:10A440000068544949680844524908600846006851
:10A45000B0F5FA7F04DD08464068001F486006E05A
:10A460004FF4FA704B4908600020486088604A4801
:10A47000006804F054FF41EC1A0B9FED480B53ECBD
:10A48000102B04F063FF41EC190B9FED460B53ECCE
:10A49000102B04F06DFE41EC180B04F011FF054683
:10A4A000642D00DD642500246EE004EB44003F4988
:10A4B00051F82000401B04EB44013C4A42F82100C3
:10A4C00004EB4400114651F8200010F1960F27DAF2
:10A4D000002700200BE000EB4001344A52F8211025
:10A4E000B94203DD00EB400152F82170401C032803
:10A4F000F1DBF5F723FF40F2DC5190FBF1F201FBB9
:10A50000120107F59660084404EB4401274A42F81B
:10A510002100002004EB440102EB8101886000BFB0
:10A5200004EB4400214951F82000B0F57A7F0FDA9E
:10A5300004EB440051F820009630B0F5487F07DD69
:10A5400014480068B0F52F7F02DA01201049086036
:10A5500004EB4400154901EB8000806898B904EBD6
:10A56000440051F820009630B0F5487F0BDA0A48D5
:10A570000068401C08490860012004EB44010B4AB4
:10A5800002EB81018860641C032C8EDB00BF49E76D
:10A5900054C30120D8D7012050C301209A9999991A
:10A5A0009999C93F0000000000004440E4D7012011
:10A5B00010B56D48006800B110BD6C48007830B926
:10A5C0006B480068012802D000206949086067488C
:10A5D0000078012805D16648006810B1012064495F
:10A5E000086062480078022806D1614800680328A4
:10A5F00002D002205E4908605C480078032806D13A
:10A600005B480068022802D0032059490860FAF725
:10A61000D9FE58490968401AC8287CD9FAF7D2FEF1
:10A620005449086054490968481E09E0534901EB40
:10A630004002411E514B03EB410109881180401E2D
:10A640000028F3DC4A48006828B94C484078401C90
:10A6500040B24A49487046480068012805D1474839
:10A660004078401E40B24549487041480068022881
:10A6700005D142480078401E40B2404908703C482D
:10A680000068032805D13D480078401C40B23B4992
:10A6900008703A4890F9000000280EDB374890F91E
:10A6A0000000142809DA354890F90100002804DB7D
:10A6B000324890F90100142802DB01202A49086081
:10A6C000012017E02D4991F900102C4A02EB4002BD
:10A6D00092F9002091420CD1284991F90110274AA2
:10A6E00002EB400292F90120914202D101211E4A5F
:10A6F0001160401C204909688842E3DB1F4890F93B
:10A7000000001F4991F9001088422BD11B4890F995
:10A7100001001B4900E025E091F90110884221D198
:10A7200015480068642809DA13480068401C12497B
:10A730000860144800680A3012490860F5F7FEFD09
:10A74000142190FBF1F201FB120040B20C49087099
:10A75000F5F7F4FD142190FBF1F201FB120040B279
:10A760000749487000BF27E714C301205DC00120DE
:10A7700010C3012018C3012008C3012058D60120AE
:10A780000CC301201CC3012000BFFEE741000802EA
:10A7900018BF04200A0E18BF40F001004FF07F429E
:10A7A00032EA010108BF40F00200012808BF05207D
:10A7B0007047000002480068C0F3022070470000A4
:10A7C0000CED00E010B5002804DB0A07130E054A63
:10A7D000135406E00A07140E034A00F00F031B1F70
:10A7E000D45410BD00E400E018ED00E010EE101AA3
:10A7F00008B5444A6846B2EB410F28D94FF0E6400D
:10A80000B0EB410F94BF00204FF0FF300090009854
:10A81000002861DB60EE000A10F0010F45D010F057
:10A82000020FDFED391A9FED391A00EEE11ADFED64
:10A83000381A40EE811A21EEA01AF0EE400A40EEDE
:10A84000010A08BFF1EE600AB0EE600A08BD314BA4
:10A8500021F0004293423CD911F0004FDFED2E0A67
:10A8600020EE201ADFED2D0A19BF31EE601A71EECD
:10A87000200A31EE201A71EE600ABDEEE01A11EEE8
:10A88000100A9FED271A00F0030000EEC10A9FEDA9
:10A89000251A009000EEC10A9FED231A00EEC10AAE
:10A8A0009FED221A00EEC10AB1E79FED211A9FED3C
:10A8B000210A10F0020F00EE810A9FED1F1A00EE30
:10A8C000801AB7EE000A00EE810A18BFB1EE400A06
:10A8D00008BD00F02BF99AE710EE100A4000B0F125
:10A8E0007F4F3CBFB7EE000A08BD07D14FF0010013
:10A8F000F6F76FF8BDE8084000F008B9BDE8084079
:10A9000000F001B9B61F927E336D4C39DA82083CF3
:10A91000A0AA2ABE490E494683F9223F0000004BF7
:10A920000000C93F00A0FD390020A2331A61342C79
:10A93000B93AB2BACA9F2A3DDDFFFFBE00B510EE9C
:10A94000101A2DED028B81B0524A6846B2EB410FCE
:10A950002ED94FF0E640B0EB410F94BF00204FF0EE
:10A96000FF3000900098B0EE408A00286ADB10F0BB
:10A97000010F4BD068EE080A9FED471A9FED470A7A
:10A9800000EE810A9FED461A10F0020F00EE801AC9
:10A99000B7EE000A00EE810A02BF01B0BDEC028BE7
:10A9A00000BD00BF01B0B1EE400ABDEC028B00BD9E
:10A9B0003C4B21F00042934241D911F0004FDFEDB2
:10A9C0003A0A20EE201ADFED390A19BF31EE601A7B
:10A9D00071EE200A31EE201A71EE600ABDEEE01A27
:10A9E00011EE100A9FED321A00F0030000EEC10ACA
:10A9F0009FED301A009000EEC10A9FED2F1A00EE75
:10AA0000C10A9FED2E1A00EEC10AABE728EE080A34
:10AA10009FED2B1ADFED2B0A10F0020F40EE410ADA
:10AA20009FED291A00EE201A61EE000AB0EE480AE6
:10AA300008EE200AB6D101B0BDEC028B00BD00F0DB
:10AA400075F88FE718EE100A4000B0F17F4F0DD275
:10AA500018EE100AFFF79AFE042808BF00F05EF80F
:10AA6000B0EE480A01B0BDEC028B00BD09D1012057
:10AA7000F5F7AFFF01B0BDEC028B5DF804EB00F021
:10AA800045B801B0B0EE480ABDEC028B5DF804EBAE
:10AA900000F039B8B61F927EB93AB2BACA9F2A3DC1
:10AAA000DDFFFFBE490E494683F9223F0000004BFF
:10AAB0000000C93F00A0FD390020A2331A61342CE8
:10AAC000336D4C39DA82083CA0AA2ABE10B52DEDB0
:10AAD000028BB1EEC08A18EE100A20F00040C0F1DF
:10AAE000FF40C00F0AD010EE100A20F00040C0F165
:10AAF000FF40C00F04BF0120F5F76BFFB0EE480A1E
:10AB0000BDEC028B10BD30EE000A7047DFED020A8B
:10AB100080EEA00A70470000000000009FED020ACE
:10AB200020EE000A70470000000000102DE9F0013F
:10AB30004FF07F42B2EB410F9FBF4FF0FF310160FA
:10AB4000BDE8F00170474FF0004242EA0123C1F333
:10AB5000C752783A551112F01F0C434CCCF1200625
:10AB60007C44C1F3C752A2F178024FEA621204EBAF
:10AB7000820254F8254008BFD2E9015612D0556828
:10AB800004FA0CF425FA06F73C43976805FA0CF52D
:10AB900027FA06F8D26807FA0CFCF24045EA0805E5
:10ABA0004CEA0206A4FB034CA5FB0352A6FB03637D
:10ABB0001D449D4234BF012600261319334416B1AB
:10ABC000934202D903E0934201D2012200E0002225
:10ABD000624402F1200C9206DC0C42EA443200EEA0
:10ABE000102A5B03DFED210AF8EEC01A00EE103ADE
:10ABF0004FEA9C1C11F0004FB8EE400AC0F800C0AC
:10AC000020EE201A00EE105ADFED190AB8EE400AC5
:10AC100020EE200A71EE810A70EE800A10EE902A72
:10AC200002F500626FF30B0200EE902A70EEE11A5B
:10AC300031EEC11ADFED101A30EE411A9FED0D0A08
:10AC400020EE800A01EE210A9FED0C1A00EE810A27
:10AC500004BFBDE8F0017047CCF180510160BDE850
:10AC6000F001B1EE400A7047986000000000003625
:10AC70000000802C22AAFD29DB0FC92F0000C92F5C
:10AC800070B504460D460020E070401E6063294602
:10AC9000204601F09EFE08B1042070BD04F236206B
:10ACA00001F0E1FD4AF65521884201D00320F4E786
:10ACB00094F83800E92807D094F83800EB2817D129
:10ACC0003A20005D902813D104F16E0001F0BFFD21
:10ACD00020F07F400749884201D10020DDE704F1E0
:10ACE0008A0001F0B4FD0449884201D10020D4E774
:10ACF0000220D2E74641540046415433024600E068
:10AD0000521C107810B110788842F9D11078704731
:10AD100030B502460B460020044601461CE01A48A6
:10AD200000EB01100068A8B1174800EB01100068A3
:10AD30001568A8420FD1144800EB011040689568CF
:10AD4000A84208D1104800EB011080685569A8425C
:10AD500001D103E00124491C0229E0D300BF0229EC
:10AD600006D10CB9022B01D1002030BD1220FCE726
:10AD700033B9054800EB01108089B0F5807F01D11F
:10AD80001020F2E70020F0E780E3012001460020D8
:10AD90000BE0074A02EB001212688A4204D100223B
:10ADA000034B03EB00131A60401C0228F1D37047D9
:10ADB00080E30120F0B503460D461E68D86A021DE7
:10ADC000680A7789B0FBF7F400BF02CA09B900200E
:10ADD000F0BD8C4200D202E0641A121DF5E700BFFC
:10ADE00010682044F4E70246891ED069801E88421C
:10ADF00001D8002070475389106B01FB0300F9E76D
:10AE00002DE9F04780460C4604F11A0001F02BFDB5
:10AE100010B10020BDE8F087207800F03F00401E10
:10AE200000EB800101EBC0054FF00109002621E095
:10AE30001849895D081901F016FD0746B9F1000FA0
:10AE400011D0FF2D0BD2384601F0CCF882462946AE
:10AE50006D1C38F8110001F0C5F8824501D00020C2
:10AE6000D8E7B94605E04FF6FF70874201D00020D1
:10AE7000D0E7761C0D2EDBD3207800F0400038B1EF
:10AE8000B9F1000F04D038F8150008B10020C1E76F
:10AE90000120BFE724080108F0B504460D46164618
:10AEA0004FF480510022002021E034F930708F42AD
:10AEB00001DA34F9301004EBC007B7F904708F429F
:10AEC00003DA04EBC007B7F9041034F93070974285
:10AED00001DD34F9302004EBC007B7F90470974264
:10AEE00003DD04EBC007B7F90420471CF8B2A84201
:10AEF000DBDB31601A60F0BD2DE9F0478246894600
:10AF0000DAF80040B9F1000F06D1676917B1E069BE
:10AF1000B84215D8012713E04946504601F0E6FA39
:10AF20000646022E02D20120BDE8F087701C08B947
:10AF30003046F9E7E069B04201D93046F4E74F46C0
:10AF40003D4600BF6D1CE069A84204D80225BD4201
:10AF500001D90020E8E72946504601F0C7FA064625
:10AF600006B909E0012E01D0701C08B93046DBE7B4
:10AF7000BD42E7D10020D7E700BF4FF0FF3229469E
:10AF8000204602F006FA8046B8F1000F08D1B9F168
:10AF9000000F05D02A464946204602F0FAF98046BD
:10AFA000B8F1000F0DD16561D4E90610801E814211
:10AFB00002D8A069401EA061207940F001002071F4
:10AFC00007E0B8F1010F02D14FF0FF3000E001209F
:10AFD00005462846A8E700002DE9F34F83B08146D7
:10AFE000049800680190D9F80000D0F80CA0002067
:10AFF0000546064600BF3046761C01990C5C202CA5
:10B0000000DA2BE02F2C01D05C2C0AD100E0761C5A
:10B010000198805D2F28FAD00198805D5C28F6D0D9
:10B020001CE0FF2D03D3062005B0BDE8F08FE4B28D
:10B030000121204600F084FF04460CB90620F3E706
:10B04000802C06DA21466AA0FFF758FE08B10620D8
:10B05000EAE728466D1C2AF81040CCE700BF0198AB
:10B06000811904980160202C01DA042000E00020FE
:10B07000074608E0681E3AF81040202C02D02E2C1B
:10B0800000D002E06D1E002DF4D100BF00202AF890
:10B0900015000DB90620C7E70B22202109F1240075
:10B0A00001F08EFC002600E0761C3AF816002028FD
:10B0B000FAD03AF816002E28F6D00EB147F0030762
:10B0C00000E06D1E25B1681E3AF810002E28F8D158
:10B0D0004FF00008CDF808804FF0080B00BF304655
:10B0E000761C3AF8104004B954E0202C03D02E2CE2
:10B0F00004D1AE4202D047F00307F0E7029858456A
:10B1000001D2AE4216D1BBF10B0F02D147F00307BB
:10B1100040E0AE4201D047F00307AE4200D939E02B
:10B120002E46082002904FF00B0B4FEA88604FEA42
:10B130001068D4E7802C0BDB0021204600F000FFD4
:10B1400004461CB1A4F180002C490C5C47F00207B6
:10B1500000BF24B121462AA0FFF7D0FD18B15F241B
:10B1600047F003070FE0412C04DB5A2C02DC48F0C7
:10B17000020808E0612C06DB7A2C04DC48F00108A8
:10B18000A4F1200084B20298411C029109F124012B
:10B190000C54A4E700BF99F82400E52802D105204B
:10B1A00089F82400BBF1080F03D14FEA88604FEA09
:10B1B000106808F00C000C2803D008F003000328E6
:10B1C00001D147F0020707F0020058B908F0030068
:10B1D000012801D147F0100708F00C00042801D124
:10B1E00047F008072F2000F8097000201CE7000036
:10B1F000222A3A3C3E3F7C7F00000000A407010861
:10B200002B2C3B3D5B5D000010B50246531E1A46D9
:10B21000022B17D20C4B03EB02139989B1F5807FF7
:10B2200000D10021002901DD4B1E99B2064B03EB32
:10B230000213998121B90023034C04EB021423600B
:10B24000002000E0022010BD80E301202DE9F04144
:10B2500004460E46D4F800800021204600F034FA5F
:10B260000546EDB9002700BF4046E16901F0B1FB9A
:10B27000054605B113E0206A0078E52802D0206A6F
:10B28000007820B9781C0746B04201D107E00027BA
:10B290000121204600F088F80546002DE4D000BFCB
:10B2A000042D00D107252846BDE8F0812DE9F0479F
:10B2B0000446D4F800A00021204600F005FA064616
:10B2C00016B13046BDE8F0874FF0FF08C1464FF099
:10B2D000FF30206300BF5046E16901F07AFB06466B
:10B2E00006B15EE0206A05780DB9042659E0206AAF
:10B2F000C07A00F03F07A771E52D04D007F00800E1
:10B3000038B10F2F05D04FF0FF084FF0FF3020630A
:10B3100040E00F2F22D12F20005D00F0400098BBAD
:10B3200005F0400038B1206A90F80D9005F0BF0597
:10B33000A8466069206345450CD1206A407B48459A
:10B3400008D1216ADAF80C00FFF75AFD10B1A8F114
:10B35000010000E0FF2000F0FF081BE0B8F1000F43
:10B3600005D1206A02F0E6FA484500D119E02F2005
:10B37000005D00F0010040B90B2204F12401206AB5
:10B3800001F0FFFA08B90CE004E04FF0FF084FF0BD
:10B39000FF3020630021204600F006F80646002E0C
:10B3A00099D000BF30468DE72DE9F0470446894625
:10B3B0002568606900F12007E06910B1B7F5001F4A
:10B3C00002D30420BDE8F087C7F30800002868D145
:10B3D000E069401CE061A06938B92889B0EB571FCB
:10B3E0005FD80020E0610420ECE76889401E00EA95
:10B3F0005720002855D12046A16901F077F806466C
:10B40000012E01D80220DDE7701C08B90120D9E720
:10B41000E869B0423FD8B9F1000F03D10020E061E4
:10B420000420CFE72046A169FFF766FD06460EB966
:10B430000720C7E7012E01D10220C3E7701C08B91D
:10B440000120BFE7284602F0CDFA08B10120B9E794
:10B450004FF40072002105F1380001F0B1FA4FF00D
:10B46000000831462846FFF7BEFC68630CE0012067
:10B47000E870284602F0B6FA08B10120A2E708F108
:10B480000108686B401C686368894045EFD8686BA9
:10B49000A0EB08006863A66131462846FFF7A3FCCD
:10B4A000E0616761C7F3080105F1380008442062D4
:10B4B000002087E72DE9F05F044689460426D4F88A
:10B4C00000A04FF0FF08C34653E05046E16901F089
:10B4D00080FA064606B14FE0206A05780DB90426C9
:10B4E0004AE0206AC07A00F03F07A771E52D0AD034
:10B4F0002E2D08D027F02000082801D1012000E0DF
:10B500000020484502D04FF0FF082BE00F2F1DD13F
:10B5100005F0400038B1206A90F80DB005F0BF0585
:10B52000A8466069206345450CD1206A407B584598
:10B5300008D1216ADAF80C0001F0DAFB10B1A8F1A9
:10B54000010000E0FF2000F0FF080BE0B8F1000F61
:10B5500004D1206A02F0EEF9584502D04FF0FF30D6
:10B56000206309E000212046FFF71EFF064606B1D2
:10B5700002E0E0690028A8D100BF0EB10020E06120
:10B580003046BDE8F09F2DE9FE4F044626682F2087
:10B59000005D00F0A00010B10620BDE8FE8F4FF066
:10B5A000000901E009F10109F06830F819000028EC
:10B5B000F8D10C2204F12401684601F0F4F99DF859
:10B5C0000B0000F0010028B340212F2001554FF05F
:10B5D00001080EE04346694604F12400F26800F0D9
:10B5E0002BFF2046FFF762FE054605B104E008F197
:10B5F0000108B8F1640FEDD300BFB8F1640F01D1B9
:10B600000720CAE7042D01D02846C6E79DF80B1095
:10B610002F2001559DF80B0000F0020030B109F118
:10B620000C000D21B0FBF1F0401C00E001200746AA
:10B6300039462046FFF70AFE05464DBB781E071E19
:10B6400026D06069A0EB4711204600F03DF8054682
:10B65000F5B904F1240002F06DF9824600BF3046CE
:10B66000E16901F0B6F9054605B110E0FAB2216AC8
:10B670005346F06801F02AFF0120F07000212046B7
:10B68000FFF792FE054615B9781E071EE7D100BFE9
:10B69000C5B93046E16901F09CF9054695B920220B
:10B6A0000021206A01F08CF90B2204F12401206AA8
:10B6B00001F079F92F20005D00F01800216A08736D
:10B6C0000120F070284668E72DE9F04104460D4658
:10B6D0002668B5F5001F02D205F01F0010B1022048
:10B6E000BDE8F0816561A7681FB93078032800DBE9
:10B6F000F76A47B93089B0EB551F01D80220EFE750
:10B70000F06AE0611CE070894FEA402811E0394698
:10B71000204600F0EBFE0746781C08B90120DFE761
:10B72000022F02D3F069B84201D80220D8E7A5EB76
:10B7300008054545EBD239463046FFF754FBE0613A
:10B74000A761E06908B90220CAE7E06900EB55206B
:10B75000E061C5F3080106F13800084420620020CA
:10B76000BEE7000070B5044600250948005D60B9D9
:10B77000074A0832105D121F52F8242011688847CA
:10B78000054615B9012002490855284670BD00003C
:10B79000A0E301202DE9F04104460D461646064976
:10B7A000085D091F51F8241032460B692946984755
:10B7B00007463846BDE8F081A8E301202DE9F041B5
:10B7C00004460D4616461F460749085D091F51F8F5
:10B7D00024103B463246D1F808C02946E04780464F
:10B7E0004046BDE8F0810000A8E3012070B50446A2
:10B7F000044A105D121F52F82420516888470546FC
:10B80000284670BDA8E301202DE9F04104460D460D
:10B8100016461F460749085D091F51F824103B468C
:10B820003246D1F80CC02946E04780464046BDE884
:10B83000F0810000A8E30120002100E0491C02295A
:10B8400005D2064800EB011000680028F6D1022955
:10B8500001D0012070470020FCE7000080E30120B8
:10B8600038B50546284600F012FB044684B96946FF
:10B87000284602F0D5FB044654B92869FFF7C4FCFA
:10B8800004460CB9002028600021009802F0D3F88B
:10B89000204638BD38B504466946204602F0C0FB54
:10B8A000054665B9206918B12069FFF7ADFC05466A
:10B8B0000DB9002020600021009802F0BCF8284655
:10B8C00038BD0000F7B582B016460398019001A874
:10B8D00000F01FFF0546002D02DA0B2005B0F0BD79
:10B8E000184850F8254054B12046FFF74FFA206918
:10B8F00000F05FFB08B90220F0E7002020700298FA
:10B9000050B1002002990870E8B20299103100F09D
:10B910003DFB08B90220E1E70A49029841F82500F9
:10B92000029808B1012E01D00020D7E7002202A919
:10B9300003A800F0A9FB07463946029802F07BF8FD
:10B940003846CBE7A8C301202DE9F74FADF5107DB0
:10B950000446164624B909200DF5137DBDE8F08F85
:10B9600006F03F06324682A991A800F08DFB0546FD
:10B97000002D7CD18298839001A88299C86083A809
:10B98000919900F007FD05468DB99DF83B0200F046
:10B99000800008B106250AE026F0010008B1012068
:10B9A00000E00020014683A8FFF7B2F9054606F043
:10B9B0001C0000285CD06DB1042D08D1FFF73CFFBE
:10B9C00018B183A8FFF7DFFD00E01220054646F01E
:10B9D00008060AE09DF8120200F0110008B10725E0
:10B9E00003E006F0040000B10825002D51D106F057
:10B9F000080000284DD000F0E9FD81908B9901F1FD
:10BA00000E00819901F084FF8B9901F11600819954
:10BA100001F07EFF20208B99C8728B99829800F0EC
:10BA200003FF814600228B99829801F05FFF8B997A
:10BA300001F11C00002101F06BFF01208299C87008
:10BA4000B9F1000F25D08298406B819000224946C1
:10BA500083A801F047FE0546DDB98199829800F080
:10BA6000B8FF0546A9F101008299486111E075E02F
:10BA70007DB99DF8120200F0100008B1042508E01D
:10BA800006F0020028B19DF8120200F0010000B19A
:10BA90000725BDB906F0080008B146F040068298B7
:10BAA000406B60628B98A06226F0010008B1012013
:10BAB00000E00020014683A800F058FE20612069C4
:10BAC00000B90225002D57D18B99829800F0ACFE69
:10BAD000A0608B9901F11C0000F0B9FEE06000202D
:10BAE000E062829820608298C088A080267500203D
:10BAF00060752062A0614FF40072002104F13000F3
:10BB000000F05EFF06F0200040B3E06830B3E0686C
:10BB1000A061829840894FEA402AA768D4F80C8037
:10BB20000CE03946204600F0E1FC0746012F00D822
:10BB30000225781C00B90125A8EB0A080DB9D045EB
:10BB4000EFD8E76155B9C8F3080038B13946829893
:10BB5000FFF749F9B0F1000B01D102250CE00BEB26
:10BB600058202062226A82994878012304F130012A
:10BB7000FFF724FE00B101250DB100202060294609
:10BB8000829801F058FF2846E6E673B5ADF5027DD0
:10BB900006461EB909200DF5047D70BD344600220D
:10BBA00081A983A800F070FA0546002D34D1819850
:10BBB000206001A88199C8603046839900F0EAFBB3
:10BBC00005461DBB2F20805D00F0800050B9A07994
:10BBD00000F0100028B1316A819800F025FEA060C5
:10BBE00000E0052595B98198C088A08000213046E5
:10BBF000FFF76AFD05464DB9A06840B10021304607
:10BC000000F0B4FD2061206900B9122501E0002098
:10BC10002061042D00D105250DB1002020602946AA
:10BC2000819801F008FF2846B5E72DE9FF4F85B060
:10BC3000044615469A46DDF818B00020CAF8000000
:10BC400003A9204602F0ECF90490049810B9607D35
:10BC5000049038B1DDE9030101F0EDFE049809B06C
:10BC6000BDE8F08F207D00F0010028B9072103987E
:10BC700001F0E1FE0720F2E7A169E068401A0190B7
:10BC80000198854200D9019DC6E0208BC0F30800D1
:10BC9000002875D103984089401EA16900EA512906
:10BCA000B9F1000F29D1A06910B9A06802900CE089
:10BCB000E06A28B12046A169FFF77CF8029004E011
:10BCC0002046E16900F012FC02900298022807D297
:10BCD000022060750221039801F0ADFE0220BEE74C
:10BCE0000298401C38B9012060750121039801F0C9
:10BCF000A2FE0120B3E70298E061E1690398FFF733
:10BD000072F806463EB9022060750221039801F0E0
:10BD100092FE0220A3E74E444FEA5528B8F1000FE7
:10BD20002FD009EB080003994989884203D9039869
:10BD30004089A0EB090803994878434632465946A2
:10BD4000FFF73CFD38B1012060750121039801F037
:10BD500072FE012083E7207D00F0800068B1206A38
:10BD6000801B404509D2216A891B0BEB41204FF40F
:10BD7000007204F1300100F016FE4FEA482741E05E
:10BD80002DE0206AB04229D0207D00F08000A0B1D3
:10BD9000226A03994878012304F13001FFF734FD4A
:10BDA00038B1012060750121039801F044FE0120A3
:10BDB00055E7207D00F07F00207503994878012326
:10BDC000324604F13001FFF7F9FC38B1012060750B
:10BDD0000121039801F02FFE012040E72662208B0D
:10BDE000C0F30800C0F50077AF4200D92F46208B82
:10BDF000C0F3080204F1300011183A46584600F02A
:10BE0000D2FD00BFBB44A0693844A061DAF800004D
:10BE10003844CAF80000ED1B002D7FF436AF002136
:10BE2000039801F008FE002019E770B5ADF5027D1A
:10BE300006460D4681A9304602F0F2F80446F4B9F0
:10BE40002DB900213046FFF73FFC044617E001A85A
:10BE50008199C86000213046FFF72CFB0446042C72
:10BE600000D100245CB92946304600F0B1FB002126
:10BE70003046FFF799FA0446042C00D100242146ED
:10BE8000819801F0D8FD20460DF5027D70BDF8B512
:10BE900004466946204602F0C3F80646002E48D103
:10BEA000207D00F04000002843D0207D00F080007D
:10BEB00090B1226A00994878012304F13001FFF71C
:10BEC000A3FC28B10121009801F0B5FD0120F8BDC7
:10BED000207D00F07F00207500F078FB0746616A46
:10BEE000009800F076FD06461EBBA56AE87A40F091
:10BEF0002000E8722946A268206801F0F7FC05F1ED
:10BF00001C00E16801F004FD394605F1160001F05E
:10BF1000FFFC002105F1120001F006FD012000994F
:10BF2000C870009801F016FD0646207D00F0BF00A5
:10BF300020753146009801F07EFD3046C7E70000CD
:10BF400010B50246802A01DA10461BE051B1FF2AE3
:10BF500001DD002304E0A2F180030B4C34F8133020
:10BF600018460FE0002007E0074B33F810309342EB
:10BF700000D103E0431C98B28028F5DB00BF00F13C
:10BF80008003D8B210BD00004E0801087CB50646FB
:10BF90000C460020009001900121684600F0EAFD67
:10BFA0002060206808B1012000E0002005462846F6
:10BFB0007CBD10B50446204600F001FE012010BDF6
:10BFC00010B50446204600F007FE10BD70B50446CB
:10BFD00000254FF47A71204600F026FE00B90125B5
:10BFE000284670BD30B5B0F5805F01DA244D00E021
:10BFF000244D294600BF31F8022B0AB1904200DAE5
:10C000003CE031F8023B1C12DBB2D518854230DD32
:10C01000092C2CD2DFE804F005090F13171B1F238E
:10C020002700851A31F8150021E0851A05F0010571
:10C03000451BA8B21BE0A0F11005A8B217E0A0F1C3
:10C040002005A8B213E0A0F13005A8B20FE0A0F1DE
:10C050001A05A8B20BE000F10805A8B207E0A0F1AC
:10C060005005A8B203E0A0F5E355A8B200BF00BF99
:10C0700004E0002CBFD101EB4301BCE700BF30BDA1
:10C080004E090108400B01082DE9F74F8AB0002145
:10C090000B9801600A9800F03CFB08900898002873
:10C0A00003DA0B200DB0BDE8F08FB649089851F8BF
:10C0B00020400CB90C20F5E7204600F0DAFB08B967
:10C0C0000F20EFE70B9804600C9800F0FE000C9036
:10C0D000207878B16078FFF789FB814609F001008C
:10C0E00040B90C9820B109F0040008B10A20D9E742
:10C0F0000020D7E700202070089860706078FFF774
:10C1000031FB814609F0010008B10320CAE70C9811
:10C1100020B109F0040008B10A20C3E7002739461E
:10C120002046FEF7ADFD0546022D01D02EDA2DE0AA
:10C13000002614E04FF4DF7000EB061104F1380024
:10C14000084409900998007920B10998083000F056
:10C150007EFB00E0002002A941F82600761C042E98
:10C16000E8D3002606B1761E00BF02A850F826705C
:10C1700027B139462046FEF783FD00E0032005463F
:10C18000022D03DB701C06460428EED3042D01D1DA
:10C19000012087E7022D01DB0D2083E704F1430036
:10C1A00000F061FBB0F5007F01D00D207AE704F1CB
:10C1B0004E0000F058FB8046B8F1000F04D104F1A6
:10C1C0005C0000F044FB8046C4F820804820005DFD
:10C1D000A070A078012804D0A078022801D00D20FA
:10C1E00060E7A07808FB00F84520005D6081608969
:10C1F00018B16089411E084008B10D2052E704F1D2
:10C20000490000F030FB2081207A00F00F0008B1D7
:10C210000D2047E704F14B0000F025FB8246BAF100
:10C22000000F04D104F1580000F011FB824604F124
:10C23000460000F018FB0190019808B90D2031E785
:10C2400001984044218900EB11100790079882451E
:10C2500001D20D2026E70798AAEB00006189B0FB08
:10C26000F1FBBBF1000F01D10D201BE703254FF6B9
:10C27000F570834500D8022540F6F570834500D857
:10C2800001250BF10200E061676201983844A06269
:10C29000079838442063032D13D104F1620000F0A5
:10C2A000E2FA08B10D20FDE6208908B10D20F9E67B
:10C2B00004F1640000F0CBFAE062E06980000690CF
:10C2C00014E0208908B90D20ECE6A06A4044E06241
:10C2D000022D02D1E069400007E0207F00F001005C
:10C2E000E16901EB410100EB51000690216A0698DB
:10C2F00000F2FF10B1EB502F01D20D20D2E64FF02B
:10C30000FF30A061606180202071032D2CD104F1E9
:10C31000680000F0A8FA012826D1791C204600F018
:10C3200058FB08BB0020207104F2362000F09BFA75
:10C330004AF65521884217D104F1380000F087FAF7
:10C340001149884210D104F5077000F080FA0F49B6
:10C35000884209D104F5087000F079FAA06104F56B
:10C36000097000F074FA6061257009480088401C6B
:10C3700080B207490880E0802046FEF707FD0020D4
:10C3800090E60000A8C301205252614172724161DF
:10C39000ACC301202DE9F34104462646D6F80080BF
:10C3A00002E00198401C0190019800782F28F8D0F5
:10C3B000019800785C28F4D00020B06001980078E3
:10C3C000202808D280212F20015500212046FFF788
:10C3D0007BF905462CE000BF01A92046FEF7FCFDD5
:10C3E000054605B123E02046FEF760FF05462F20F5
:10C3F000075D3DB1042D04D100BF07F0040000B972
:10C40000052514E007F0040000B110E0B07900F059
:10C41000100008B905250AE0A08AC0F3080208F157
:10C4200038001118404600F0FFF9B060D4E700BFB3
:10C430002846BDE8FC8100002DE9FF4F83B081460E
:10C4400090461D460B224846049900F0ACFA052D93
:10C4500018D92F4611E038F802BB00240BE05846EB
:10C4600067F35F0007464FEA6B0B07F4803008B1B3
:10C470001D484740641C102CF1D3B8F80000002878
:10C48000E9D13D46072400BF05F00F0000F1300A56
:10C49000BAF1390F03DD0AF1070000F0FF0A204668
:10C4A000641E01A901F800A02D09002DECD17E2009
:10C4B0000855002600E0761CA64203D219F80600B3
:10C4C0002028F8D100BF082C04D22046641C01A902
:10C4D000085C00E020203146761C09F80100082E97
:10C4E000F1D307B0BDE8F08F211001002DE9F0472E
:10C4F00081460C46D9F80050022C02D3E869A042CC
:10C5000002D84FF001085EE04FF0FF38287801288C
:10C5100004D002282CD0032851D13CE0264606EB5B
:10C520005606A86A00EB5621284600F052FA00B1E0
:10C5300048E03046761CC0F3080105F13800475C3E
:10C54000A86A00EB5621284600F043FA00B139E012
:10C55000C6F3080105F13800405C47EA002704F003
:10C56000010008B1380901E0C7F30B00804629E05B
:10C57000A86A00EB1421284600F02BFA00B121E054
:10C5800040F2FF1101EA440205F13801501800F0B1
:10C590006AF9804616E0A86A00EBD411284600F03C
:10C5A00018FA00B10EE040F2FF1101EA840205F131
:10C5B0003801501800F04BF920F0704802E04FF0BD
:10C5C000010800BF00BF4046BDE8F087002070476B
:10C5D0002DE9F84F05460C46286800900020A0750C
:10C5E000E86908B9BDE8F88F286B401C28B300261D
:10C5F000374614E000215846FFF7A2FC8346BBF102
:10C60000000F01D1002713E000BFFF2F01D3002747
:10C610000EE038467F1C04F1160101F800B00098C6
:10C62000C2683046761C32F81000B0F1000BE1D140
:10C6300000BF002104F11600C15500200646074640
:10C6400004F1160010F807A03CE038467F1C2A6A67
:10C6500012F80080B8F1200F00D133E0B8F1050FD7
:10C6600001D14FF0E508092F0CD1BAF1000F03D129
:10C670002E2104F1160081552E223046761C04F13D
:10C6800009010A5404F1090000F80680BAF1000F0C
:10C6900016D1B8F1410F0FDBB8F15A0F0CDC286A44
:10C6A000007B092F01D3102100E00821084018B1B8
:10C6B00008F1200000F0FF0804F1160000F80680E1
:10C6C000761C00BF0B2FC0D3BAF1000F07D1002199
:10C6D00004F116008155286A007B00B9002600216C
:10C6E00004F109008155286AC07A2072296A01F193
:10C6F0001C0000F0ACF82060296A01F1160000F07F
:10C70000A6F88146A4F806904FEA1940A08000BF21
:10C7100068E770B502464FF0FF301568DDB111686B
:10C7200000E0491C0D78202D02D30D783A2DF8D168
:10C730000D783A2D0ED1146814F8015BA5F1300381
:10C740000A2B06D28C4204D11BB918464D1C29462F
:10C75000156070BD002000BFFBE700BFEFF3058050
:10C7600008B1012070470020FCE7000010B5024628
:10C770000B46002116E02B4800EB011000681468FE
:10C78000A0420ED1274800EB011040689468A042F7
:10C7900007D1244800EB011080685469A04200D101
:10C7A00002E0491C0229E6D300BF022922D1002160
:10C7B00000E0491C022905D21A4800EB011000686C
:10C7C0000028F6D1022901D1002010BD154C04EB40
:10C7D000011410682060134C04EB01149068606031
:10C7E000104C04EB01145069A06000200D4C04EBC8
:10C7F0000114A08133B10B4800EB0110808908B10E
:10C800000020E2E713B14FF4807004E0054800EB2C
:10C8100001108089401C034C04EB0114A081481CCA
:10C82000D3E7000080E3012070B505460C4604F113
:10C830001A0000F018F806462878032805D104F1FC
:10C84000140000F010F846EA0046304670BD01467C
:10C85000C8788A7842EA00204A7842EA00200A78BA
:10C8600042EA00207047014648780A7842EA0020F0
:10C87000704710B504462CB12069FFF7A7FB08B13B
:10C88000012010BD0020FCE710B5F8F7D9FEFDF738
:10C8900003F8FBF7E3F9FBF75FF9FBF71BF9FBF78D
:10C8A00035F9FBF79BFAFBF7CFFAFBF7E9FBFBF750
:10C8B000EDFAFBF703FBFBF7A1FBFBF743FBFBF7F1
:10C8C000ABFAFBF78DF9FBF773FB194819490860C0
:10C8D0004FF47A70F4F7A4FD1748FAF7C9F9642108
:10C8E0000C20F5F737FE15A0F5F77CFE0020174960
:10C8F0000968C86308211548FAF7C8FD00201349E4
:10C900000968486300211148FAF7C0FD1048FAF79A
:10C91000FDF93C210F48FAF79DFBFBF76FF900F09A
:10C9200087F800240CA0F5F75DFE002010BD000084
:10C93000A00F012060C0012018E201205359535478
:10C94000454D20424F4F542E2E2E0A0088E10120E3
:10C95000D0E1012060E2012061626364656667687E
:10C96000696A6B6C6D6E6F707172737475767778BF
:10C97000797A000001460020842901D0CA1C1044A5
:10C980007047F0B503461D460C46002000BF15F861
:10C99000017B14F801CBA7EB0C00561E321E01D010
:10C9A0000028F4D0F0BD30B503460C463AB100BFC4
:10C9B00014F8015B03F8015B551E2A1EF8D130BD47
:10C9C00010B5034600BF03F8011B541E221EFAD106
:10C9D00010BD70B504460D460026606BA84210D00D
:10C9E000204600F0FFFF06465EB9607801232A4624
:10C9F00004F13801FEF7E2FE10B14FF0FF350126D9
:10CA00006563304670BD70B5044625460DB12946B4
:10CA100000E00121084601F08FF9002070BD10B53B
:10CA200002F054F9012801D1002010BD0120FCE7DB
:10CA300010B501F04FFA002010BD10B5FFF78DFEC4
:10CA400010B102F059F910BD02F050F9FBE7F8B54A
:10CA500004460D46A06840B1E06830B10020009067
:10CA600094E80F0001F0E7FBF8BD0022D4E90001D3
:10CA700001F0B4FBF8E700002DE9FF4107460D4641
:10CA800014460295002001903DB9802000909DE859
:10CA9000070087E80700BDE8FF810020039000261B
:10CAA000601C08B9761E03E014B1264606B90126BB
:10CAB000FFF753FEB0B103AA01A9284601F0EEFE2C
:10CAC000012802D11020009001E00020009003987E
:10CAD000B8B14FF080500E490860BFF34F8FBFF3DD
:10CAE0006F8F0EE0324601A9284601F023FE01288F
:10CAF00002D11020009004E00EB9002000E0402098
:10CB000000909DE8070087E8070000BFC3E700002A
:10CB100004ED00E077B581B0064614460020009091
:10CB2000254605B90125FFF718FEA8B100236A467E
:10CB300002A9304601F010FD012802D0FF2004B008
:10CB400070BD009890B14FF0805009490860BFF364
:10CB50004F8FBFF36F8F09E000232A4602A93046AA
:10CB600001F026FC012801D0FF20E8E70020E6E7DD
:10CB700004ED00E0F8B504460D46606860B1012D93
:10CB800008D103200090002211460120636801F0C3
:10CB900052FBF8BD0020FCE7012D0ED1032200213D
:10CBA000012001F01BFB06462EB100231A46194650
:10CBB000304601F0FDFB3046EBE70020E9E710B519
:10CBC0000446FFF7CAFD08B1822010BD204601F0DF
:10CBD00081F80020F9E7000038B504460025002060
:10CBE0000090FFF7BAFD90B16946204601F032FD92
:10CBF000012801D0FF2038BD009888B14FF0805047
:10CC000008490860BFF34F8FBFF36F8F08E0002320
:10CC10001A461946204601F0CBFB012800D0FF251B
:10CC20002846E8E704ED00E0F8B506460C4600208B
:10CC300000900EB98020F8BD0025601C08B96D1E5B
:10CC400003E014B1254605B90125FFF786FD98B12B
:10CC50006A460021304601F021FE012801D0FF2064
:10CC6000E9E7009880B14FF0805008490860BFF3B1
:10CC70004F8FBFF36F8F07E02946304601F074FEF7
:10CC8000012801D0FF20D6E70020D4E704ED00E022
:10CC90007FB504460D46606998B1A06988B1B4F9C2
:10CCA0000800FFF767FE0646D4E90510CDE90061EC
:10CCB00002902B462269D4E9001001F0A9FF0390ED
:10CCC00013E0B4F90800FFF755FE064603A8CDE9C6
:10CCD0000060238A9AB22B46D4E9001001F066FF67
:10CCE000012802D0002004B070BD0398FBE70000CB
:10CCF0002DE9F04780460C4604F11A00FFF7B3FD1A
:10CD000010B10020BDE8F087207820F04000401EE0
:10CD100000EB800101EBC0054FF00109002619E08E
:10CD20001449895D0819FFF79EFD0746B9F1000F08
:10CD300009D0FF2D01D30020E4E7B94628466D1C39
:10CD400028F8107005E04FF6FF70874201D00020F0
:10CD5000D8E7761C0D2EE3D3207800F0400030B1E8
:10CD6000FF2D01D30020CDE7002028F81500012079
:10CD7000C8E70000240801082DE9F04105460E46E9
:10CD80001C4807681C480068001D00F062FE50B98E
:10CD90001948006890F82C1001208840174909684C
:10CDA000814316480160681C38B936B112480168E1
:10CDB000091D134800F098FE1AE07C190E4800681F
:10CDC0004460BC4207D20C480168091D0D48006848
:10CDD00000F070FE0CE008480168091D0A48006870
:10CDE00000F068FE09480068844201D207480460E8
:10CDF000BDE8F081C4C30120B0C30120C8C3012035
:10CE0000C8E40120B8C30120B4C30120E0C301205D
:10CE100010B5044600F074FE23480068401C224907
:10CE200008602248006840B920480460084600684D
:10CE300001280DD100F0B0F90AE01D48006838B9AA
:10CE40001A480068C06AE16A884201D8174804603D
:10CE500018480068401C1749086094F82C100120FD
:10CE6000884015490968084313490860E16A01EBE5
:10CE70008101124A02EB8100211D00F035FE00F015
:10CE800069FE0B48006868B108480068C06AE16A3A
:10CE9000884207D24FF0805009490860BFF34F8F96
:10CEA000BFF36F8F10BD0000C0C30120B0C30120CD
:10CEB000CCC30120DCC30120C8C30120ECE3012066
:10CEC00004ED00E010B516E000F01AFE0C48C06852
:10CED000C468201D00F0BDFD0A480068401E0949D5
:10CEE000086009480068401E0749086000F032FEEB
:10CEF000204600F05FF8044800680028E4D110BD27
:10CF0000B4E40120C0C30120BCC3012070B50446B5
:10CF10000D46206C70B1216CE0680144E160D4E9F9
:10CF20000210884201D32168E1602846226CE16842
:10CF3000F3F73CFC70BD2DE9F04104460F46154661
:10CF40004FF00008A66B206C48B9206800282CD14F
:10CF5000A06801F07FFF80460020A06025E07DB939
:10CF60003946226C6068F3F721FC216C6068084444
:10CF70006060D4E90101884217D32068606014E042
:10CF80003946226CE068F3F711FC216CE068411A25
:10CF9000E1602168E068884203D2216CA068411AF0
:10CFA000E160022D01D106B1761E701CA0634046DF
:10CFB000BDE8F08110B5044694F8510030B9206BFB
:10CFC00000F0E6FD204600F0E3FD1AE094F8510081
:10CFD000012803D1204600F0DBFD12E094F8510057
:10CFE000022801D1012000E0002050B900BF5020EC
:10CFF00080F31188BFF34F8FBFF36F8F00BF00BF67
:10D00000FEE710BD01464A6A22B10A6B1268C2F1FE
:10D01000070000E00020704730B54FF4C0431748C8
:10D0200000F007042CB1C01D20F00700134C041BB6
:10D030001B1B0246124C22600024114D6C60D0185C
:10D04000083820F007000F4C206000240D4D2D689B
:10D050006C600C4D2D682C601146441A4C60094CD4
:10D0600024680C60084D4C682C60084D4C682C609E
:10D070004FF00044064D2C6030BD00001A560120D0
:10D08000ECC30120F4C30120FCC30120F8C301203C
:10D0900008C4012000BFFFF715FF064800680128FB
:10D0A000F9D94FF0805004490860BFF34F8FBFF3A8
:10D0B0006F8FF0E7ECE3012004ED00E02DE9F04193
:10D0C00006460D4617469846069C0DB9246000E0BA
:10D0D0002760E66325640121204601F01DF9BDE8C3
:10D0E000F0812DE9FF5F81460E469246DDE90E7B19
:10D0F000109CAAF10100216B01EB800828F00708C1
:10D1000008F0070008B9012000E0002050B900BF76
:10D11000502080F31188BFF34F8FBFF36F8F00BF94
:10D1200000BFFEE786B1002507E0715D04F1340021
:10D130004155705D00B902E06D1C102DF5D300BFA4
:10D1400000214320015502E0002084F83400072F1D
:10D1500000D30627E76267640020A064201D00F06A
:10D16000A6FC04F1180000F0A2FC2461C7F107003E
:10D17000A06164620020E06484F8500049464046A3
:10D18000039A00F099FA2060BBF1000F01D0CBF8B0
:10D190000040BDE8FF9F000010B5002407E004EB4D
:10D1A00084010F4A02EB810000F074FC641C072C20
:10D1B000F5D30C4800F06EFC0B4800F06BFC0B48FC
:10D1C00000F068FC0A4800F065FC0A4800F062FCC8
:10D1D00004480949086004480849086010BD000077
:10D1E000ECE3012078E401208CE40120A0E401209C
:10D1F000B4E40120C8E40120B4C30120B8C3012075
:10D2000010B50146164800E0006803688B42FBD366
:10D210000246436813448B4204D143684C6823445C
:10D22000436001460A464B6813440468A34211D187
:10D230000C4C03682468A34208D04B6804686468F7
:10D2400023444B6003681B680B6005E0054B1B68BB
:10D250000B6001E003680B60884200D0016010BDE4
:10D26000ECC30120F4C3012070B5054600F048FC72
:10D27000A86B08B9012400E0002400F06BFC2046F4
:10D2800070BD70B5054600F03BFCA86BE96B8842A9
:10D2900001D1012400E0002400F05CFC204670BDB8
:10D2A0000A490968096809B9012100E0002121B192
:10D2B0004FF0FF31064A116006E004490968C96869
:10D2C000C868034A4168116070470000B4C3012078
:10D2D000E0C301200E480068401C08B9012000E0AE
:10D2E000002050B900BF502080F31188BFF34F8F4A
:10D2F000BFF36F8F00BF00BFFEE700BF502080F379
:10D300001188BFF34F8FBFF36F8F00BF00BFFEE7E1
:10D310000CC4012070B5044600F0F2FB94F94550AE
:10D3200010E0606A08B9012000E0002038B904F17B
:10D33000240001F04FFE18B100F038FD00E003E0DA
:10D34000681E45B2002DECDC00BFFF2084F84500CC
:10D3500000F000FC00F0D4FB94F9445010E0206988
:10D3600008B9012000E0002048B904F1100001F0E4
:10D3700031FE08B100F01AFD681E45B200E001E080
:10D38000002DECDC00BFFF2084F8440000F0E2FB3D
:10D3900070BD2DE9F04704460D4616464FF00209D0
:10D3A000022D74D3E069A84271D92078012804D0F5
:10D3B000022849D003280DD15EE02F4607EB57071E
:10D3C000A06A00EB57212046FFF703FB8146B9F125
:10D3D000000F00D075E038467F1CC0F3080104F14F
:10D3E000380001EB000805F0010028B1F1B298F80F
:10D3F000000061F31F1000E0304688F800000120B3
:10D40000E070A06A00EB57212046FFF7E2FA814660
:10D41000B9F1000F00D054E0C7F3080104F138005F
:10D4200001EB000805F0010010B1C6F3071006E09B
:10D4300098F8000000F0F000C6F30321084388F8D4
:10D4400000000120E0703CE0A06A00EB15212046BE
:10D45000FFF7BFFA8146B9F1000F00D031E0B1B259
:10D4600040F2FF1202EA450304F13802981800F076
:10D470005BFA0120E07024E0A06A00EBD5112046A1
:10D48000FFF7A7FA8146B9F1000F01D019E019E0C2
:10D4900040F2FF1101EA850204F138015018FFF74C
:10D4A000D6F966F31B00064640F2FF1101EA850239
:10D4B00004F138015018314600F02AFA0120E070DA
:10D4C00000BF00BF4846BDE8F08700002DE9F047E7
:10D4D00007460C461546984684F80D800F20E072EA
:10D4E00000202073002104F11A0000F01DFA681ECC
:10D4F00000EB800101EBC00900200646824600BF18
:10D500004FF6FF70864204D0484609F1010937F80A
:10D5100010600D4911F80A100819314600F004FA9C
:10D520000EB94FF6FF760AF1010082460D28E7D3C7
:10D530004FF6FF70864202D037F8190008B945F05F
:10D5400040052570BDE8F087240801082DE9F04169
:10D5500004464FF0000800F015FD4948006808B97E
:10D56000FFF75AFD474800682040002870D1D4B129
:10D57000083404F00700B0B104F00700C0F108005F
:10D58000044404F0070008B9012000E0002050B96D
:10D5900000BF502080F31188BFF34F8FBFF36F8F10
:10D5A00000BF00BFFEE7002C52D03748006884421D
:10D5B0004ED8364E3046056801E02E462D68686824
:10D5C000A04202D228680028F7D12D480068854281
:10D5D0003ED0306800F10808286830606868001B99
:10D5E000102819D92F1907F0070008B9012000E009
:10D5F000002050B900BF502080F31188BFF34F8F37
:10D60000BFF36F8F00BF00BFFEE76868001B786044
:10D610006C603846FFF7F4FD1B4968680968081A12
:10D62000194908600846006819490968884203D208
:10D630001548006816490860124968680968084377
:10D6400068600020286013480068401C1149086089
:10D6500001F00CFD08F0070008B9012000E00020EF
:10D6600050B900BF502080F31188BFF34F8FBFF334
:10D670006F8F00BF00BFFEE74046BDE8F0810000AD
:10D68000F4C3012008C40120F8C30120ECC3012029
:10D69000FCC3012000C401200648006830B10549E0
:10D6A000096801F14800896C491C01600148006863
:10D6B00070470000B0C30120001F4FF0807303606B
:10D6C000001F21F001030360001F054B03601438A5
:10D6D0000260001F6FF002030360203870470000F3
:10D6E000D5D200082DE9F04781460E4617464FF087
:10D6F0000008D9F80040022E02D3E069B04202D8F7
:10D700000220BDE8F08767B100BF4FF0FF32394615
:10D710002046FFF73EFE8046B8F1000F01D040469C
:10D72000EFE700BF31464846FEF7E0FE054605B983
:10D7300022E0012D01D10220E3E7681C08B9012095
:10D74000DFE7002231462046FFF723FE8046B8F18E
:10D75000000F01D04046D4E7D4E90610801E814274
:10D7600006D2A069401CA061207940F00100207120
:10D770002E46E069B042D5D800BF0020C1E70000C6
:10D780000146FF22412905DB5A2903DCA1F14100B2
:10D79000C2B286E0612905DB7A2903DCA1F11F0012
:10D7A000C2B27EE0302905DB392903DCA1F1160085
:10D7B000C2B276E008463B295CD012DCA0F1210021
:10D7C0001A286DD2DFE800F030543462366C3248EB
:10D7D0004A3A405A3E5C466C6C6C6C6C6C6C6C6C7F
:10D7E0006C585D283ED010DC3F284BD006DC3C282E
:10D7F0004ED03D282AD03E2852D14BE0402843D07D
:10D800005B282DD05C284BD122E07C2844D006DC5C
:10D810005E2811D05F2813D07B2841D124E07D28D9
:10D8200024D07E283CD139E0242239E0252237E07B
:10D83000262235E0272233E0282231E029222FE07A
:10D840002A222DE02B222BE02C2229E02D2227E07A
:10D850002E2225E02F2223E0302221E031221FE07A
:10D8600032221DE033221BE0342219E0352217E07A
:10D87000362215E0372213E0382211E039220FE07A
:10D880003A220DE03B220BE03C2209E03D2207E07A
:10D890003E2205E03F2203E0402201E0412200BF9A
:10D8A00000BF5C2A15DA0C4802700C480A4B1B7842
:10D8B00050F823000A4B18600A48074B1B78C05CDD
:10D8C000094B18701846007808B90120187001201B
:10D8D00070470020FCE7000004C00120E8040108B4
:10D8E00008C00120580601080CC0012070B506468A
:10D8F0000C461546A9B204F11A0000F015F830786C
:10D90000032804D1290C04F1140000F00DF870BDB7
:10D9100000F8011B090A00F8011B090A00F8011BA5
:10D92000090A00F8011B704700F8011B091200F8F2
:10D93000011B704730B5014600200B2200BF431089
:10D9400003EBC01411F8015B6319D8B2531E1A1E01
:10D95000F5D130BD70B50446204600F043F80546C9
:10D96000002D38D1207803282ED1207901282BD101
:10D970004202002104F13800FFF722F84AF655214F
:10D9800004F23620FFF7D0FF144904F13800FFF706
:10D99000BFFF134904F50770FFF7BAFF04F50870DD
:10D9A000A169FFF7B5FF04F509706169FFF7B0FFE2
:10D9B000606A401C60636078012304F13801626B87
:10D9C000FDF722FF00202071607800221146FDF74C
:10D9D000E1FE00B10125284670BD000052526141B0
:10D9E000727241612DE9F04104460027E078F8B1F8
:10D9F000656B607801232A4604F13801FDF704FFC6
:10DA000008B1012714E00020E070A06A281A216AFA
:10DA100088420DD2A67809E0206A05446078012387
:10DA20002A4604F13801FDF7EFFE761E022EF3D2EE
:10DA30003846BDE8F08170B505460C4645B10C2C62
:10DA400006D00B2C04D00F2C02D02869FEF7B8FAB0
:10DA500070BD01460A69D1E901309860D1E901033E
:10DA600058605068884201D1886850600020086181
:10DA70001068401E1060106870470000034B036080
:10DA8000034B0B60802313607047000048DC0120CB
:10DA90009CDC012000F1080141604FF0FF31816002
:10DAA00000F10801C160016100210160704700219F
:10DAB0000161704710B502460B685C1C0CB9106917
:10DAC00007E002F1080000E04068446824689C42D6
:10DAD000FAD944684C604C68A160886041600A6172
:10DAE0001468641C146010BD42684A6093688B60BF
:10DAF000936859609160086103685B1C036070471C
:10DB000000BF502080F31188BFF34F8FBFF36F8F9A
:10DB100000BF0E480068401C0C49086008460068B9
:10DB2000012812D10A480068C0B208B9012000E0FB
:10DB3000002050B900BF502080F31188BFF34F8FF1
:10DB4000BFF36F8F00BF00BFFEE770470CC401201A
:10DB500004ED00E00D48006850B900BF502080F38C
:10DB60001188BFF34F8FBFF36F8F00BF00BFFEE779
:10DB700006480068401E054908600846006820B94C
:10DB8000002080F3118800BF00BF70470CC4012043
:10DB900070B506463546002E44D0083D2C46224935
:10DBA00060680968084008B1012000E0002050B911
:10DBB00000BF502080F31188BFF34F8FBFF36F8FEA
:10DBC00000BF00BFFEE7206808B9012000E0002088
:10DBD00050B900BF502080F31188BFF34F8FBFF3BF
:10DBE0006F8F00BF00BFFEE70F49606809680840FB
:10DBF000C0B12068B0B90C496068096888436060AA
:10DC000000F0C0F9094960680968084407490860DC
:10DC10002046FFF7F5FA06480068401C04490860F2
:10DC200001F024FA70BD000008C40120F8C30120EF
:10DC300004C4012000204FF0E021086188610648FB
:10DC400000684FF47A71B0FBF1F0401E4FF0E02114
:10DC5000486107200861704794C3012070B5F2F74E
:10DC600069FB0446102C16D304F1E02090F8F05321
:10DC700015480078854201DB012000E0002050B902
:10DC800000BF502080F31188BFF34F8FBFF36F8F19
:10DC900000BF00BFFEE70D48006800F4E0600C49DB
:10DCA0000968884201D8012000E0002050B900BF77
:10DCB000502080F31188BFF34F8FBFF36F8F00BFE9
:10DCC00000BFFEE770BD000010C401200CED00E0B5
:10DCD00014C4012070B50446254655B900BF502034
:10DCE00080F31188BFF34F8FBFF36F8F00BF00BF6A
:10DCF000FEE7284600F008F895F8460010B92846D7
:10DD0000FFF746FF70BD0000014600200EE0094A03
:10DD100002EBC00252688A4207D10022054B43F849
:10DD2000302003EBC0035A6002E0401C0828EED309
:10DD300000BF7047ACE3012070B504460025D4B1A4
:10DD40001248006808B9012000E0002050B900BF67
:10DD5000502080F31188BFF34F8FBFF36F8F00BF48
:10DD600000BFFEE700F00EF900212046FFF704F89F
:10DD700001F07CF905463DB94FF080500449086038
:10DD8000BFF34F8FBFF36F8F70BD0000E8C301205A
:10DD900004ED00E003490968016003490968416036
:10DDA00070470000D8C30120C4C3012001200149ED
:10DDB00008607047D4C3012070B504460D4654B9BD
:10DDC00000BF502080F31188BFF34F8FBFF36F8FD8
:10DDD00000BF00BFFEE70548016818312046FFF785
:10DDE00069FE01212846FEF7C7FF70BDB0C30120C0
:10DDF0002DE9F04706460F4634464FF00109002E44
:10DE000060D0A06C50B900BF502080F31188BFF3E0
:10DE10004F8FBFF36F8F00BF00BFFEE7606CB8424B
:10DE200001D23D4600E0656CE06AA8424AD0A06C91
:10DE3000012847D124480068844201D0012000E035
:10DE4000002050B900BF502080F31188BFF34F8FDE
:10DE5000BFF36F8F00BF00BFFEE7D4F82C80E562F0
:10DE6000A06900F0004010B9C5F10700A06108EBFF
:10DE70008801164A02EB81016069884201D10120C4
:10DE800000E00020F0B1201DFFF7E3FD40B994F859
:10DE90002C10012088400E49096881430C4801601C
:10DEA00094F82C1001208840094909680843084962
:10DEB0000860E16A01EB8101044A02EB8100211D47
:10DEC000FFF712FEBDE8F087B0C30120ECE30120AC
:10DED000C8C3012010B586B000200590049003AAA5
:10DEE00004A905A8FFF7CAFD0022DDE904101346C6
:10DEF000CDE9002102901CA11D48039A00F088FE84
:10DF00001C4908600846006808B1012400E00024AC
:10DF1000012C15D100BF502080F31188BFF34F8F23
:10DF2000BFF36F8F00BF4FF0FF301349086001202F
:10DF30001249086000201249086000F09BF810E0C8
:10DF4000601C08B1012000E0002050B900BF502043
:10DF500080F31188BFF34F8FBFF36F8F00BF00BFF7
:10DF6000FEE706B010BD000049444C45000000002B
:10DF700095D00008E4C30120E0C30120CCC30120F8
:10DF8000C4C3012002480068401C01490860704772
:10DF9000E8C301201D48006818B101201C49086031
:10DFA00032E000201A4908601A480068B0FA80F090
:10DFB000C0F11F0101EB8100174A52F8200008B19F
:10DFC000012000E0002050B900BF502080F31188EC
:10DFD000BFF34F8FBFF36F8F00BF00BFFEE701EBB2
:10DFE00081020D4B03EB820042685268426000F1EF
:10DFF00008024368934202D1426852684260426814
:10E00000D268064B1A6000BF70470000E8C30120C9
:10E01000D4C30120C8C30120ECE30120B0C3012018
:10E0200070B504460D460926E4B12068D0B12068D9
:10E030000078B8B1A0882168C988884212D12068C8
:10E04000FEF717FC68B121684878FDF7CFFB00F0B8
:10E05000010008B9002605E000212068FFF7EBFC6D
:10E0600000E00F260EB9206800E00020286030464E
:10E0700070BD00001CB5524800685249884201D06A
:10E08000012000E0002050B900BF502080F311882B
:10E09000BFF34F8FBFF36F8F00BF00BFFEE748484D
:10E0A00000684849491E884201D0012000E0002054
:10E0B00050B900BF502080F31188BFF34F8FBFF3DA
:10E0C0006F8F00BF00BFFEE73F4908460078019010
:10E0D000FF200A4610700846007800909DF8000066
:10E0E00000F0F0009DF80020904201D1012000E0F6
:10E0F000002050B900BF502080F31188BFF34F8F2C
:10E10000BFF36F8F00BF00BFFEE79DF8000000F077
:10E1100050002E4A107007202D4A106009E02C484C
:10E120000068401E2A4A10609DF800004006000E5C
:10E1300000909DF8000000F080008028EFD0244877
:10E140000068C0F10700042801D1012000E0002090
:10E1500050B900BF502080F31188BFF34F8FBFF339
:10E160006F8F00BF00BFFEE7194800680002184A21
:10E1700010601046008800F4E0601060124A0198B8
:10E1800010700F482030006840F470000C492031B6
:10E1900008600846006840F070400860FFF74AFDDC
:10E1A00000200C490860F2F78DF80B48006840F039
:10E1B000404009490860F2F771F800201CBD0000DA
:10E1C00000ED00E071C20F4100E400E010C4012046
:10E1D00014C401200CC4012034EF00E02DE9F84301
:10E1E00005460E4617460DB1012000E0002050B94B
:10E1F00000BF502080F31188BFF34F8FBFF36F8FA4
:10E2000000BF00BFFEE705FB06F808F14800FFF776
:10E210009DF9044664B1A14609F14809002084F83B
:10E2200046003B464A46314628460094FEF746FFE4
:10E230002046BDE8F8832DE9F84380460E46174690
:10E240001D46DDF82090B8F1000F01D0012000E05C
:10E25000002050B900BF502080F31188BFF34F8FCA
:10E26000BFF36F8F00BF00BFFEE70DB1012000E0DC
:10E27000002050B900BF502080F31188BFF34F8FAA
:10E28000BFF36F8F00BF00BFFEE707B10EB10120E3
:10E2900000E0002050B900BF502080F31188BFF388
:10E2A0004F8FBFF36F8F00BF00BFFEE707B90EB9F6
:10E2B000012000E0002050B900BF502080F31188F9
:10E2C000BFF34F8FBFF36F8F00BF00BFFEE7482043
:10E2D00000900098482801D1012000E0002050B9AA
:10E2E00000BF502080F31188BFF34F8FBFF36F8FB3
:10E2F00000BF00BFFEE700BF2C464CB1012084F8F0
:10E3000046004B463A46314640460094FEF7D6FE5C
:10E310002046BDE8F883000070B505460E462C4641
:10E3200054B900BF502080F31188BFF34F8FBFF363
:10E330006F8F00BF00BFFEE7FFF7E2FBD4E90F12CB
:10E34000206801FB0200A0600020A06320686060DC
:10E35000E06B401E226C216800FB0211E160FF208F
:10E3600084F8440084F845009EB9206908B901206A
:10E3700000E00020A8B904F1100000F02BFE80B1ED
:10E380004FF0805009490860BFF34F8FBFF36F8F84
:10E3900007E004F11000FFF77DFB04F12400FFF714
:10E3A00079FBFFF7D7FB012070BD000004ED00E012
:10E3B0002DE9FF4383B0064688461D464FF000090D
:10E3C000344654B900BF502080F31188BFF34F8FFB
:10E3D000BFF36F8F00BF00BFFEE7B8F1000F01D1A0
:10E3E000206C08B9012000E0002050B900BF502087
:10E3F00080F31188BFF34F8FBFF36F8F00BF00BF53
:10E40000FEE7022D02D1E06B012801D1012000E0DE
:10E41000002050B900BF502080F31188BFF34F8F08
:10E42000BFF36F8F00BF00BFFEE700F04FFC08B9DD
:10E43000059808B9012000E0002050B900BF502025
:10E4400080F31188BFF34F8FBFF36F8F00BF00BF02
:10E45000FEE700BFFFF754FBA06BE16B884201D3DE
:10E46000022D28D12A4641462046FEF764FD074684
:10E47000606A08B9012000E0002068B904F12400B6
:10E4800000F0A8FD88B14FF0805032490860BFF31A
:10E490004F8FBFF36F8F08E03FB14FF080502D4991
:10E4A0000860BFF34F8FBFF36F8FFFF753FB01205F
:10E4B00007B0BDE8F083059818B9FFF74BFB0020C3
:10E4C000F6E7B9F1000F04D101A8FFF763FC4FF0A4
:10E4D0000109FFF73FFBFFF755FDFFF711FB94F92B
:10E4E0004400401C10B9002084F8440094F9450011
:10E4F000401C10B9002084F84500FFF72BFB05A94C
:10E5000001A800F00DFBF0B92046FEF7BAFEA0B15D
:10E5100004F110000599FFF74FFC2046FEF7FAFEC4
:10E5200000F0A4FD002895D14FF080500949086003
:10E53000BFF34F8FBFF36F8F8CE72046FEF7EAFEE5
:10E5400000F094FD86E72046FEF7E4FE00F08EFD25
:10E550000020ADE704ED00E02DE9F84F07468A46BC
:10E5600090461E463C4654B900BF502080F31188A7
:10E57000BFF34F8FBFF36F8F00BF00BFFEE7BAF14D
:10E58000000F01D1206C08B9012000E0002050B933
:10E5900000BF502080F31188BFF34F8FBFF36F8F00
:10E5A00000BF00BFFEE7022E02D1E06B012801D1BF
:10E5B000012000E0002050B900BF502080F31188F6
:10E5C000BFF34F8FBFF36F8F00BF00BFFEE7FFF7B2
:10E5D00045FB00BF5021EFF3118081F31188BFF399
:10E5E0004F8FBFF36F8F00BF0546A06BE16B884272
:10E5F00001D3022E25D194F945B0A06B009032468C
:10E6000051462046FEF797FC0BF1010088B9606A7D
:10E6100008B9012000E0002050B904F1240000F006
:10E62000D9FC28B1B8F1000F02D00120C8F80000D1
:10E6300004E00BF1010040B284F845004FF00109FD
:10E6400001E04FF0000900BF85F3118800BF484684
:10E65000BDE8F88F2DE9F04706460F46344654B919
:10E6600000BF502080F31188BFF34F8FBFF36F8F2F
:10E6700000BF00BFFEE7206C08B9012000E00020C9
:10E6800050B900BF502080F31188BFF34F8FBFF304
:10E690006F8F00BF00BFFEE7206808B9A06808B907
:10E6A000012000E0002050B900BF502080F3118805
:10E6B000BFF34F8FBFF36F8F00BF00BFFEE7FFF7C1
:10E6C000CDFA00BF5021EFF3118081F31188BFF321
:10E6D0004F8FBFF36F8F00BF0546D4F83890E06BC3
:10E6E00048451ED994F945A009F10100A0630AF13B
:10E6F000010070B9606A08B9012000E0002068B923
:10E7000004F1240000F066FC40B13FB10120386004
:10E7100004E00AF1010040B284F845004FF001081E
:10E7200001E04FF0000800BF85F3118800BF4046AC
:10E73000BDE8F0872DE9F74183B005460E464FF05E
:10E7400000082C4654B900BF502080F31188BFF355
:10E750004F8FBFF36F8F00BF00BFFEE70EB9206C75
:10E7600008B9012000E0002050B900BF502080F31C
:10E770001188BFF34F8FBFF36F8F00BF00BFFEE75D
:10E7800000F0A4FA08B9059808B9012000E00020BB
:10E7900050B900BF502080F31188BFF34F8FBFF3F3
:10E7A0006F8F00BF00BFFEE700BFFFF7A9F9A76B9F
:10E7B000F7B131462046FEF7A9FB781EA063206919
:10E7C00008B9012000E0002060B904F1100000F059
:10E7D00001FC38B14FF080502F490860BFF34F8FD4
:10E7E000BFF36F8FFFF7B6F9012006B0BDE8F081E7
:10E7F000059818B9FFF7AEF90020F6E7B8F1000F59
:10E8000004D101A8FFF7C6FA4FF00108FFF7A2F9FB
:10E81000FFF7B8FBFFF774F994F94400401C10B9F6
:10E82000002084F8440094F94500401C10B90020F1
:10E8300084F84500FFF78EF905A901A800F070F9EA
:10E84000F0B92046FEF710FDA0B104F124000599AF
:10E85000FFF7B2FA2046FEF75DFD00F007FC002846
:10E86000A3D14FF080500C490860BFF34F8FBFF326
:10E870006F8F9AE72046FEF74DFD00F0F7FB94E717
:10E880002046FEF747FD00F0F1FB2046FEF7ECFCCA
:10E8900000288AD00020A8E704ED00E02DE9F05F11
:10E8A000064689461746344654B900BF502080F3C7
:10E8B0001188BFF34F8FBFF36F8F00BF00BFFEE71C
:10E8C000B9F1000F01D1206C08B9012000E000204F
:10E8D00050B900BF502080F31188BFF34F8FBFF3B2
:10E8E0006F8F00BF00BFFEE7FFF7B8F900BF5021F0
:10E8F000EFF3118081F31188BFF34F8FBFF36F8F58
:10E9000000BF0546D4F838A0BAF1000F22D094F920
:10E9100044B049462046FEF7F9FAAAF10100A06387
:10E920000BF1010070B9206908B9012000E0002056
:10E9300068B904F1100000F04DFB40B13FB1012077
:10E94000386004E00BF1010040B284F844004FF05D
:10E95000010801E04FF0000800BF85F3118800BFF7
:10E960004046BDE8F09F00002DE9F34182B0054626
:10E970004FF000082C46002654B900BF502080F309
:10E980001188BFF34F8FBFF36F8F00BF00BFFEE74B
:10E99000206C08B9012000E0002050B900BF5020D1
:10E9A00080F31188BFF34F8FBFF36F8F00BF00BF9D
:10E9B000FEE700F08BF908B9039808B9012000E0E0
:10E9C000002050B900BF502080F31188BFF34F8F53
:10E9D000BFF36F8F00BF00BFFEE700BFFFF790F8E7
:10E9E000A76BFFB1781EA063206810B9FEF754FE34
:10E9F000A060206908B9012000E0002060B904F19E
:10EA0000100000F0E7FA38B14FF080504349086039
:10EA1000BFF34F8FBFF36F8FFFF79CF8012004B057
:10EA2000BDE8F081039898B90EB9012000E00020FC
:10EA300050B900BF502080F31188BFF34F8FBFF350
:10EA40006F8F00BF00BFFEE7FFF784F80020E6E706
:10EA5000B8F1000F04D16846FFF79CF94FF00108A8
:10EA6000FFF778F8FFF78EFAFFF74AF894F94400B9
:10EA7000401C10B9002084F8440094F94500401C63
:10EA800010B9002084F84500FFF764F803A9684630
:10EA900000F046F840BB2046FEF7E6FBF0B12068E8
:10EAA00038B9FFF72DF8A06800F038FA0646FFF7EE
:10EAB00051F804F124000399FFF77EF92046FEF790
:10EAC00029FC00F0D3FA002888D14FF08050134978
:10EAD0000860BFF34F8FBFF36F8F7FE72046FEF7CD
:10EAE00019FC00F0C3FA79E72046FEF713FC00F0AA
:10EAF000BDFA2046FEF7B8FB0028EED05EB1FEF767
:10EB0000FFFF2046FEF77EFA07463946A068FFF76A
:10EB10006FF9FFF71FF8002081E7000004ED00E027
:10EB200070B505460C4655B900BF502080F31188DA
:10EB3000BFF34F8FBFF36F8F00BF00BFFEE754B925
:10EB400000BF502080F31188BFF34F8FBFF36F8F4A
:10EB500000BF00BFFEE7FEF7D3FF124802686868F7
:10EB6000131A2068401C08B9002617E00E492868CF
:10EB70000968884204D06868904201D801260DE0F7
:10EB80002068984207D92068C01A20602846FFF7FD
:10EB900001F9002602E0002020600126FEF7DAFFDE
:10EBA000304670BDC4C30120D8C301202DE9FF4FFA
:10EBB00085B0804689461746DDE912ABB800FEF7FE
:10EBC000C5FC064656B15420FEF7C0FC04460CB105
:10EBD000266304E03046FEF7DBFF00E000248CB142
:10EBE000002084F85100CDE900ABCDE902403A465F
:10EBF00049464046089BFEF774FA2046FEF708F99E
:10EC0000012501E04FF0FF35284609B0BDE8F08F3F
:10EC10002DE9F04F85B00746884691469A46DDE9D2
:10EC20000EB6109C0EB1012000E0002050B900BFCC
:10EC3000502080F31188BFF34F8FBFF36F8F00BF59
:10EC400000BFFEE70CB1012000E0002050B900BF7A
:10EC5000502080F31188BFF34F8FBFF36F8F00BF39
:10EC600000BFFEE7542003900398542801D10120EF
:10EC700000E0002050B900BF502080F31188BFF39E
:10EC80004F8FBFF36F8F00BF00BFFEE700BFB4B16F
:10EC9000AEB125462C462E63022085F85100002097
:10ECA00004A953464A46CDE900B1CDE90250414698
:10ECB0003846FEF716FA2846FEF7AAF801E00020CB
:10ECC0000490049805B0BDE8F08F0000054909687C
:10ECD00009B9012005E00449096809B9022000E0EA
:10ECE00000207047CCC30120E8C301200149086817
:10ECF00070470000C4C3012070B5FEF7AFFF0025C8
:10ED000001480468204670BDC4C301202DE9F041CC
:10ED10004FF000084448006800287CD14348006850
:10ED2000451C4248056015BB41480068006808B9A9
:10ED3000012000E0002050B900BF502080F311886E
:10ED4000BFF34F8FBFF36F8F00BF00BFFEE73848A0
:10ED50000768384800683649086036480760364812
:10ED60000068401C34490860FEF79AFA00BF334837
:10ED7000006885423CD300BF2D480068006808B990
:10ED8000012000E0002020B14FF0FF302B49086047
:10ED90002DE027480068C068C4686668B54202D2A2
:10EDA0002648066023E0201DFEF753FEA06A18B136
:10EDB00004F11800FEF74DFE94F82C100120884055
:10EDC0001F49096808431E490860E16A01EB810197
:10EDD0001C4A02EB8100211DFEF786FE1A49E06AFB
:10EDE0000968C96A8842C7D34FF00108C4E700BF69
:10EDF00015480068C06A00EB8000124951F82000F5
:10EE0000012801D94FF001081048006808B14FF0FF
:10EE1000010805E0FFE70E480068401C0C49086047
:10EE20004046BDE8F0810000E8C30120C4C30120D2
:10EE3000B4C30120B8C30120D8C30120E0C301201E
:10EE4000C8C30120ECE30120B0C30120D4C30120DA
:10EE5000D0C3012070B505462C460026002D55D0A4
:10EE60002B480068844201D1012000E0002050B905
:10EE700000BF502080F31188BFF34F8FBFF36F8F17
:10EE800000BF00BFFEE7A06C50B900BF502080F368
:10EE90001188BFF34F8FBFF36F8F00BF00BFFEE736
:10EEA000A06C401EA064616CE06A88422ED0A06C09
:10EEB00060BB201DFEF7CDFD78B9E06A00EB800055
:10EEC000144951F8200040B994F82C1001208840D2
:10EED00011490968814310480160606CE062E06A92
:10EEE000C0F10700A06194F82C10012088400A4965
:10EEF0000968084308490860E16A01EB8101054A95
:10EF000002EB8100211DFEF7EFFD0126304670BDAA
:10EF1000B0C30120ECE30120C8C3012070B5054651
:10EF20002C460026002D4DD02749E06A0968C96AA1
:10EF3000884240D2A06900F0004028B92248006809
:10EF4000C06AC0F10700A061E16A01EB81011F4ABC
:10EF500002EB81016069884201D1012000E00020BC
:10EF600018B3201DFEF775FD40B994F82C10012050
:10EF700088401749096881431548016012480068B4
:10EF8000C06AE06294F82C1001208840104909689A
:10EF900008430F490860E16A01EB81010B4A02EB6B
:10EFA0008100211DFEF7A0FD03E007480068C06A4C
:10EFB000E062012606E00449606C0968C96A88427B
:10EFC00000D20126304670BDB0C30120ECE3012021
:10EFD000C8C3012070B50646F068C46854B900BFC4
:10EFE000502080F31188BFF34F8FBFF36F8F00BFA6
:10EFF00000BFFEE704F11800FEF72BFD154800687E
:10F00000A8B9201DFEF725FD94F82C10012088409A
:10F0100011490968084310490860E16A01EB810160
:10F020000E4A02EB8100211DFEF75EFD04E004F1B3
:10F0300018010B48FEF758FD0A49E06A0968C96AD9
:10F04000884204D9012501200749086000E0002515
:10F05000284670BDE8C30120C8C30120ECE30120AD
:10F06000A0E40120B0C30120D4C3012070B5002466
:10F0700000263648006850B900BF502080F3118840
:10F08000BFF34F8FBFF36F8F00BF00BFFEE7FEF7E8
:10F0900037FD2E480068401E2C490860084600686D
:10F0A00000284FD12A48006800284BD024E0294886
:10F0B000C068C46804F11800FEF7CBFC201DFEF701
:10F0C000C8FC94F82C1001208840234909680843A3
:10F0D00021490860E16A01EB8101204A02EB8100CD
:10F0E000211DFEF701FD1E49E06A0968C96A8842D0
:10F0F00002D301201B4908601648006808B90120A6
:10F1000000E000200028D2D00CB1FEF7C9F8164864
:10F11000056865B100BFFFF7F9FD10B10120114985
:10F1200008606D1E002DF6D100200F4908600D48C3
:10F13000006838B1012630070C490860BFF34F8FD3
:10F14000BFF36F8FFEF706FD304670BDE8C30120A8
:10F15000C0C30120A0E40120C8C30120ECE30120CA
:10F16000B0C30120D4C30120D0C3012004ED00E0CE
:10F1700010B591EA030F48BF83F0004300F1EC8122
:10F18000841A71EB030C05D2121943EB0C03001B1C
:10F1900061EB0C01DFF824E14FEA1154A4EB135C9E
:10F1A0001EEA430F18BF9EEA445F73D023EA0E03A2
:10F1B000DCF1200E21EA045143F4801332D322FA09
:10F1C0000CFE10EB0E0023FA0CFE41EB0E01CCF10D
:10F1D000200E03FA0EFE10EB0E0051F10001B1F506
:10F1E000801FCCF1200E32D201EB045112FA0EF244
:10F1F000BDE8104058BF7047401C38BF5FEA42026C
:10F2000018BF7047002814BF20F0010041F1000131
:10F210004FEA410313F5001F38BF7047A1F1C04109
:10F2200000F08CB9012A43EB0302ACF1200CDCF1B5
:10F230001F0E32BF4FF0000E23FA0CF310EB030049
:10F2400041EB0451B4EB115FD0D0A1EB045101F5B7
:10F25000801149085FEA300001EB04510ED350F1F0
:10F26000000038BF12FA0EFE08D1BDE81040C9E711
:10F27000401C38BF5FEA4202CAD1C3E7BDE8104074
:10F280004FEA410313F5001F38BF7047A1F1C04199
:10F2900000F054B99EEA445F08D011EA5E0FBDE861
:10F2A000104004BF01F0004100207047BDE810404D
:10F2B00070B500F0F5F800BF64FBBE3E0000E0FF53
:10F2C0004FEA41034FEA5353A3F58063D3F11E0382
:10F2D000C8BFD3F1210C0CDD4FF0004242EAC1223D
:10F2E00042EA505232FA03FC8CEAE17CACEBE1706A
:10F2F0007047102BC4BF0020704703F5787CBCF129
:10F30000FF3F04D06FF0004282EA2100704770B5E1
:10F3100000F0C6F84992248000207047F2E710F010
:10F32000004248BF4042B0FA80F310FA03F10AD01D
:10F33000C3F11D0303F580634FEA415002EB035212
:10F3400002EBD12170474FF000007047DFF848C151
:10F3500070B51CEA111E1EBF1CEA13159EEA0C0FA5
:10F3600095EA0C0F00F06F8081EA030423EA4C1346
:10F370004EEAD47E21EA4C1141F4801143F480130B
:10F38000AE44A1FB024CA0FB0365AEF17F7E3619B3
:10F3900055EB0C05A1FB034C4CF10003A0FB021C38
:10F3A00016EB0C06654153F10003094218BF46F005
:10F3B000010613F4007F0BD14FEA03314FEA053009
:10F3C000340341EA155140EA16506FF003020AE097
:10F3D0004FEAC3214FEAC520F40241EA555140EA01
:10F3E00056506FF0020202EB2E4201EB025585EA05
:10F3F000CE710AD05FEA440C18BF24F0004450F1EB
:10F40000000041F1000120EAD47040F2FE7C624528
:10F4100000D270BDA84214BF4FF080444FF040446A
:10F42000002E08BF0024BEF1806FA8BFA1F1C0412B
:10F43000BDE8704080F282804FF0000001F1C041D1
:10F4400001F0004170479EEA0C0F0CEA131518BF3B
:10F4500095EA0C0F06D04FF0000081EA030E0EF083
:10F46000004170BD00F01CF88900013E00F007B8B3
:10F4700000F009B84FEA430C5FEA5C5C08D081EA0F
:10F48000030100F05BB84FEA410C5FEA5C5CF6D127
:10F490004FF00000014970470000FF070000F87FAF
:10F4A0000EF1020E2EF0030E5EF8046B364205D408
:10F4B000012A43EB030515F5001F12D8012841EB83
:10F4C000010C1CF5001F0CD80ED14FEAD17C15F5AC
:10F4D000001F0CEB4C0C0CF1020C08BF4CEBD37C66
:10F4E00004E04FF0080C01E04FEAD37C0CEB4C0534
:10F4F00026FA05F606F00706B6F1040C06D20EEB66
:10F50000860CBDE870404CF0010C6047DFE80CF061
:10F51000090B02024FF000414FF00000A1F500215D
:10F5200070BD19461046012851EB010418BFD4F5EF
:10F53000001484BF002001F0004170BD0808A0F550
:10F5400000114FEA3101704710B591EA030F48BF2F
:10F5500083F000433FF514AE841A71EB030C07D21D
:10F5600012198CF0004C43EB0C03001B61EB0C01F7
:10F57000DFF8A4E14FEA1154A4EB135C1EEA430F39
:10F5800018BF9EEA445F00F0B08023EA6E03524247
:10F5900021EA0451C3EB6E0338BF5B1EDCF1200E81
:10F5A00025D322FA0CFE10EB0E0043FA0CFE41EBC1
:10F5B0000E01CCF1200E03FA0EFE10EB0E0051F1FD
:10F5C0000001CCF1200E29D412FA0EF201EB045105
:10F5D000BDE8104058BF7047401C1CBFB2F1004F3F
:10F5E000704700280CBF491C20F00100704712EB47
:10F5F000020E43EB030218BF4FF0010E4EEA420227
:10F60000ACF1200CDCF11E0E54D943FA0CFE10EBC9
:10F610000E0051F1FF31CCF11E0ED5D50EF1010EC9
:10F6200012FA0EFE404141EB010101EB445C5FEA3E
:10F630005C5C10D910EBDE7001EB045138BFBEF1F9
:10F64000004FBDE8104018BF704700280CBF491C90
:10F6500020F00100704730D24FEAD42C11F5001190
:10F6600024F400641BD0B1FA81F20B3AA41AA41E50
:10F67000D2F12003914030FA03F31943904001EB9B
:10F68000CC71002C01EB0451BDE81040A8BF7047BD
:10F6900001F1C0414FF0000001F000417047B0FAA5
:10F6A00080F310FA03F100D110BDE41A173C4805AD
:10F6B000C90AE4E701EB045110BD491001EB045104
:10F6C000BDE810404FEA300002E04FF00001704703
:10F6D0004A0008BF0042F8D0B2F5001F28BF7047AB
:10F6E00001F000414FF0000070479EEA445F07D0F0
:10F6F00011EA5E0FBDE8104004BF002100207047F2
:10F70000BDE8104070B5FFF7CBFE00BF40DFF63E0E
:10F7100083F00041104670470000E0FF4FF040705A
:10F72000E1EE100A7047000002000100040007002B
:10F7300004000700060001000300040005000400A7
:10F740000300050005000500050005000600040093
:10F75000060004000600010006000100030001008D
:10F760000300010002000200020002000300030087
:10F77000030003000600030002000100020007006E
:10F78000020007000400070004000700050006004F
:10F790000500060005000500050005000400040042
:10F7A000040004000200040004000400050003003B
:10F7B000050003000500020005000200040001002E
:10F7C0000400010002000100020007000200010025
:10F7D0000200010004000100040001000500020015
:10F7E00005000200050003000500030004000400FA
:10F7F00004000400020004000600060005000700E3
:10F8000005000700030007000300070002000600D0
:10F8100002000600020002000200020003000100D4
:10F8200003000100050001000500010006000200C0
:10F8300005000300040004000400040003000400A9
:10F8400003000400020003000200030002000200A3
:10F850000200020003000100030001000400010097
:10F860000400010005000200020001000200070080
:10F87000020007000400070004000700060005005E
:10F880000600050006000300060003000400010056
:10F89000040001000200010005000700050001004E
:10F8A0000500010003000100030001000200020046
:10F8B0000200020002000300020003000300040033
:10F8C0000300040005000400060007000200070012
:10F8D0000200070002000100020001000600010012
:10F8E00002000400050004000600010003000100FE
:10F8F00003000100020002000200020002000400F6
:10F9000002000400030005000300050004000500D8
:10F9100004000500050004000500040004000300C5
:10F9200004000300020003000200010002000700BF
:10F9300002000700060007000200040005000400A2
:10F94000050006000400060004000600040005008F
:10F950000400050004000400030004000500040086
:10F960000400040004000100060006000500070072
:10F97000050007000300070003000700020006005F
:10F980000200060002000200020002000300010063
:10F99000030001000500010005000100060002004F
:10F9A0000600020006000400060004000400040033
:10F9B0000200FFFF0400FFFF0400FFFF050000003E
:10F9C000050000000500030005000300040004001A
:10F9D000040004000300040003000400020003000C
:10F9E0000200030002000200020002000300010006
:10F9F00003000100040001000400010005000200F2
:10FA000002000100020007000600010006000700D6
:10FA100002000400060004000300010003000700C8
:10FA200003000100030003000300030004000400BE
:10FA300004000400050004000500040006000300A3
:10FA4000060003000600010003000100050001009C
:10FA50000400010004000700030007000500070080
:10FA60000400060004000500030004000400040074
:10FA70000400040004000100030001000400010070
:10FA80000500070006000700060006000600020049
:10FA9000060002000500010005000100040001004D
:10FAA0000500070005000600050003000500000032
:10FAB000050000000400FFFF020007000200010033
:10FAC0000200040005000100020004000500070018
:10FAD000030001000300060003000300050004000A
:10FAE00003000300050001000200070002000100FE
:10FAF00002000100060001000300060004000700E8
:10FB000004000700040001000400010004000100DB
:10FB100002000100020007000200070004000400C8
:10FB200004000400060007000600070006000100AC
:10FB300002000100020004000200040003000500AE
:10FB40000300050004000400040004000400010098
:10FB50000400010004000400040004000500050086
:10FB60000500050006000400060004000600010070
:10FB70000200010002000700020007000600010069
:10FB80000600010006000700020001000200050057
:10FB90000200040003000500030005000400050046
:10FBA0000400050005000400050004000500010034
:10FBB000030001000500010005000100060002002D
:10FBC0000600020006000600060006000500070009
:10FBD00005000700030007000300070002000600FD
:10FBE0000200060002000200020002000300010001
:10FBF00003000100040001000400010005000200F0
:10FC000005000200050004000500040004000500D2
:10FC100004000500030005000300050002000400C5
:10FC200002000400020002000200020003000100C2
:10FC300002000100020007000200070005000700A3
:10FC40000500070006000600060006000600050085
:10FC50000600050005000400050004000200040081
:10FC60000200FFFF02000400020004000400040080
:10FC70000400040005000300050003000400020066
:10FC80000400020002000100030001000500010061
:10FC90000500010006000200060002000600060042
:10FCA0000600060005000700050007000300070026
:10FCB0000300070002000600020006000200020026
:10FCC000020002000300010005000300070001001C
:10FCD0000500FFFF05000400050004000300040008
:10FCE00003000400020003000200030002000200FF
:10FCF00002000200030001000300010005000100F2
:10FD000002000100020007000200070005000700D2
:10FD100005000700060006000600060006000500B4
:10FD200006000500050004000500040002000400B0
:10FD300004000400070001000200040003000400A6
:10FD400003000400030001000200010003000100A1
:10FD50000300030004000400040004000500040084
:10FD60000500040006000300060006000500070069
:10FD7000050007000300070003000700020006005B
:10FD80000200060002000500020005000300040056
:10FD90000300040005000400050004000600030041
:10FDA0000600030006000200060002000500010034
:10FDB0000500010003000100030001000200020031
:10FDC000030003000300030003000300020003001C
:10FDD0000200030001000300010003000200020012
:10FDE0000200020003000200030002000300010001
:10FDF00003000100030000000300000002000000F7
:10FE000002000000010001000200070006000700D8
:10FE100004000700040001000200040004000400C4
:10FE200003000500030001000300010003000100BE
:10FE300003000100040001000200070002000200AC
:10FE400002000200030001000300010005000100A0
:10FE5000050001000600020006000200060007007F
:10FE60000200040002000200020002000300010080
:10FE7000030001000400010004000100050002006D
:10FE80000500040005000100020007000400010055
:10FE90000400010006000700020004000300010046
:10FEA0000300010005000400020007000200010039
:10FEB0000200010004000400040004000600010028
:10FEC0000600010006000700020004000200020014
:10FED0000200020003000100030001000400020010
:10FEE00004000200040004000400040004000200F6
:10FEF00004000200050001000500010006000200E8
:10FF000006000200060004000200070006000100CF
:10FF100006000700020001000200040004000100C6
:10FF200004000400020001000200070004000400B5
:10FF3000060007000400040004000400040001009F
:10FF40000200FFFF0500040003000100020004009E
:10FF5000020007000600070006000700020001007B
:10FF60000200010006000100020004000400040079
:10FF7000040004000200010002000100040001006E
:10FF8000030006000300010003000100030001005C
:10FF9000030001000500010005000100060001004A
:10FFA0000600010006000600060006000500070026
:10FFB0000500070003000700030007000300060018
:10FFC000030006000400070004000700040001000D
:10FFD0000300010005000100020006000300070005
:10FFE00003000700050007000500070006000600E3
:10FFF00006000600020001000200010006000100E8
:020000040801F1
:1000000003000700050007000500070006000500C3
:1000100006000500050004000500040003000400BC
:1000200005000400060002000600020005000100B1
:1000300005000100030001000300070002000300A7
:100040000200030006000300060003000400030092
:100050000400010004000700060007000300070079
:100060000300070003000400030004000300040071
:10007000030004000500040005000400060003005E
:100080000600030006000100060001000500010053
:10009000050001000300010006000600050007003E
:1000A0000500070003000700030007000300060027
:1000B000030006000300010003000100030001002B
:1000C0000300010005000100050001000600010019
:1000D00006000100060003000600030005000400FE
:1000E00005000400030004000300070006000700E9
:1000F00006000700050001000500040003000400DD
:1001000003000400030003000300030003000400D5
:1001100003000400030004000300040003000600C1
:1001200003000600030007000300070005000700A6
:100130000500070006000600060006000600040091
:10014000060004000500040005000400060003008A
:100150000600030006000100060001000500010082
:10016000050001000300010003000100030001007D
:100170000300010003000300030003000300040068
:10018000030007000300060003000600030004004C
:100190000300040003000400030004000500040041
:1001A0000500040006000500060001000600050029
:1001B000050004000300040003000400030006001F
:1001C0000300060003000700030007000500070006
:1001D00005000700060006000600060006000400F1
:1001E00006000400050004000500040003000400EC
:1001F0003408DF0C34080F0534081B0334082701CA
:100200003408DF0C3408F7084006DF0C40062701ED
:10021000280ADF0C280A2701B004F708B80BF708F2
:10022000B0040F05B80B0F05B0042701B80BDF0CA5
:100230007805170C4006170C4006170C40064F0BAC
:1002400040064F0B78054F0B78054F0B7805170CC0
:10025000280AB702F00AB702F00AB702F00AEF0163
:10026000F00AEF01280AEF01280AEF01280AB70275
:10027000B00403073408DF0C3408DF0CB80B0307A5
:10028000B004EB0AB80B1B03B80BEB0AB0041B035A
:100290003408DF0C34082701B0040307B80B030748
:1002A000B0042701B80B2701B0040307B80B0307FC
:1002B0003408DF0C34082701B0040307B80B030728
:1002C000B004F708B80BF708B0040F05B80B0F051A
:1002D000B004DF0CB80B2701B0042701B80BDF0C0A
:1002E000280ADF0C4006030740060307280A2701F7
:1002F0004006DF0C280A0307280A030740062701E7
:10030000280ADF0C4006DF0C4006DF0C4006270100
:1003100040062701280A27014006DF0C280ADF0CC7
:10032000280ADF0C280A2701280A2701400627018E
:10033000280ADF0C3408DF0C3408DF0C340803070C
:10034000340803074006030734080307340827016D
:1003500034082701280A27014006DF0C3408DF0C87
:100360003408DF0C3408030734080307280A03079E
:100370003408030734082701340827014006270101
:100380004006DF0C4006F708280ADF0C280AF708A9
:100390003408DF0C3408EB0A34080F05A4062701E3
:1003A0003408DF0C3408F70834080F053408270137
:1003B0003408EF013408270134082701A4065F0040
:1003C0006C07EF01FC08EF01FC08EF01FC082701B6
:1003D000FC0827016C0727016C0727016C07EF0158
:1003E000B004230AB004B30BB004B30B0807DF0C4E
:1003F0000807DF0C6009DF0C6009DF0CB80BB30BDA
:10040000B80BB30BB80BF708B80BF70834083B066A
:1004100034083B06340847043408530234082701E3
:10042000280A0F0598080F0598080F0508079F066A
:1004300008079F0608072F0808072F089808BF0914
:100440009808BF09280A2F08280A2F08280A9F069B
:10045000280A9F06B80B0F05B80B0F05B80B4F0BFA
:10046000B80B4F0B78054F0B78054F0B78057F03C2
:1004700078057F03B80B7F03280ADF0C4006DF0CEA
:100480004006DF0C40062F0840062F08280A2F08D8
:10049000280A2F08280A7F03280A7F0340067F03C3
:1004A00034086F0E3408EF01280ADF0CB00403078C
:1004B000B0040307280A2701B004DF0C280A030749
:1004C000280A0307B00427013408DF0C3408270189
:1004D000B0040F054006F7084006F70898080F0516
:1004E00098080F05280AF70828F7000878F7000889
:1004F000F8F7000868F80008C8F8000828F90008AC
:1005000068F9000800FA000848FA000880FA0008B4
:10051000B8FA0008E8FA000810FB000870FB0008B1
:10052000B0FB000830FC000888FC000800FD000853
:1005300068FD000808FE000838FE000888FE000874
:10054000A8FE000808FF000828FF000850FF000868
:1005500080FF0008C0FF0008D8FF00080000010865
:10056000380001085800010898000108E800010857
:10057000F800010880010108F001010800020108EB
:10058000080201082802010870020108800201081F
:10059000A0020108A8020108B0020108C002010877
:1005A000D0020108D8020108E0020108F0020108A7
:1005B000000301081803010830030108580301086B
:1005C0008003010890030108A0030108B00301089B
:1005D000C0030108E00301082004010878040108B1
:1005E000A8040108B8040108C8040108D0040108DF
:1005F00040F70008C8F7000830F8000898F800082D
:10060000E8F8000840F90008B0F9000818FA0008F6
:1006100060FA0008A0FA0008D0FA0008F8FA00080A
:1006200030FB000888FB0008F0FB000860FC0008B5
:10063000D0FC000838FD0008C0FD000818FE0008C6
:1006400060FE000898FE0008C8FE000818FF0008B9
:1006500040FF000868FF0008030A070604030903B7
:10066000030403020403080609070B02050204023F
:1006700003030803050704080A02110E0201040916
:100680000204010102020101020203030505020244
:10069000020204080B06020201030706070608050A
:1006A0000A060403030308050805060609040502F3
:1006B00008020203F80C0108B197000800000000CE
:1006C0000000000000040000000000000000000026
:1006D0001C0C0108410C0008020000000000000092
:1006E000000400000000000000000000280C0108C9
:1006F000E92B0008000000000000000000040000DA
:100700000000000000000000940C0108A40C010887
:10071000840C0108D00C0108580C0108B40C010825
:10072000C80C0108C00C0108700C0108500C01082D
:10073000680C0108E80C0108600C0108E00C0108D5
:10074000700C0108440C0108380C0108780C0108F1
:10075000F00C0108700C0108340C0108DC0C0108D5
:100760000006101600061016000000000000000031
:100770000102030406070809000000000102030447
:10078000A1910008FD9200087992000809930008E1
:100790000D9200080A0000000200000000000000A6
:1007A000000000004355454141414143454545490D
:1007B000494941414592924F4F4F5555594F554FD9
:1007C0009C4F9E9F41494F55A5A5A6A7A8A9AAAB96
:1007D000ACADAEAFB0B1B2B3B4414141B8B9BABB40
:1007E000BCBDBEBFC0C1C2C3C4C54141C8C9CACBDC
:1007F000CCCDCECFD1D145454549494949D9DADBA0
:10080000DCDD49DF4FE14F4F4F4FE6E8E8555555E6
:100810005959EEEFF0F1F2F3F4F5F6F7F8F9FAFBC7
:10082000FCFDFEFF01030507090E10121416181C2B
:100830001E00010004001000400000010002000042
:100840000100020004000800100020000000C700A2
:10085000FC00E900E200E400E000E500E700EA0057
:10086000EB00E800EF00EE00EC00C400C500C9009A
:10087000E600C600F400F600F200FB00F900FF00FD
:10088000D600DC00F800A300D800D7009201E100F8
:10089000ED00F300FA00F100D100AA00BA00BF0099
:1008A000AE00AC00BD00BC00A100AB00BB009125B8
:1008B0009225932502252425C100C200C000A9006D
:1008C0006325512557255D25A200A5001025142577
:1008D00034252C251C2500253C25E300C3005A2582
:1008E000542569256625602550256C25A400F00057
:1008F000D000CA00CB00C8003101CD00CE00CF002F
:1009000018250C2588258425A600CC008025D30039
:10091000DF00D400D200F500D500B500FE00DE00F7
:10092000DA00DB00D900FD00DD00AF00B400AD004F
:10093000B1001720BE00B600A700F700B800B00055
:10094000A800B700B900B300B200A025A000610064
:100950001A03E0001703F8000703FF000100780105
:100960000001300132010601390110014A012E0156
:100970007901060180014D0043028101820182015B
:100980008401840186018701870189018A018B0125
:100990008B018D018E018F019001910191019301D5
:1009A0009401F60196019701980198013D029B017F
:1009B0009C019D0120029F01A001A001A201A201B2
:1009C000A401A401A601A701A701A901AA01AB01E5
:1009D000AC01AC01AE01AF01AF01B101B201B30195
:1009E000B301B501B501B701B801B801BA01BB0146
:1009F000BC01BC01BE01F701C001C101C201C301BC
:100A0000C401C501C401C701C801C701CA01CB01A6
:100A1000CA01CD011001DD0101008E01DE011201CC
:100A2000F3010300F101F401F401F80128012202AD
:100A300012013A020900652C3B023B023D02662C82
:100A40003F0240024102410246020A0153024000B5
:100A500081018601550289018A0158028F015A02DB
:100A600090015C025D025E025F029301610262021C
:100A700094016402650266026702970196016A02A8
:100A8000622C6C026D026E029C01700271029D016B
:100A9000730274029F0176027702780279027A0269
:100AA0007B027C02642C7E027F02A601810282020C
:100AB000A9018402850286028702AE014402B101C7
:100AC000B20145028D028E028F0290029102B7019F
:100AD0007B030300FD03FE03FF03AC030400860356
:100AE000880389038A03B1031103C2030200A3032D
:100AF000A303C4030803CC0303008C038E038F03FA
:100B0000D8031801F2030A00F903F303F403F50311
:100B1000F603F703F703F903FA03FA03300420039B
:100B200050041007600422018A043601C1040E013A
:100B3000CF040100C004D004440161052604000074
:100B40007D1D0100632C001E9601A01E5A01001F8E
:100B50000806101F0606201F0806301F0806401F43
:100B60000606511F0700591F521F5B1F541F5D1FB0
:100B7000561F5F1F601F0806701F0E00BA1FBB1FA5
:100B8000C81FC91FCA1FCB1FDA1FDB1FF81FF91FA1
:100B9000EA1FEB1FFA1FFB1F801F0806901F0806A5
:100BA000A01F0806B01F0400B81FB91FB21FBC1F4A
:100BB000CC1F0100C31FD01F0206E01F0206E51F65
:100BC0000100EC1FF21F0100FC1F4E210100322129
:100BD00070211002842101008321D0241A05302CB9
:100BE0002F04602C0201672C0601752C0201802C59
:100BF0006401002D260841FF1A03000000000000D8
:100C00006E83F9A22915444ED15727FCC0DD34F577
:100C1000999562DB4190433CAB6351FE6D79546121
:100C2000736B3032000000006D795461736B3033A8
:100C300000000000444D41004350552053504545AD
:100C40004400000044524157204D4F4445000000ED
:100C5000534E414B4500000047414D450000000008
:100C6000524143494E470000425245414B0000006B
:100C70004241434B000000004A554D502044574527
:100C80004C4C0000544558542042524F5753455243
:100C9000000000004D5553494320504C41594552E6
:100CA00000000000564944454F20504C41594552E0
:100CB0000000000053455454494E475300000000C3
:100CC000455849540000000041424F55540000006F
:100CD000444542554720494E505554004350550015
:100CE00052554E54494E5900464C415050590000FF
:100CF00044454E534954590064656661756C74549B
:100D000061736B00340D010800C00120180400005D
:100D1000C4010008340D0108000000201CB60100C9
:100D200020020008380E010818C40120082800001D
:100D300020020008E11A6402A1320A2B900116B1C8
:100D400022105A281C49322112A0D23C1AF43441F4
:100D5000031A05FFC93279169F3C414145454A01B6
:100D60007A48013C464645011A43012C45453E015F
:100D7000111A40013C3E3E3C0139232924292129F6
:100D8000232B4541011169033A4160190319642974
:100D900001792749337939491E39592901190949F6
:100DA00060A901197B191BA942197B1901134A4A31
:100DB00079B449484993498D4930A901493989E4B1
:100DC000124869EC11A93949901901490C4999A9AE
:100DD00001794B79011987498A7990491879E7791E
:100DE0005A091001493C69CC299349BD4990091021
:100DF00001092E30198719DF4981A9C60910181376
:100E00003C3C4C3C3C3C96C96CE901497849E709BB
:100E100016E42A5A010117DA030809162001482AA4
:100E2000010419051AFF01815A1018114B24F40806
:080E3000016F1AAA0181000004
:040000050800018965
:00000001FF
